day,window_idx,rul,current_rms,current_std,current_max,spike_freq
0,0,179,9.981802755308465,0.35588154197764454,10.762894721439189,0.0
0,1,179,9.996758731999318,0.3302604752694713,10.622365086618357,0.0
0,2,179,10.022534542768936,0.27970707500475783,10.557816449875098,0.0
0,3,179,10.051218778192261,0.31386543000386874,10.679982123516444,0.0
0,4,179,10.013502237099438,0.33022908923959937,10.679982123516444,0.0
0,5,179,10.052720627838918,0.2954091688322239,10.902265624337073,0.0
0,6,179,10.00238838867411,0.3194765389528266,10.902265624337073,0.0
0,7,179,9.937301772832773,0.28993285290826437,10.650265891122867,0.0
0,8,179,9.970347276737122,0.27861599842715035,10.650265891122867,0.0
0,9,179,10.01239006780695,0.3333611484280644,10.636530108943475,0.0
0,10,179,10.052797745859902,0.318892141863413,10.64162626432294,0.0
0,11,179,9.991865045634603,0.29956277447040064,10.64162626432294,0.0
0,12,179,9.970994612922798,0.2884925816216133,10.543130272749229,0.0
0,13,179,10.047181157553467,0.32576732373735623,11.090475089780016,0.0
0,14,179,10.056884143609235,0.3212864573603873,11.090475089780016,0.0
0,15,179,10.032821190806759,0.2713302408079244,10.625697894292486,0.0
0,16,179,10.048111730653202,0.31121644811568183,10.625697894292486,0.0
0,17,179,9.99284717232693,0.3091256682991969,10.54068836467157,0.0
0,18,179,9.990616241698431,0.26199838031860256,10.454341926741884,0.0
0,19,179,10.004914326015278,0.2807697819657859,10.502006256623796,0.0
0,20,179,9.99610745845152,0.27939168702854406,10.502006256623796,0.0
0,21,179,9.975015423207042,0.26527565786827934,10.474548441848096,0.0
0,22,179,9.95588966102207,0.2907097940498486,10.650609969199314,0.0
0,23,179,10.036750244624448,0.3096258641786854,10.808343276500809,0.0
0,24,179,10.041816506729393,0.3221210961190851,10.808343276500809,0.0
0,25,179,9.961619305148174,0.27519953073825487,10.751546225097538,0.0
0,26,179,9.945385016445535,0.2902573229590886,10.74703465935835,0.0
0,27,179,9.977567863620449,0.30460907044105673,10.74703465935835,0.0
0,28,179,10.035289992828675,0.25009756534762684,10.65716556274499,0.0
0,29,179,10.036184635644899,0.3166951802301084,10.617235878844307,0.0
0,30,179,10.017310701577264,0.32117013476381123,10.784931238136313,0.0
0,31,179,10.011295738446824,0.2957408864573917,10.784931238136313,0.0
0,32,179,10.006917840871912,0.3379092672662051,10.755473234969411,0.0
0,33,179,10.063774452035263,0.3110224729515791,10.703216435703755,0.0
0,34,179,9.979332374630028,0.2663494977952504,10.699252199355387,0.0
0,35,179,9.958229131648597,0.26887439773331273,10.697454871370443,0.0
0,36,179,10.013463653661137,0.3094923694911005,10.697454871370443,0.0
0,37,179,10.037642629586633,0.3221330515113336,10.702062039269949,0.0
0,38,179,10.062624668922005,0.33446837626948533,10.702062039269949,0.0
0,39,179,10.000295736455431,0.37799662720253646,10.884013003492887,0.0
0,40,179,9.966888773414732,0.3629584330788161,10.884013003492887,0.0
0,41,179,10.009836489246666,0.3097729390806556,10.704314310168218,0.0
0,42,179,10.006355855008268,0.2773595572447533,10.582708774136188,0.0
0,43,179,9.966198654866876,0.2871700159293372,10.735530254503377,0.0
0,44,179,9.99940385741282,0.3254269641271239,10.825120727990415,0.0
0,45,179,10.000457928514429,0.36704800625505635,10.857950433003854,0.0
0,46,179,9.92507127425208,0.34410292356489447,10.857950433003854,0.0
1,0,178,9.979020834532578,0.2744346502306732,10.54105593201953,0.0
1,1,178,9.991414440592536,0.27657435296525884,10.567914449192445,0.0
1,2,178,10.00529616049294,0.260567249740377,10.567914449192445,0.0
1,3,178,10.044362324781707,0.2756171548859877,10.577203774712034,0.0
1,4,178,10.044871543524724,0.29310665030792327,10.630148694468453,0.0
1,5,178,10.022647665784833,0.27966516986764073,10.630148694468453,0.0
1,6,178,10.013307115905302,0.2787989801010404,10.485447827099422,0.0
1,7,178,10.02228648323011,0.25379193711145176,10.485447827099422,0.0
1,8,178,9.965162014282006,0.27733717386455536,10.560099818428377,0.0
1,9,178,9.991064445205122,0.35508280756975796,10.76191913397961,0.0
1,10,178,9.974615109432195,0.34643041484079207,10.76191913397961,0.0
1,11,178,9.922833639219839,0.30434526651054233,10.620871485216075,0.0
1,12,178,10.013539325343972,0.28172128465488877,10.620871485216075,0.0
1,13,178,10.061097802496795,0.2907214935697415,10.938406184880426,0.0
1,14,178,10.05097709878231,0.3033472186946999,10.938406184880426,0.0
1,15,178,10.016631353426266,0.27808476010132954,10.757510980291759,0.0
1,16,178,10.009504158929486,0.31283372786762154,10.780412921271747,0.0
1,17,178,9.99182023765329,0.30572013806659076,10.780412921271747,0.0
1,18,178,9.965285379904604,0.24405792269263776,10.491470546765516,0.0
1,19,178,10.026069096023882,0.29693346412613403,10.592410161790275,0.0
1,20,178,10.038313425238643,0.3422519148278586,10.740689946032056,0.0
1,21,178,9.993595492013927,0.3012708577297372,10.740689946032056,0.0
1,22,178,10.015078656512427,0.2831883802619696,10.603509471354426,0.0
1,23,178,10.028025283015136,0.28464576386418383,10.603509471354426,0.0
1,24,178,9.995899149705906,0.3065580735283387,10.568341686551744,0.0
1,25,178,9.951716225295428,0.304178511064679,10.568341686551744,0.0
1,26,178,9.954919839780397,0.30003566090071426,10.529381613753111,0.0
1,27,178,9.97203234811036,0.28957520576785933,10.529381613753111,0.0
1,28,178,10.012376881733301,0.2903922835858927,10.700837703073715,0.0
1,29,178,10.042498916300122,0.27413284311810004,10.700837703073715,0.0
1,30,178,9.99536501626922,0.24115048896689115,10.458021474578727,0.0
1,31,178,9.992206963475871,0.26965531793836933,10.609508014630196,0.0
1,32,178,10.013908049357251,0.3050045773031883,10.609508014630196,0.0
1,33,178,9.978240456902153,0.2951046075377523,10.555607963416751,0.0
1,34,178,9.9611059056462,0.26494409019131737,10.536640956733685,0.0
1,35,178,10.010858587879785,0.2956034826955984,10.847509321873147,0.0
1,36,178,10.013227079146741,0.29277784747152336,10.847509321873147,0.0
1,37,178,9.970387327808904,0.28133445224139164,10.58632549831046,0.0
1,38,178,10.016494454272818,0.28068154511333504,10.58632549831046,0.0
1,39,178,10.029151460784295,0.2507866386566361,10.493808928327546,0.0
1,40,178,9.949976954922892,0.2785016457217256,10.56727893378996,0.0
1,41,178,9.965817642452912,0.3276489535125449,10.666445333351353,0.0
1,42,178,10.016028438979475,0.31398018169673786,10.666445333351353,0.0
1,43,178,10.000776168401336,0.26494422307074916,10.57398330556058,0.0
1,44,178,9.935883692154304,0.28857835624546857,10.448947009005566,0.0
1,45,178,9.92724532316884,0.30795716130327194,10.6515808436548,0.0
1,46,178,9.966807914147484,0.2707339339117928,10.6515808436548,0.0
2,0,177,9.978556781005516,0.3072504531523141,10.651991816264964,0.0
2,1,177,10.038145580930138,0.289293998558406,10.65481117678852,0.0
2,2,177,10.06800066676384,0.3200942814455489,10.807534458600687,0.0
2,3,177,10.023965512247552,0.3078637262469264,10.807534458600687,0.0
2,4,177,9.988298061951312,0.29657225727015146,10.760226714533024,0.0
2,5,177,10.01734982304394,0.3009049449193167,10.760226714533024,0.0
2,6,177,10.026006488671213,0.2887364415286502,10.72061391559845,0.0
2,7,177,10.017577214701337,0.30086429790699054,10.72061391559845,0.0
2,8,177,9.996228628208367,0.27938509350488666,10.632089740229956,0.0
2,9,177,9.952248723186123,0.2538413344588549,10.56610033923564,0.0
2,10,177,10.012606454835405,0.27467748710826734,10.809293920184396,0.0
2,11,177,10.031699620122897,0.2965006312440815,10.922460713230794,0.0
2,12,177,10.024665661151612,0.318878210611069,10.922460713230794,0.0
2,13,177,10.047186248980783,0.30187607701789915,10.598896465505554,0.0
2,14,177,9.992563007457571,0.28191428688312037,10.598896465505554,0.0
2,15,177,9.932695209911572,0.28642280492760397,10.677912305480262,0.0
2,16,177,9.949257618666868,0.3081182595381133,10.677912305480262,0.0
2,17,177,10.020409982876181,0.3153596520315663,10.671834983911266,0.0
2,18,177,10.020638970903581,0.2999397495176547,10.671834983911266,0.0
2,19,177,9.978144793314751,0.2710260619417153,10.658077164990171,0.0
2,20,177,9.933920266690059,0.3007474672763033,10.627089419333586,0.0
2,21,177,9.964167515828503,0.281749325851805,10.569700211139793,0.0
2,22,177,10.007729422323893,0.28558791497099867,10.74271324008288,0.0
2,23,177,9.945136976482276,0.3176740896917896,10.74271324008288,0.0
2,24,177,9.966467213245037,0.27527197334473824,10.56201553956562,0.0
2,25,177,10.041330379094001,0.2740296129720363,10.57738958008962,0.0
2,26,177,10.05359162769528,0.3025269148393356,10.732534009320094,0.0
2,27,177,10.02719401903352,0.31273566052102875,10.732534009320094,0.0
2,28,177,9.976488791609647,0.2814974581744846,10.705454891244326,0.0
2,29,177,9.959940855876658,0.26912496854947054,10.538917687419909,0.0
2,30,177,9.954322102073068,0.2710231105097573,10.51045045506728,0.0
2,31,177,9.929318657432523,0.25873349588384553,10.487918252390504,0.0
2,32,177,9.975420916070638,0.2938992719673674,10.544775868075577,0.0
2,33,177,10.061434189286826,0.2923759552886279,10.631900807309252,0.0
2,34,177,10.031263192122696,0.31146246220637325,11.16043052275569,0.0
2,35,177,9.955746852953476,0.2783314482104667,11.16043052275569,0.0
2,36,177,9.93985051606096,0.2319944113623506,10.592639204945476,0.0
2,37,177,9.986885113791024,0.28555187160353995,10.673174826551712,0.0
2,38,177,10.014977294097182,0.2746583256495511,10.673174826551712,0.0
2,39,177,10.031611558400662,0.28613484880354084,10.781077920862097,0.0
2,40,177,10.03057503048849,0.30469367150708776,10.781077920862097,0.0
2,41,177,9.944884687008495,0.27644647463073685,10.522138867066312,0.0
2,42,177,9.969820340023277,0.2692456414947763,10.75654364899033,0.0
2,43,177,10.04650840885577,0.27331063800864475,10.75654364899033,0.0
2,44,177,10.057933859330824,0.32439491568201895,10.78664450333214,0.0
2,45,177,10.033657767359516,0.33658687518178515,10.78664450333214,0.0
2,46,177,9.96902195805383,0.2916606769484776,10.64127848927828,0.0
3,0,176,10.0733055186517,0.3020083454621671,10.858145064347498,0.0
3,1,176,10.03305737478565,0.33134719918283084,10.701059623600527,0.0
3,2,176,9.962996266106142,0.3827325106316141,10.971222543836848,0.0
3,3,176,9.95993173409333,0.353081413220051,10.971222543836848,0.0
3,4,176,9.971212516902911,0.2949096203779027,10.585498840258133,0.0
3,5,176,9.981336792382793,0.31484133452446567,10.633961619750892,0.0
3,6,176,10.037385494677327,0.31658240701805396,10.695604712808121,0.0
3,7,176,10.05167935287543,0.28724592131505033,10.695604712808121,0.0
3,8,176,10.013808038292378,0.2885091012647401,10.595569520481154,0.0
3,9,176,10.004277525634684,0.3008194996110693,10.625641671308797,0.0
3,10,176,9.99603788207181,0.307540370047362,10.788224319033498,0.0
3,11,176,10.023098931978245,0.3048411174137238,10.788224319033498,0.0
3,12,176,9.98411834676821,0.2890740995019667,10.733726717457092,0.0
3,13,176,9.967932080034316,0.3072796945424325,10.950967577144434,0.0
3,14,176,10.004473177214738,0.3134403294289248,10.950967577144434,0.0
3,15,176,10.003085068589627,0.25291681482634826,10.583118721486816,0.0
3,16,176,10.022508003411742,0.2447778899477184,10.45592656006365,0.0
3,17,176,9.983721372165006,0.30412297742015787,10.878393576545546,0.0
3,18,176,9.993959068855833,0.3253670497390139,10.878393576545546,0.0
3,19,176,10.06392391234179,0.26542214100734496,10.585643009271925,0.0
3,20,176,10.033773013457724,0.2977515159219145,10.730242979857325,0.0
3,21,176,10.034431090896872,0.35266161860223666,10.895145905212367,0.0
3,22,176,10.025962444875086,0.3310899043962199,10.895145905212367,0.0
3,23,176,10.031481256390721,0.3088706504195637,10.55814559341866,0.0
3,24,176,10.05859329059692,0.32092916798592536,10.698905864188022,0.0
3,25,176,10.005542545626414,0.3212703325416899,10.698905864188022,0.0
3,26,176,9.940391186623913,0.28448487114074317,10.633173070261071,0.0
3,27,176,9.938019508542105,0.30380966213442423,10.609723511780668,0.0
3,28,176,9.983505378367232,0.29572043844458573,10.609723511780668,0.0
3,29,176,9.951259489562785,0.2666046126816713,10.481694521633214,0.0
3,30,176,9.970477203230324,0.3090159174913661,10.650624689991691,0.0
3,31,176,10.031523230780103,0.3314627304986,10.701800751045795,0.0
3,32,176,10.046573162776761,0.3113353597591562,10.701800751045795,0.0
3,33,176,10.010256016115559,0.2731104394303012,10.552626709352056,0.0
3,34,176,9.990455696483652,0.30904386232190006,10.85111421867339,0.0
3,35,176,10.006464681046978,0.3473737905718953,10.85111421867339,0.0
3,36,176,9.983932648345549,0.3270050165411435,10.652172045811433,0.0
3,37,176,9.979027401674918,0.2968586627240385,10.535781963643934,0.0
3,38,176,10.053332427769066,0.3210998534608151,10.754786842139826,0.0
3,39,176,10.04312032972029,0.3224172849494944,10.754786842139826,0.0
3,40,176,9.979189373185509,0.31971239134640217,10.822605773174782,0.0
3,41,176,9.97879712255572,0.3410304490573453,10.838053796015776,0.0
3,42,176,10.007331726987292,0.31973249451928926,10.838053796015776,0.0
3,43,176,10.011305868513496,0.2965261447629216,10.733527878073225,0.0
3,44,176,9.926436247334506,0.2756912952202658,10.733527878073225,0.0
3,45,176,9.936694719553593,0.31051144034020794,10.658137810708817,0.0
3,46,176,9.970057430697894,0.3360230356142457,10.658137810708817,0.0
4,0,175,9.99398393916894,0.2862380349834365,10.710516128937579,0.0
4,1,175,10.000313646352803,0.2850246102994949,10.710516128937579,0.0
4,2,175,10.051267801988924,0.2726540345570491,10.542813625472911,0.0
4,3,175,10.06747610851472,0.28184651221507934,10.602446462624195,0.0
4,4,175,10.061645182010562,0.26386766642498455,10.742797014216197,0.0
4,5,175,10.03324862038397,0.2869528650460708,10.742797014216197,0.0
4,6,175,10.014039937050171,0.30151822401883216,10.556321844291727,0.0
4,7,175,10.023697223666275,0.29382222085619836,10.556321844291727,0.0
4,8,175,9.96714327032226,0.29986598971018613,10.617253298541769,0.0
4,9,175,9.95894677250416,0.3320750081298435,10.617253298541769,0.0
4,10,175,9.985744787726906,0.3251308490410561,10.585383847911201,0.0
4,11,175,9.99848984427044,0.31360294061019867,10.78810624462896,0.0
4,12,175,10.012236437085887,0.29801361290457296,10.78810624462896,0.0
4,13,175,10.02736278600408,0.26503694221175444,10.53769750065795,0.0
4,14,175,10.016700215114575,0.28247948136176976,10.549621367977842,0.0
4,15,175,9.994046328256573,0.28904591500708976,10.724951951429633,0.0
4,16,175,9.97332172603534,0.3245453134356725,10.724951951429633,0.0
4,17,175,9.961935594885658,0.32439924078689847,10.579580699294441,0.0
4,18,175,10.0230023391295,0.2960919007562323,10.931532071898394,0.0
4,19,175,10.064710180234888,0.26114928958425404,10.931532071898394,0.0
4,20,175,10.074237804065875,0.2840354679455532,10.725974748364417,0.0
4,21,175,10.107119186866495,0.29475903813448606,10.725974748364417,0.0
4,22,175,10.045846413850555,0.32432322740714636,10.70353622439587,0.0
4,23,175,9.978911756134895,0.32936168501314755,10.70353622439587,0.0
4,24,175,9.92150337958775,0.3134143764970708,10.601908758642558,0.0
4,25,175,9.90874766330291,0.341687211926335,10.601908758642558,0.0
4,26,175,9.932504084398113,0.3096158991566792,10.494346418072842,0.0
4,27,175,9.95995735705726,0.27958394897968186,10.623514236862844,0.0
4,28,175,10.032594108001893,0.28922451105866837,10.92529524376587,0.0
4,29,175,10.053501945067584,0.24243743842900778,10.92529524376587,0.0
4,30,175,9.98653824734138,0.25131581545408954,10.82645443915592,0.0
4,31,175,9.971574270819357,0.28295103649265,10.82645443915592,0.0
4,32,175,10.002448825395591,0.2857920598012767,10.503519634082108,0.0
4,33,175,9.992524705621753,0.29191755695418603,10.548525093369516,0.0
4,34,175,9.966505414861604,0.2991184005918143,10.548525093369516,0.0
4,35,175,9.977913359457371,0.2863438353844214,10.5263353394676,0.0
4,36,175,9.99923545078772,0.26080308639661975,10.513568132043066,0.0
4,37,175,9.96015160621909,0.26824363330476175,10.678787576079369,0.0
4,38,175,9.977972567718936,0.29999425416106873,10.734913869823362,0.0
4,39,175,10.027979873505325,0.2896883405318904,10.734913869823362,0.0
4,40,175,10.016450217435105,0.2655986597098551,10.588529550947042,0.0
4,41,175,10.013281810991712,0.3264672380306917,10.934544965311,0.0
4,42,175,10.002179643619707,0.3291948914293918,10.934544965311,0.0
4,43,175,10.000587442065921,0.2735174693279239,10.540174712084436,0.0
4,44,175,9.999101781551111,0.27375274378731845,10.571920646075958,0.0
4,45,175,9.953041943210563,0.3074353187918346,10.571920646075958,0.0
4,46,175,9.94242231597086,0.3112724275642865,10.576362639279413,0.0
5,0,174,10.017349072178435,0.32566195269800235,10.74579817033447,0.0
5,1,174,9.985176821499776,0.3223684339414609,10.74579817033447,0.0
5,2,174,9.965599171824284,0.24527386969246132,10.577080133110972,0.0
5,3,174,9.943560442457645,0.24668369759665018,10.575131873884771,0.0
5,4,174,9.982660306994012,0.26584227627632884,10.71277917728987,0.0
5,5,174,10.078992514176488,0.28666811677104354,10.71277917728987,0.0
5,6,174,10.033950038121274,0.3348165068636841,10.764328519451812,0.0
5,7,174,9.89487562806434,0.34651894604924716,10.807179145859399,0.0
5,8,174,9.92290498816797,0.3079141843734205,10.807179145859399,0.0
5,9,174,10.062710449498454,0.2917242864737663,10.784744700942245,0.0
5,10,174,10.066213652335033,0.3149238726660057,10.784744700942245,0.0
5,11,174,10.000778030602984,0.3256805883630272,10.690769539289427,0.0
5,12,174,10.057718869144587,0.3133345093122673,10.690769539289427,0.0
5,13,174,10.082069336522569,0.2913897983856502,10.704221810903517,0.0
5,14,174,10.025477697281602,0.335311608109708,10.791560891993528,0.0
5,15,174,10.03619578348285,0.3181258461522916,10.791560891993528,0.0
5,16,174,10.055427746224316,0.3048691918746666,10.840021886614883,0.0
5,17,174,10.009171210622277,0.29934660704385196,10.840021886614883,0.0
5,18,174,9.97831056716744,0.2880501588633403,10.854192460291518,0.0
5,19,174,9.963030366254857,0.2953051861385622,10.854192460291518,0.0
5,20,174,9.962564372842447,0.3041096184443819,10.610862661548502,0.0
5,21,174,9.943347345794843,0.3010184539366501,10.610862661548502,0.0
5,22,174,9.991463027281007,0.3232864693246493,10.872204705621865,0.0
5,23,174,10.05977713548249,0.31698137173803226,10.95443182600146,0.0
5,24,174,10.045160455696905,0.30028219689712615,10.95443182600146,0.0
5,25,174,10.000484256170765,0.3250652194608478,10.781436435116156,0.0
5,26,174,9.981769347693774,0.33434862416571565,10.87629845188672,0.0
5,27,174,9.96384450292684,0.3037950163179287,10.87629845188672,0.0
5,28,174,9.982304666773183,0.28411722087956554,10.477907517960336,0.0
5,29,174,9.983578732906109,0.3106455190102486,10.649075324439552,0.0
5,30,174,9.968756854343642,0.3307157760312001,10.649075324439552,0.0
5,31,174,9.991649079395534,0.310340304569101,10.542754898659767,0.0
5,32,174,9.955507751246103,0.2916638493104582,10.45220558382456,0.0
5,33,174,9.922273647043575,0.29775035770327196,10.51627661193668,0.0
5,34,174,9.940643028587111,0.29610755175330583,10.636123927186384,0.0
5,35,174,9.955491655036907,0.2899899385981086,10.636123927186384,0.0
5,36,174,9.936375390355881,0.2646109648393319,10.523155799732013,0.0
5,37,174,10.01271989857157,0.3061360142186494,10.815658491177514,0.0
5,38,174,10.023867821870267,0.3109952190012957,10.815658491177514,0.0
5,39,174,10.019300715080616,0.29810423090240024,10.67104467308932,0.0
5,40,174,10.030450722755692,0.3083582873605994,10.67104467308932,0.0
5,41,174,9.940750646476248,0.27177984825827967,10.627954649760063,0.0
5,42,174,9.966501989551693,0.25366325611113877,10.516604177793694,0.0
5,43,174,10.018047439102236,0.25821576006572794,10.516604177793694,0.0
5,44,174,9.996369033636954,0.2666996239688442,10.588659038460081,0.0
5,45,174,9.995239791632045,0.25203805427869436,10.588659038460081,0.0
5,46,174,9.987949865266305,0.2569543577258643,10.591252626461676,0.0
6,0,173,10.040248846806179,0.2737241787275275,10.609454822988354,0.0
6,1,173,9.988509140973644,0.3093111695644477,11.028154958787864,0.0
6,2,173,9.999172223301276,0.3048813986215679,11.028154958787864,0.0
6,3,173,10.033208614915653,0.2937703722981511,10.755956533506229,0.0
6,4,173,10.027183816399871,0.309214252173468,10.755956533506229,0.0
6,5,173,9.93570729493257,0.2900654419151409,10.587752543911284,0.0
6,6,173,9.919301436061886,0.3011313212699641,10.50572589489368,0.0
6,7,173,10.023244253771528,0.29622190623724476,10.702535289943963,0.0
6,8,173,10.000061701528407,0.28775005257368963,10.702535289943963,0.0
6,9,173,9.995261071879153,0.3076402840312183,10.735468385467486,0.0
6,10,173,9.99706759617296,0.30997570612697334,10.735468385467486,0.0
6,11,173,9.93355786554172,0.28858157708298776,10.575794249205067,0.0
6,12,173,10.022938472644546,0.28382745146324156,10.635786172004229,0.0
6,13,173,10.100275480015274,0.29206793195703595,11.000806116789258,0.0
6,14,173,10.01633615649805,0.2955946675071919,11.000806116789258,0.0
6,15,173,9.938722978007094,0.30286440237048734,10.624918803956781,0.0
6,16,173,9.98909485839921,0.3141151060980879,10.624918803956781,0.0
6,17,173,9.967899054553438,0.2977223035525443,10.5229146545643,0.0
6,18,173,9.99439989217968,0.31815469416282993,10.623539640217025,0.0
6,19,173,10.022364244470808,0.2898627575017584,10.623539640217025,0.0
6,20,173,9.957253217450907,0.3026042484169969,10.61918485385992,0.0
6,21,173,9.996469411139458,0.31310487847831375,10.59242303128962,0.0
6,22,173,10.078792144438228,0.30451052614494156,10.839226687107995,0.0
6,23,173,10.02954893780451,0.3239486627010795,10.839226687107995,0.0
6,24,173,10.023061111792892,0.3148545857664639,10.768095538391274,0.0
6,25,173,10.024515470535793,0.3034852024788842,10.768095538391274,0.0
6,26,173,10.025038786392923,0.26569990527967463,10.481240795151223,0.0
6,27,173,10.06185711702256,0.26917344397768145,10.681712595160086,0.0
6,28,173,9.976820243628996,0.29870623784267036,10.681712595160086,0.0
6,29,173,9.956102152194056,0.28347174506215844,10.588179646301157,0.0
6,30,173,9.979452841758457,0.2698567660047855,10.52724214223759,0.0
6,31,173,10.006104579204166,0.2720922101321728,10.524525617140306,0.0
6,32,173,10.008895812888438,0.28001185282569846,10.596073897313438,0.0
6,33,173,9.977544078730732,0.3049613312390752,10.596073897313438,0.0
6,34,173,9.986199264564727,0.30186071706882456,10.5681591264143,0.0
6,35,173,9.99135320640095,0.31803465364396055,10.72869508958617,0.0
6,36,173,9.982348069152799,0.28756716284498285,10.72869508958617,0.0
6,37,173,10.043820409553641,0.2766766629659046,10.645476001517919,0.0
6,38,173,10.008813873578385,0.32409401361420775,10.7056919221108,0.0
6,39,173,9.978668068944469,0.3181598416949357,10.767551133735768,0.0
6,40,173,10.050461885037597,0.31480483563756445,10.807189855003168,0.0
6,41,173,10.016490611682714,0.2895374339231395,10.807189855003168,0.0
6,42,173,9.999094551058425,0.284617285434171,10.834910001711854,0.0
6,43,173,10.027550859356179,0.306133006883641,10.834910001711854,0.0
6,44,173,10.005331859134468,0.31826603401475645,10.82378166517441,0.0
6,45,173,9.980411210664787,0.2914907830129195,10.82378166517441,0.0
6,46,173,9.996031355870754,0.27607764952265795,10.555141325684865,0.0
7,0,172,10.028244079227928,0.3023752721503454,10.766146944389437,0.0
7,1,172,10.102458779404516,0.3262521547700351,10.766146944389437,0.0
7,2,172,10.062416306385895,0.29635497882431067,10.65095841411487,0.0
7,3,172,10.048361586401887,0.2820211763844488,10.766985859508077,0.0
7,4,172,10.04047300135156,0.26101156607892895,10.766985859508077,0.0
7,5,172,9.986824252166981,0.26999489067577415,10.569608246764226,0.0
7,6,172,9.954486261144194,0.2948595756314947,10.5961543431254,0.0
7,7,172,9.959118318372248,0.2889232143116033,10.696139942751554,0.0
7,8,172,9.956043024659998,0.2718024190282891,10.696139942751554,0.0
7,9,172,9.971534658430363,0.2939163098208181,10.500785002318523,0.0
7,10,172,10.052749613236362,0.3486173993231207,11.21352592705203,0.0
7,11,172,10.056495552421818,0.36598273538260523,11.21352592705203,0.0
7,12,172,10.001053038516655,0.3260699076388364,10.968402593880588,0.0
7,13,172,10.025486700898046,0.25910754456667096,10.83089110379953,0.0
7,14,172,9.990604906137824,0.27193871933709846,10.678454132070671,0.0
7,15,172,10.004437602539815,0.29017718646409707,10.678454132070671,0.0
7,16,172,10.082308441245528,0.28344729134058555,10.842958937461399,0.0
7,17,172,10.051555844337676,0.28253157343231056,10.842958937461399,0.0
7,18,172,9.980606694542479,0.2568459159756826,10.581732353905366,0.0
7,19,172,10.038153578793107,0.29056661905025133,10.710599383766672,0.0
7,20,172,10.013489557422787,0.3216690358795875,10.710599383766672,0.0
7,21,172,9.966550357815272,0.30121512812248263,10.71075267919835,0.0
7,22,172,10.019800061728429,0.28256048199340794,10.71075267919835,0.0
7,23,172,10.036439719351089,0.279865408106067,10.714102171259997,0.0
7,24,172,9.998618351691599,0.24554885922399258,10.714102171259997,0.0
7,25,172,9.939065719427271,0.269353388277061,10.49619663412103,0.0
7,26,172,9.950337534727245,0.33129488095848453,10.77226001679359,0.0
7,27,172,9.957226710154814,0.32099976125748825,10.77226001679359,0.0
7,28,172,9.931072271890695,0.3001213477892189,10.442719522732359,0.0
7,29,172,10.005100048482744,0.31902759467579284,10.587408997014128,0.0
7,30,172,10.053322308698249,0.2896212152117049,10.689798625420275,0.0
7,31,172,10.00162498757835,0.24868752873612507,10.689798625420275,0.0
7,32,172,9.9992495946305,0.2715375423009739,10.44118016318549,0.0
7,33,172,9.964005091953055,0.2969252997829991,10.466748995678621,0.0
7,34,172,9.924305923365436,0.29021799622372774,10.466748995678621,0.0
7,35,172,9.980367497684828,0.29599002917115114,10.784860959205831,0.0
7,36,172,10.028484740048798,0.32817145972990763,10.784860959205831,0.0
7,37,172,10.008907044563232,0.3425619620060473,10.78428334454227,0.0
7,38,172,10.010658172206451,0.28786674362083636,10.775318655447553,0.0
7,39,172,10.014159967421985,0.275783006599255,10.542485443502791,0.0
7,40,172,9.94326500009731,0.3139690203791435,10.551808470586726,0.0
7,41,172,9.966303079721465,0.3036421075734676,10.715855565746866,0.0
7,42,172,10.026143415698117,0.2858981088798165,10.715855565746866,0.0
7,43,172,10.036630479118225,0.27428325935494074,10.628376396926608,0.0
7,44,172,10.01523560732754,0.2736276949021837,10.714976279878963,0.0
7,45,172,9.989664860335457,0.31460518059068676,10.881643497841434,0.0
7,46,172,10.006115349215122,0.33430299508403966,10.881643497841434,0.0
8,0,171,9.93330869197581,0.2663125354347287,10.657767094504223,0.0
8,1,171,9.921688428933823,0.25217237953894195,10.625054131617018,0.0
8,2,171,9.998380109601966,0.28726363189175697,10.719609062939007,0.0
8,3,171,9.99022262630283,0.3438033860476967,10.797109619926399,0.0
8,4,171,9.992290955162675,0.3370417883784079,10.797109619926399,0.0
8,5,171,10.003203336014417,0.29318882661210116,10.7275929934568,0.0
8,6,171,10.014006407153513,0.28374690568540767,10.659138442257486,0.0
8,7,171,10.025653873350436,0.2687877408215379,10.659138442257486,0.0
8,8,171,10.012356673767426,0.27337287369063573,10.596918123041322,0.0
8,9,171,10.087991237352524,0.3048411348368084,10.939041742449328,0.0
8,10,171,10.092604349036659,0.30667513451293427,10.939041742449328,0.0
8,11,171,9.995434926930265,0.29386635691064783,10.70814292399263,0.0
8,12,171,10.043532564413672,0.318950383620918,11.06119436497045,0.0
8,13,171,10.074355771770765,0.32371913332824814,11.06119436497045,0.0
8,14,171,10.033220853971311,0.2717050439541516,10.816945963514437,0.0
8,15,171,10.004709972925525,0.2854434149363022,10.611951202555295,0.0
8,16,171,9.97660429574023,0.2955717670432152,10.611951202555295,0.0
8,17,171,10.03471487685725,0.3032609138310855,10.60546787666181,0.0
8,18,171,10.007744146932732,0.36957632514460265,10.60546787666181,0.0
8,19,171,9.953557003038581,0.35362677412707383,10.55075730454516,0.0
8,20,171,9.993094416481677,0.3050120378256092,10.85550849725746,0.0
8,21,171,9.989765586054267,0.27702806040419065,10.85550849725746,0.0
8,22,171,9.995955338555637,0.29413196499710675,10.736716432305188,0.0
8,23,171,10.01263724594595,0.31139837203959825,10.770611339637377,0.0
8,24,171,10.025248186766257,0.2785899358239313,10.770611339637377,0.0
8,25,171,10.021684673545513,0.30609633093647115,10.872088123196795,0.0
8,26,171,10.023821177668008,0.29699131443037347,10.872088123196795,0.0
8,27,171,10.028667408341034,0.31015746330014354,10.96836062061343,0.0
8,28,171,9.94385003431778,0.3411569713770589,10.96836062061343,0.0
8,29,171,9.952561276470211,0.3382660389873082,10.65192506134299,0.0
8,30,171,9.977395592613355,0.319561392930562,10.688529757448359,0.0
8,31,171,9.971996275204994,0.26690398727498527,10.688529757448359,0.0
8,32,171,10.045936311756053,0.2972539918905646,10.786357753657295,0.0
8,33,171,10.036995979528243,0.3035799006631043,10.786357753657295,0.0
8,34,171,9.93999110256029,0.27794637319596904,10.57687971188288,0.0
8,35,171,9.96814453418671,0.2850404092104823,10.564168816567074,0.0
8,36,171,10.029704992605703,0.30839029507827304,10.646309434295388,0.0
8,37,171,9.983614728999129,0.31521122033223814,10.646309434295388,0.0
8,38,171,9.95989948243355,0.30768828330825887,10.779485586266613,0.0
8,39,171,9.989242810882057,0.3031418562337239,10.779485586266613,0.0
8,40,171,9.998596299220399,0.30445231626720637,10.721060505281494,0.0
8,41,171,9.947189259370829,0.31343113430707376,10.721060505281494,0.0
8,42,171,9.952041683458843,0.31019996714209325,10.777483521010074,0.0
8,43,171,10.034366910842396,0.28392287819334666,10.777483521010074,0.0
8,44,171,10.070650007013628,0.22983840247041673,10.532741778530395,0.0
8,45,171,10.067931284685095,0.27201941330456686,10.723019786033337,0.0
8,46,171,10.06471121504869,0.29815826887048136,10.723019786033337,0.0
9,0,170,10.018351888755614,0.29505609485283757,10.651810921262875,0.0
9,1,170,9.960120528139276,0.2752102417390701,10.651810921262875,0.0
9,2,170,9.990980048849165,0.28773489385115353,10.616843758300943,0.0
9,3,170,9.991823267933855,0.27637862087320914,10.644031661971354,0.0
9,4,170,9.954450892250144,0.27019801950622035,10.644031661971354,0.0
9,5,170,10.031851878868439,0.3168065719285996,10.536026149974047,0.0
9,6,170,10.07838885748116,0.31827218841811244,10.690877490353206,0.0
9,7,170,9.96330018810059,0.3340472962678981,10.690877490353206,0.0
9,8,170,10.000457100044535,0.34472744550960605,10.99689398135998,0.0
9,9,170,10.038739652343372,0.32926998277267716,10.99689398135998,0.0
9,10,170,10.007501721489493,0.3166370801539786,10.763991630026291,0.0
9,11,170,10.022132112053368,0.2876876473384151,10.592401677555008,0.0
9,12,170,9.998919505669678,0.2729660912458647,10.555122031242984,0.0
9,13,170,10.02487320889492,0.2967108067043674,10.582437998868466,0.0
9,14,170,10.04019878220409,0.31373935186836,10.774707292835169,0.0
9,15,170,10.002091376981586,0.3356652794548043,10.774707292835169,0.0
9,16,170,9.999563811502583,0.2837438746128018,10.726516962420352,0.0
9,17,170,10.02029825441375,0.2486596150809322,10.498397385191518,0.0
9,18,170,9.980197072931437,0.29193555647300834,10.826842874041029,0.0
9,19,170,9.956066461285944,0.33128088429163755,10.826842874041029,0.0
9,20,170,9.965942227111677,0.3221865160328963,10.602908350351832,0.0
9,21,170,9.979674564643636,0.282372020209481,10.537423798754475,0.0
9,22,170,9.98600440150284,0.24088313611038037,10.537423798754475,0.0
9,23,170,10.00070387362683,0.2679504652967382,10.725643017822604,0.0
9,24,170,9.979463984376475,0.30112581352547746,10.725643017822604,0.0
9,25,170,10.005637091173416,0.3033961537797469,10.629085761911881,0.0
9,26,170,10.073346430252132,0.30891593872132495,10.593014100308203,0.0
9,27,170,10.039020604050206,0.2600698634154786,10.562500337255313,0.0
9,28,170,9.96619568052321,0.2532027742623502,10.542729208266042,0.0
9,29,170,9.943279837768811,0.28297948747836643,10.578259935986376,0.0
9,30,170,9.994602038695557,0.29062638885983255,10.634702378726875,0.0
9,31,170,10.03428405372144,0.2630853833847179,10.68062021341404,0.0
9,32,170,10.026072469952057,0.24765577765082214,10.68062021341404,0.0
9,33,170,10.024126857620034,0.2901012665643568,10.685685628735893,0.0
9,34,170,10.034197383033078,0.29814065896711267,10.685685628735893,0.0
9,35,170,9.999878242779742,0.27799569289763004,10.539658247453843,0.0
9,36,170,9.97517932187385,0.2541645013155874,10.539658247453843,0.0
9,37,170,10.003601988957804,0.27609888290398193,10.582218989344797,0.0
9,38,170,10.029531648694714,0.3255510611742607,10.766217964530886,0.0
9,39,170,10.049545895396994,0.3229494747635113,10.766217964530886,0.0
9,40,170,10.049815820573723,0.321370257336573,10.74714620030187,0.0
9,41,170,10.032145154138503,0.33637127789486215,10.74714620030187,0.0
9,42,170,9.999084096616617,0.3217871462119379,10.680401461956006,0.0
9,43,170,9.96101329902957,0.28100621529851577,10.680401461956006,0.0
9,44,170,10.003232257161532,0.27297746600713574,11.116142325620006,0.0
9,45,170,10.043779600796933,0.29193277589500394,11.116142325620006,0.0
9,46,170,10.043279657030173,0.32353889590648416,10.768908476512875,0.0
10,0,169,9.981005111057364,0.28416942005442614,10.827858042373109,0.0
10,1,169,10.007469760685805,0.3054423912272035,10.827858042373109,0.0
10,2,169,10.03106660062559,0.31598788404548095,10.792367874365848,0.0
10,3,169,9.980394177999944,0.28703343072306237,10.57219876143855,0.0
10,4,169,9.93503528013367,0.2681429660876751,10.675415813868224,0.0
10,5,169,10.009816526974568,0.27544883634215145,10.675415813868224,0.0
10,6,169,9.996951976372518,0.3153947523517858,10.790732535818332,0.0
10,7,169,9.94029818365961,0.3219191561062255,10.790732535818332,0.0
10,8,169,9.976621694151426,0.28763307032443325,10.72231276685066,0.0
10,9,169,9.98703447847195,0.27712056180930894,10.57342719728911,0.0
10,10,169,10.002521417585797,0.277017837273188,10.697414507894896,0.0
10,11,169,10.00923862210447,0.2731263586377823,10.697414507894896,0.0
10,12,169,10.032728138086634,0.2713679186004211,10.679963009094052,0.0
10,13,169,10.014864591849255,0.27776476643314657,10.679963009094052,0.0
10,14,169,9.995179298719215,0.274308718088779,10.603714068976672,0.0
10,15,169,10.03524492900246,0.27146018223482976,10.637731924331412,0.0
10,16,169,10.06636162860969,0.24731900469169793,10.637731924331412,0.0
10,17,169,10.021834357555367,0.31205219837706444,10.547234945906158,0.0
10,18,169,9.931647172572566,0.33103330552386423,10.547234945906158,0.0
10,19,169,9.946515481098071,0.29289481504441217,10.67408295650307,0.0
10,20,169,9.974482374115459,0.320065607105065,10.844373279708773,0.0
10,21,169,10.040425602604229,0.31381075097446376,10.844373279708773,0.0
10,22,169,10.06128232431515,0.286924005839826,10.617420407655386,0.0
10,23,169,10.051560679417618,0.3138509347730616,10.73714205512597,0.0
10,24,169,10.056989706772557,0.2947630412414275,10.73714205512597,0.0
10,25,169,9.97371014664249,0.3100088986004112,10.808257805488344,0.0
10,26,169,9.90475216118893,0.32111873389604356,10.808257805488344,0.0
10,27,169,9.99979774367582,0.30097223484290986,10.681280822275692,0.0
10,28,169,10.049374606374855,0.2545134727665803,10.681280822275692,0.0
10,29,169,9.995052210604776,0.26935343865087097,10.648304207701775,0.0
10,30,169,10.018354555390802,0.30547701984500253,10.69475749071965,0.0
10,31,169,10.013144991229145,0.3093349245100319,10.69475749071965,0.0
10,32,169,9.983471177530463,0.28337730312600323,10.662244855994983,0.0
10,33,169,9.97554522620001,0.26781173962466515,10.590474315739508,0.0
10,34,169,10.023706976175813,0.2956510512901731,10.810509939727392,0.0
10,35,169,10.044596343943583,0.2791296650851129,10.810509939727392,0.0
10,36,169,9.974256706792659,0.26279313498224893,10.572095305304423,0.0
10,37,169,9.980066284431416,0.31235738679368186,10.698466682680792,0.0
10,38,169,9.993676614398215,0.32628759294595994,10.698466682680792,0.0
10,39,169,10.028542884537039,0.32328505297437926,10.73163038893345,0.0
10,40,169,10.070004237365081,0.30907155699180794,10.818919008643954,0.0
10,41,169,10.026938764115469,0.2921568885520875,10.818919008643954,0.0
10,42,169,9.97738849385119,0.2653145973114585,10.525825602362787,0.0
10,43,169,9.985546918116077,0.25976250410170965,10.705543487869488,0.0
10,44,169,10.032371928973266,0.3442726596749072,10.918215130054463,0.0
10,45,169,10.010614066194996,0.3411122288924679,10.918215130054463,0.0
10,46,169,9.994540318013508,0.30741808008125704,10.981854124432719,0.0
11,0,168,10.05349767962013,0.3194664380093371,10.810040790781775,0.0
11,1,168,10.011418372649187,0.28112779394478815,10.692842028727277,0.0
11,2,168,9.950969583848506,0.2737015667168817,10.718028810229717,0.0
11,3,168,9.975430166555508,0.3248563950222272,10.718028810229717,0.0
11,4,168,9.941063047701684,0.33185471637430675,10.683419355674951,0.0
11,5,168,9.919647575691009,0.31743446390384805,10.721715294276274,0.0
11,6,168,9.95398092673231,0.2893025765477156,10.721715294276274,0.0
11,7,168,9.979957843223312,0.27985238793052647,10.5304753143328,0.0
11,8,168,10.061640077828649,0.3228761648024983,10.861418966816741,0.0
11,9,168,10.072730098235315,0.3829330128545461,10.861418966816741,0.0
11,10,168,10.013545091038063,0.34043249845645057,10.770660884126434,0.0
11,11,168,10.041334119695062,0.24795280475623147,10.748996493994413,0.0
11,12,168,10.058779537979671,0.27856438842890885,10.748996493994413,0.0
11,13,168,9.987719302903473,0.30039863584977783,10.612607202217674,0.0
11,14,168,9.984227857570422,0.3494925887392253,10.67941544815036,0.0
11,15,168,10.018263641000877,0.3240634241363066,10.67941544815036,0.0
11,16,168,10.036391666753026,0.28353078527596814,10.66135823434914,0.0
11,17,168,10.025992484797934,0.30634369244399867,11.02030379942002,0.0
11,18,168,10.067074722802918,0.308896897868678,11.02030379942002,0.0
11,19,168,10.07890731038515,0.2994075882007935,10.676373624298165,0.0
11,20,168,10.033371008518424,0.31524402680453234,10.835009937153236,0.0
11,21,168,9.979978822545158,0.35623749175580144,10.835009937153236,0.0
11,22,168,9.975046241197305,0.34859602228105535,10.816381473948052,0.0
11,23,168,10.033195597924335,0.29660542161464776,10.816381473948052,0.0
11,24,168,10.041341703770513,0.28400155089557794,10.689433280999383,0.0
11,25,168,10.02435113069221,0.27347300561345567,10.689433280999383,0.0
11,26,168,10.018841418926462,0.2990487563725817,10.791314839838105,0.0
11,27,168,10.043107091520502,0.30450315289765667,10.791314839838105,0.0
11,28,168,9.998959320885124,0.26749108340285,10.670110450072132,0.0
11,29,168,9.94886324516296,0.30048133527341225,10.670110450072132,0.0
11,30,168,9.88535955303023,0.31402713612230926,10.436087354651407,0.0
11,31,168,9.915548376973588,0.30126547911597396,10.412765955349403,0.0
11,32,168,9.968754605020678,0.2775466354366786,10.443620096294538,0.0
11,33,168,9.93338547479208,0.2685651532998481,10.443620096294538,0.0
11,34,168,10.002232921425207,0.30302862249529,10.852908254481944,0.0
11,35,168,10.094467995913305,0.32183720383422093,10.852908254481944,0.0
11,36,168,10.086930219855837,0.3304931708393268,10.762412182761201,0.0
11,37,168,10.021986670174178,0.32047733345120877,10.821384980295948,0.0
11,38,168,9.968041454270024,0.28404627030178525,10.821384980295948,0.0
11,39,168,10.024112607016365,0.2969404323825704,10.798675063287254,0.0
11,40,168,10.063893907399285,0.29313736194847334,10.798675063287254,0.0
11,41,168,10.00850656689741,0.30268120508718094,10.673318925197483,0.0
11,42,168,9.949114000569827,0.3143353224616031,10.673318925197483,0.0
11,43,168,9.981757433929737,0.30438350743030335,10.656354875632163,0.0
11,44,168,10.009933593602483,0.29553368777256034,10.656354875632163,0.0
11,45,168,10.006236057047172,0.28227008154996636,10.654493827987102,0.0
11,46,168,10.024009882719339,0.312999132745079,10.654493827987102,0.0
12,0,167,10.024277667520028,0.3140324664105837,10.623990098737028,0.0
12,1,167,10.011073408159836,0.29939201683956873,10.623990098737028,0.0
12,2,167,10.027363105233905,0.2839510827037148,10.5640735178339,0.0
12,3,167,9.981990201578718,0.2914942156923233,10.5640735178339,0.0
12,4,167,9.984022209000267,0.29673050830405334,10.652586356749412,0.0
12,5,167,10.01938227711992,0.25499818065478314,10.652586356749412,0.0
12,6,167,9.97904083341295,0.23898219342616442,10.438439773858356,0.0
12,7,167,9.991566185609866,0.2888306178708103,10.568272780816608,0.0
12,8,167,10.007298156762669,0.29602519619533313,10.63237821345899,0.0
12,9,167,10.021822489795557,0.31909655516910074,10.738571102458874,0.0
12,10,167,10.045506261814952,0.33860444099272197,10.840123137345994,0.0
12,11,167,10.02153903389168,0.2965706416041333,10.840123137345994,0.0
12,12,167,10.009978136948114,0.30027666564803907,10.594957596983852,0.0
12,13,167,10.017722732496704,0.3178627776364411,10.783813147961284,0.0
12,14,167,9.992045134871018,0.3325004024972713,10.812398468685123,0.0
12,15,167,9.99802953034994,0.30563239172309703,10.812398468685123,0.0
12,16,167,10.037717836698786,0.27614445896165685,10.688164819403125,0.0
12,17,167,10.0541457875148,0.2966375062777957,10.766827655298648,0.0
12,18,167,9.986184849284893,0.2983476805210985,10.766827655298648,0.0
12,19,167,9.988189136930856,0.2976008685884684,10.794988930321049,0.0
12,20,167,10.018440617116026,0.30091128910192355,10.80407558805021,0.0
12,21,167,9.982038050321462,0.3390302949410764,10.80407558805021,0.0
12,22,167,10.024490999032453,0.3383149190907511,10.713213054269435,0.0
12,23,167,10.023011387917204,0.30747620159736855,10.709952328320771,0.0
12,24,167,10.034982867928186,0.30230302617143195,10.597436201246984,0.0
12,25,167,10.021685554316564,0.2919125717897547,10.597436201246984,0.0
12,26,167,9.991686804490167,0.27967936577551017,10.69471356481312,0.0
12,27,167,10.027114481047292,0.2727501598059711,10.69471356481312,0.0
12,28,167,10.014225880139891,0.2696193192601727,10.693180188626718,0.0
12,29,167,10.008340000984782,0.2115672944499689,10.693180188626718,0.0
12,30,167,9.982439388339172,0.23398544353565484,10.639353593497777,0.0
12,31,167,9.972870157223914,0.30338942206512914,10.639353593497777,0.0
12,32,167,9.982615144786616,0.31148727466452036,10.792917011669942,0.0
12,33,167,10.009067004384269,0.3106217849738028,10.792917011669942,0.0
12,34,167,10.000105845829319,0.31502372922558225,10.708069744217086,0.0
12,35,167,9.997876005021508,0.29542208064061665,10.746995496634703,0.0
12,36,167,10.051787255479042,0.2602144253419859,10.746995496634703,0.0
12,37,167,10.03161108028458,0.32562186839591767,10.677548780655242,0.0
12,38,167,9.977310326594612,0.3688961772764118,10.677548780655242,0.0
12,39,167,9.963521837684384,0.3212239501148079,10.51810266286457,0.0
12,40,167,10.025442299351507,0.30554908147050197,11.091848163572033,0.0
12,41,167,10.038696998123715,0.28725847843633573,11.091848163572033,0.0
12,42,167,9.936432252347425,0.2666912710506459,10.535258946537995,0.0
12,43,167,9.938561567876079,0.276927861451806,10.59894279627573,0.0
12,44,167,9.973457310906563,0.2783680138277619,10.59894279627573,0.0
12,45,167,9.963286634906543,0.30218292955854675,10.70278727260954,0.0
12,46,167,9.961020761392884,0.2998530991821239,10.70278727260954,0.0
13,0,166,9.984536782503406,0.3011977126559846,10.873149768614796,0.0
13,1,166,10.030605271349245,0.30049516985914193,10.873149768614796,0.0
13,2,166,10.051649670295067,0.30458218954185556,10.869431736339472,0.0
13,3,166,10.010967840562982,0.3239763499501227,10.61764126453186,0.0
13,4,166,9.931341648342519,0.32066192149812256,10.61764126453186,0.0
13,5,166,10.01267435795898,0.3081837712870131,11.06639603758061,0.0
13,6,166,10.052649615409196,0.30518228530933167,11.06639603758061,0.0
13,7,166,9.976119498160461,0.2755443059678967,10.696099600155463,0.0
13,8,166,9.9655635504415,0.24518905426286938,10.61721044384003,0.0
13,9,166,9.971507129635018,0.25735951380865213,10.48795270613699,0.0
13,10,166,9.964880769921553,0.3084596056514177,10.773054913410894,0.0
13,11,166,9.927328754380238,0.3408094312319367,10.773054913410894,0.0
13,12,166,9.974023044998049,0.3107118102452339,10.750089457865808,0.0
13,13,166,10.024419992777105,0.29212705203385037,10.750089457865808,0.0
13,14,166,10.004314452009563,0.29831749740009306,10.661614047896785,0.0
13,15,166,10.026455101665395,0.31745493661475704,10.95676140114924,0.0
13,16,166,10.031908189498594,0.31992047586323535,10.95676140114924,0.0
13,17,166,10.02571422657527,0.26251539745509744,10.657040465578222,0.0
13,18,166,10.023684502020545,0.2506954382141139,10.700749122030018,0.0
13,19,166,10.039842481476676,0.3426651901869112,10.968303731519116,0.0
13,20,166,10.015466700499813,0.35150067475692626,10.968303731519116,0.0
13,21,166,9.952643830292157,0.27459518022635415,10.582283960065956,0.0
13,22,166,9.957171033509193,0.2859891591068109,10.939570081611683,0.0
13,23,166,9.950313663127545,0.3119454394161644,10.939570081611683,0.0
13,24,166,9.984718440306652,0.30094981596879167,10.528397546826692,0.0
13,25,166,10.000067841028205,0.2917890653401868,10.493755723007197,0.0
13,26,166,10.021668804077274,0.30504427486216723,10.79591234222155,0.0
13,27,166,10.060980751523502,0.3028260274197973,10.79591234222155,0.0
13,28,166,9.992397683448749,0.3139633084267986,10.735919043570817,0.0
13,29,166,9.943201033913972,0.31604084866800325,10.663895762743444,0.0
13,30,166,9.967758692876068,0.30441566849798635,10.663895762743444,0.0
13,31,166,10.018041389282844,0.3042144615325645,10.63145590150326,0.0
13,32,166,10.07595544931629,0.29663824574118436,10.805383832075357,0.0
13,33,166,10.036594791595608,0.2686414925110521,10.805383832075357,0.0
13,34,166,9.973288911935024,0.29284611202893274,10.579230080815181,0.0
13,35,166,9.979789494203281,0.2819679176804139,10.579230080815181,0.0
13,36,166,10.022416908826976,0.2660969192406678,10.776000346320306,0.0
13,37,166,10.032222945846648,0.30952594634885705,10.776000346320306,0.0
13,38,166,9.953979548787618,0.3050181323283739,10.54798575960177,0.0
13,39,166,9.988179421961267,0.30781111410683365,10.512784154976623,0.0
13,40,166,10.01326379302501,0.31883387120327245,10.513796687637132,0.0
13,41,166,9.990623397789841,0.3036077565087086,10.513796687637132,0.0
13,42,166,10.091008207017685,0.29420061853617174,10.612358035208258,0.0
13,43,166,10.1135983758837,0.28188591623755677,10.612358035208258,0.0
13,44,166,10.036382559469336,0.24597692863108067,10.563794746402248,0.0
13,45,166,10.020887931913077,0.2546650629729712,10.693989733114849,0.0
13,46,166,10.050230059967841,0.27695713179154824,10.693989733114849,0.0
14,0,165,9.98400543467882,0.32103665883816757,10.944132497615504,0.0
14,1,165,10.024073287821276,0.30744454816445554,10.724812526109183,0.0
14,2,165,10.004197100571687,0.2965191618398555,10.724812526109183,0.0
14,3,165,9.997487979234858,0.2987490467108371,10.592930823475218,0.0
14,4,165,10.039843606046905,0.30836275734282104,10.592930823475218,0.0
14,5,165,10.026920751569934,0.3033079722756888,10.55672610107599,0.0
14,6,165,9.995683524325885,0.28542225256600345,10.514982432958151,0.0
14,7,165,9.99427676542014,0.2870624005638445,10.535923805369015,0.0
14,8,165,10.035766540023289,0.2776374071863266,10.645195978360148,0.0
14,9,165,10.044303811703783,0.3023474974834288,11.092783692456653,0.0
14,10,165,9.975815548125725,0.329393282062187,11.092783692456653,0.0
14,11,165,9.967672656428764,0.3226227051479841,10.911632549881213,0.0
14,12,165,9.998291898093676,0.30258741203221806,10.911632549881213,0.0
14,13,165,9.974296598683377,0.27060976632429606,10.737706182087392,0.0
14,14,165,9.956916754413037,0.31272348727729693,10.690912336251692,0.0
14,15,165,9.952639845764912,0.3389624248212615,10.787775000048873,0.0
14,16,165,9.997993439586727,0.30392317814453274,10.787775000048873,0.0
14,17,165,10.026569789394621,0.2803809292305084,10.720203372213197,0.0
14,18,165,9.978473932228669,0.27693267341179745,10.720203372213197,0.0
14,19,165,9.954940697863291,0.2777223403135703,10.51123571161348,0.0
14,20,165,10.02913745664271,0.3090144502043135,10.819194534286401,0.0
14,21,165,10.051897562546076,0.3200349125721949,10.819194534286401,0.0
14,22,165,9.958424867743325,0.31191490943436956,10.563270295439931,0.0
14,23,165,9.947662606366082,0.3003953743244764,10.563270295439931,0.0
14,24,165,9.97742546435374,0.2638070054883796,10.533805033081496,0.0
14,25,165,9.989979187660133,0.24892722376806126,10.577164721398976,0.0
14,26,165,10.006136855380015,0.2571286752253375,10.577164721398976,0.0
14,27,165,9.978976582042357,0.2717377745379325,10.536129354862812,0.0
14,28,165,10.010548926382924,0.2975806835510451,10.855570415757661,0.0
14,29,165,10.050258897943547,0.2799208817517721,10.855570415757661,0.0
14,30,165,10.054333151457948,0.2643137092104249,10.659042073640073,0.0
14,31,165,9.959903701134909,0.33135791367960443,11.013166240904939,0.0
14,32,165,9.904550571963451,0.33117263384183576,11.013166240904939,0.0
14,33,165,9.96889644610732,0.30903730475194596,10.826532369245289,0.0
14,34,165,9.980069379522408,0.2817018972739506,10.490341328770729,0.0
14,35,165,10.019387949992826,0.26964184881356096,10.748402980637463,0.0
14,36,165,10.0236176707835,0.29904120855443966,10.748402980637463,0.0
14,37,165,9.971496879844107,0.3383775050551533,10.602827180464878,0.0
14,38,165,10.010724539136813,0.34591872900309956,10.828012323719872,0.0
14,39,165,10.048390008179405,0.27156198492390643,10.828012323719872,0.0
14,40,165,10.011692645820373,0.3032365371086907,10.581278644949473,0.0
14,41,165,9.978624952452215,0.35336898301184766,10.773155383080432,0.0
14,42,165,9.95675568246494,0.323260321823189,10.773155383080432,0.0
14,43,165,9.974440000818058,0.3202902168228719,10.564167517379364,0.0
14,44,165,9.956582520062472,0.324659899856788,10.616585742830862,0.0
14,45,165,10.00130551089295,0.33263949904831336,11.011231651284852,0.0
14,46,165,10.024104585743306,0.32522136457934037,11.011231651284852,0.0
15,0,164,9.988635761135708,0.29177718913468814,10.714376869952652,0.0
15,1,164,10.028265897292519,0.2582839128915227,10.714376869952652,0.0
15,2,164,10.050638823845546,0.2848112170845203,10.567935013969436,0.0
15,3,164,10.067488370406123,0.3139500712187574,10.809226120652582,0.0
15,4,164,10.033371302586488,0.27803295683594154,10.809226120652582,0.0
15,5,164,9.975158501054294,0.2667036805406115,10.568661919210967,0.0
15,6,164,9.990756475363133,0.23972029746890067,10.568661919210967,0.0
15,7,164,10.009973558749692,0.20534770217566603,10.466893427411911,0.0
15,8,164,10.042365908443116,0.2256493657410306,10.728133323198955,0.0
15,9,164,10.069361781208098,0.2560026354709246,10.728133323198955,0.0
15,10,164,9.98836016559933,0.2647871568699175,10.56374703790962,0.0
15,11,164,9.924963792300382,0.28430570642961267,10.51294666538133,0.0
15,12,164,10.018718109429784,0.310692966699336,10.634076530112955,0.0
15,13,164,10.083190548299731,0.27248823508986797,10.634076530112955,0.0
15,14,164,10.044362823567969,0.3118697969222172,10.659663964470276,0.0
15,15,164,9.986442621090292,0.349164133641428,10.659663964470276,0.0
15,16,164,10.0010449806537,0.3301916031548362,10.758965642571782,0.0
15,17,164,10.01227760167183,0.31293144886050867,10.758965642571782,0.0
15,18,164,9.99716378495012,0.303403970803184,10.594883344998891,0.0
15,19,164,10.00362553899956,0.2806368614675958,10.70359479814427,0.0
15,20,164,9.993756974369909,0.3227686322124532,10.947833484001643,0.0
15,21,164,9.990198485307118,0.2989385029958311,10.947833484001643,0.0
15,22,164,9.968797132223356,0.24945236302817575,10.527860423326441,0.0
15,23,164,10.020825787518326,0.29796667396243987,10.728912499029049,0.0
15,24,164,10.078053283515704,0.28626498467533223,10.728912499029049,0.0
15,25,164,10.009856335111857,0.3274617474662034,10.663661761112149,0.0
15,26,164,9.960038673327992,0.35107624064539417,10.727425595519534,0.0
15,27,164,9.98238410779809,0.3213930544753939,10.727425595519534,0.0
15,28,164,10.0562574544225,0.31582412962731826,10.639142513754758,0.0
15,29,164,10.082341035659143,0.3259160045889309,10.64558500147088,0.0
15,30,164,10.049365188907352,0.31906757838895744,10.702664921246278,0.0
15,31,164,10.00207287969396,0.28923707995834425,10.702664921246278,0.0
15,32,164,9.938158091591799,0.25047660226323853,10.574989103657146,0.0
15,33,164,9.995337377370324,0.27394970616936437,10.628831932745841,0.0
15,34,164,10.028668819415252,0.2978037456322563,10.676922056387063,0.0
15,35,164,10.011463281797965,0.28108262871288575,10.676922056387063,0.0
15,36,164,10.043332390814603,0.26357224124710965,10.510717439977652,0.0
15,37,164,10.009511713862532,0.25306476612695367,10.484045002399153,0.0
15,38,164,9.988842407734966,0.2639825995131116,10.694355663349699,0.0
15,39,164,10.022425498621518,0.2636554466974465,10.694355663349699,0.0
15,40,164,10.059025661048752,0.25941948754342564,10.616921878329157,0.0
15,41,164,10.041262129312317,0.3410295118255152,10.626771759863223,0.0
15,42,164,10.00874630126518,0.3691855850749341,10.923062097775786,0.0
15,43,164,10.015609678758588,0.30912885829413816,10.923062097775786,0.0
15,44,164,10.002341035170343,0.2867201617668832,10.602704991518525,0.0
15,45,164,9.966957972394756,0.32454595754981885,10.763987879730779,0.0
15,46,164,9.96986160300127,0.3337234373446946,10.763987879730779,0.0
16,0,163,9.939985473448962,0.2775621454990484,10.536829615833403,0.0
16,1,163,9.992530624208722,0.31119814321479744,10.672149647197408,0.0
16,2,163,9.993936151483163,0.3153021101394695,10.747290237480835,0.0
16,3,163,9.933883291370648,0.28722231679337945,10.747290237480835,0.0
16,4,163,9.96051494009743,0.2721073684012168,10.622361001299886,0.0
16,5,163,9.973724106246287,0.26626801231962455,10.622361001299886,0.0
16,6,163,10.010403421411205,0.26231117878629,10.45682799302392,0.0
16,7,163,10.02655023057339,0.2645866638781479,10.45682799302392,0.0
16,8,163,9.980435834421689,0.27727976306786156,10.797249135982216,0.0
16,9,163,9.975513800096595,0.27325358620252765,10.797249135982216,0.0
16,10,163,9.979461555819281,0.2766363527336345,10.59780760888205,0.0
16,11,163,10.009908753185009,0.29255696941416093,10.59780760888205,0.0
16,12,163,10.037167566296663,0.2449842687126948,10.543822512402226,0.0
16,13,163,10.019141614171645,0.2512012937207956,10.805289207310253,0.0
16,14,163,10.006853414927075,0.27154473336336543,10.805289207310253,0.0
16,15,163,10.029723398720709,0.27794366558127664,10.613665456199934,0.0
16,16,163,10.042771394198784,0.2976768147766723,10.64242460944825,0.0
16,17,163,10.052023221256237,0.30602882628724826,10.64242460944825,0.0
16,18,163,10.034100490148306,0.28924399375243204,10.63061353534715,0.0
16,19,163,9.982798222755031,0.2618899686387436,10.584760945747343,0.0
16,20,163,10.017449271513462,0.2563931215096471,10.584760945747343,0.0
16,21,163,10.086705400463,0.2663828280952225,10.643795059839839,0.0
16,22,163,10.026531458687133,0.29891090955785116,10.643795059839839,0.0
16,23,163,9.958188761739255,0.2732606098490291,10.698258591101618,0.0
16,24,163,9.999175771068824,0.29250110850917044,10.698258591101618,0.0
16,25,163,10.003762169974104,0.3029768264727235,10.762489084924457,0.0
16,26,163,9.99325211834064,0.2900682542067498,10.762489084924457,0.0
16,27,163,10.047705128021143,0.29273089049810974,10.640318262778925,0.0
16,28,163,10.087085521610131,0.25719676363041105,10.640318262778925,0.0
16,29,163,10.061888857563376,0.2396817596174232,10.47143245579966,0.0
16,30,163,10.07748965572426,0.3013910941060391,10.70402699893657,0.0
16,31,163,10.091476562351508,0.30663255851420695,10.70402699893657,0.0
16,32,163,10.031955740208685,0.28959727688470055,10.653718767580097,0.0
16,33,163,9.958148864741787,0.279373967779009,10.56477874369239,0.0
16,34,163,9.962808070066357,0.2834046436599664,10.478562423443307,0.0
16,35,163,9.990999604098766,0.28037625714984676,10.547628793965583,0.0
16,36,163,10.032855559126133,0.30198167888867294,10.769238547112097,0.0
16,37,163,10.015456650305344,0.3410421470711195,10.769238547112097,0.0
16,38,163,9.988716215037536,0.3665128689637932,10.93330731243468,0.0
16,39,163,10.026077265537436,0.334344656112442,10.93330731243468,0.0
16,40,163,10.049138495361504,0.2632128942969406,10.768430021302205,0.0
16,41,163,10.010992719872272,0.2966879053792674,10.768430021302205,0.0
16,42,163,9.9528784729153,0.31563197128675435,10.626391584362125,0.0
16,43,163,10.004097264187186,0.3389368322169405,10.825790578720829,0.0
16,44,163,10.08834079185901,0.3453541647790374,10.825790578720829,0.0
16,45,163,10.058411721793838,0.310485507495607,10.66376027314357,0.0
16,46,163,10.01297318843397,0.26938925738959607,10.588775743801751,0.0
17,0,162,9.99027710169924,0.30501676629761426,10.602043012238534,0.0
17,1,162,9.986849731443437,0.2991367638927065,10.638259054892883,0.0
17,2,162,9.985728516898224,0.30601344319854634,10.638259054892883,0.0
17,3,162,10.025257390985823,0.27367343676231193,10.669997215025157,0.0
17,4,162,10.027272068985509,0.2609087295416381,10.669997215025157,0.0
17,5,162,10.086534442329064,0.341168499669998,11.375520338798095,0.0
17,6,162,10.119327978257017,0.3877630383107118,11.375520338798095,0.0
17,7,162,10.029378640085422,0.3627501833526036,10.858161695365789,0.0
17,8,162,10.024955820928605,0.3187780039008924,10.858161695365789,0.0
17,9,162,10.052819600890903,0.3114770638140726,10.754374575895188,0.0
17,10,162,10.015691624892362,0.2737307336506874,10.754374575895188,0.0
17,11,162,9.990656100961719,0.31867475246060006,10.751117108711004,0.0
17,12,162,10.02406715813608,0.3325997181076254,10.751117108711004,0.0
17,13,162,10.04333622303546,0.26979906373069457,10.501590837714563,0.0
17,14,162,10.019452500106077,0.3002860265714389,10.599582532333628,0.0
17,15,162,9.973665644526147,0.2807949599131858,10.599582532333628,0.0
17,16,162,9.966027359902128,0.22697884018549047,10.405835870962466,0.0
17,17,162,10.01258198373087,0.30035441552418274,10.74656343162249,0.0
17,18,162,10.040200517954839,0.3373981873130607,10.871445481127576,0.0
17,19,162,10.085450528258255,0.31613757968897876,10.871445481127576,0.0
17,20,162,10.049438676027027,0.30107132082378507,10.68948292749483,0.0
17,21,162,9.96812585797445,0.31057236919585557,10.7017222050266,0.0
17,22,162,9.94658013335803,0.338463264625845,10.7017222050266,0.0
17,23,162,10.012305510078058,0.32352121463447253,10.61846315140668,0.0
17,24,162,10.028353127481227,0.2835950698672316,10.61846315140668,0.0
17,25,162,9.97112375642704,0.2985442202394598,10.611979296034146,0.0
17,26,162,10.021545106728697,0.32571315493606895,10.877850887798141,0.0
17,27,162,10.076510747654668,0.35296742031991496,10.877850887798141,0.0
17,28,162,10.049992849645708,0.3521266480055257,10.867928670154226,0.0
17,29,162,10.033761961668144,0.32406028205160997,10.760629018036845,0.0
17,30,162,10.027434178976284,0.31220653430272327,10.760629018036845,0.0
17,31,162,9.968569485275372,0.33412782000861535,10.722353575988349,0.0
17,32,162,9.98095485913918,0.3473101781487486,10.667292695889122,0.0
17,33,162,9.994116793671777,0.31132955147206226,10.667292695889122,0.0
17,34,162,9.98136728675835,0.2929301727812208,10.546070209160838,0.0
17,35,162,9.992939774073504,0.24623531124051395,10.445034977506392,0.0
17,36,162,10.026500779018749,0.2930125304684776,10.685082479295824,0.0
17,37,162,10.035588485425075,0.3361128572990258,10.685082479295824,0.0
17,38,162,10.013867250514567,0.3184153715803875,10.595915385001529,0.0
17,39,162,9.981777387449656,0.29906142024150695,10.57505562386413,0.0
17,40,162,9.918168384491361,0.2513230566729147,10.499784678708798,0.0
17,41,162,9.91644833307346,0.27121186070845926,10.594584197781995,0.0
17,42,162,9.964709905419891,0.3146719053082679,10.78534184854055,0.0
17,43,162,9.99997780819603,0.3206910580527553,10.78534184854055,0.0
17,44,162,9.967432928786527,0.30635585454587605,10.708156646581257,0.0
17,45,162,9.931386427985288,0.30134735249976863,10.772359582106589,0.0
17,46,162,9.931631851490733,0.34069904852724187,10.772359582106589,0.0
18,0,161,9.972993684073433,0.288571676779569,10.517952832313306,0.0
18,1,161,10.049244559671243,0.32573132074906597,10.908652939996902,0.0
18,2,161,10.035802563641399,0.34485638076732444,10.908652939996902,0.0
18,3,161,9.968640475444063,0.32478067490573026,10.679960681661463,0.0
18,4,161,9.968579802224953,0.31105840040641675,11.020561117665595,0.0
18,5,161,9.974766753716679,0.32298143797159423,11.020561117665595,0.0
18,6,161,9.931486836076658,0.3356071425357635,10.574534913475283,0.0
18,7,161,9.98778020460837,0.33388498780863485,10.752669214238622,0.0
18,8,161,10.044522769566434,0.31001388552285897,10.791985852677243,0.0
18,9,161,10.033352329370311,0.3346462091263202,10.80823707461203,0.0
18,10,161,10.063044316759834,0.35927492598012173,10.80823707461203,0.0
18,11,161,10.0217671747449,0.3258327512194593,10.62255572002647,0.0
18,12,161,9.970840005347796,0.30877339114735036,10.724733793921633,0.0
18,13,161,10.002770443262035,0.2997378506264383,10.724733793921633,0.0
18,14,161,9.976128796846346,0.2688595208134171,10.64751610642063,0.0
18,15,161,9.964215370567185,0.2792715955793047,10.704542037851247,0.0
18,16,161,10.004016716709904,0.2675103607811104,10.704542037851247,0.0
18,17,161,10.048807089245685,0.2687903848565831,10.648603860237447,0.0
18,18,161,10.081174911493685,0.28614848371234486,10.800990037931838,0.0
18,19,161,9.99450226058085,0.289359732424722,10.800990037931838,0.0
18,20,161,9.997162172190238,0.33771299740577715,10.734770598868847,0.0
18,21,161,10.042909740932659,0.34003111347207626,10.734770598868847,0.0
18,22,161,10.076715683222412,0.2876051765791064,10.764280623159477,0.0
18,23,161,10.061432074543351,0.31529775267502386,10.764280623159477,0.0
18,24,161,10.000600032559348,0.3112445468237219,10.627843581512174,0.0
18,25,161,9.965117377435995,0.30189540023289263,10.865352914485488,0.0
18,26,161,9.944394894603157,0.2824171751353227,10.865352914485488,0.0
18,27,161,10.035463207293283,0.2640370912971391,10.651499821779284,0.0
18,28,161,10.019486871156658,0.28107351479612885,10.651499821779284,0.0
18,29,161,9.999415329529002,0.28205068264091504,10.644961403782819,0.0
18,30,161,10.116568861322483,0.3191292691116881,10.840504169275642,0.0
18,31,161,10.086298022329185,0.3264837287359088,10.840504169275642,0.0
18,32,161,9.997045358516262,0.30225045362817776,10.80255510106978,0.0
18,33,161,9.967840425723093,0.32903240725049665,10.80255510106978,0.0
18,34,161,9.978385217451104,0.3205441661794345,10.87917011509343,0.0
18,35,161,10.020589914949676,0.30230685900581017,10.87917011509343,0.0
18,36,161,9.987389213537131,0.3002221416935281,10.744251929661676,0.0
18,37,161,9.989551986303931,0.3134226368797548,10.647603739037443,0.0
18,38,161,10.001958004283447,0.3478997323456272,10.647603739037443,0.0
18,39,161,9.993028962719595,0.33323827269154416,10.815593452481094,0.0
18,40,161,10.046655020463703,0.2973892906408916,10.815593452481094,0.0
18,41,161,9.998083756640069,0.2910171888451166,10.655903984759155,0.0
18,42,161,9.960643027962202,0.30045798141072266,10.643815534694866,0.0
18,43,161,9.99752003242275,0.3165305782758037,10.643815534694866,0.0
18,44,161,10.0538079586599,0.30552385420221506,10.752229261335874,0.0
18,45,161,10.080019949716702,0.28531595255905623,10.752229261335874,0.0
18,46,161,10.054423310633428,0.3166066504053651,10.732918887670564,0.0
19,0,160,9.978625969123078,0.242261161524744,10.445957983576408,0.0
19,1,160,9.980725768787325,0.3110599681323544,10.824365488322893,0.0
19,2,160,10.000685289038662,0.33911807734911226,10.824365488322893,0.0
19,3,160,9.998609498700926,0.3137606407742682,10.761418562721792,0.0
19,4,160,9.938559004248031,0.2937646338367115,10.591163647347603,0.0
19,5,160,9.96656700357822,0.2717150000064427,10.624095865005632,0.0
19,6,160,10.031794451529091,0.30503288149844626,11.087964591429138,0.0
19,7,160,9.969987268970883,0.33976754409709164,11.087964591429138,0.0
19,8,160,9.982902073345063,0.28974308829531864,10.647633558858242,0.0
19,9,160,10.047153896696702,0.27334319484046604,10.647633558858242,0.0
19,10,160,10.028442781284813,0.29101508937516335,10.636589150521557,0.0
19,11,160,10.012063855103678,0.28669645756109396,10.679312462099915,0.0
19,12,160,10.036769804503312,0.2741406061770106,10.679312462099915,0.0
19,13,160,9.978114618814162,0.28198858419831224,10.533881741789182,0.0
19,14,160,9.951868674013708,0.28268997770506743,10.444801083335692,0.0
19,15,160,10.024046373365497,0.2905380071795395,10.698122850953801,0.0
19,16,160,10.048212579891475,0.3097360562062019,10.716447217521127,0.0
19,17,160,9.999815529671999,0.3013578086655436,10.716447217521127,0.0
19,18,160,9.974059234788758,0.2832875608906999,10.625178185304726,0.0
19,19,160,10.007624985816733,0.2546830883984538,10.625178185304726,0.0
19,20,160,9.986059844353754,0.24237623120520163,10.662169046862015,0.0
19,21,160,9.95346744299855,0.28625571117080556,10.839917967118986,0.0
19,22,160,10.005066246951566,0.28495873131279664,10.839917967118986,0.0
19,23,160,10.04123304263417,0.3136793149721438,10.875855705633654,0.0
19,24,160,10.046937390138456,0.33238587841173534,10.875855705633654,0.0
19,25,160,10.014481451760757,0.26448228664056644,10.615841013832302,0.0
19,26,160,9.967745182648105,0.29562422643240466,10.465190992053332,0.0
19,27,160,9.97177203340683,0.3168759342265223,10.627533183508897,0.0
19,28,160,9.997655606980533,0.288120371986248,10.769990270823904,0.0
19,29,160,9.989165256771097,0.26934212257897433,10.769990270823904,0.0
19,30,160,9.991080136591876,0.2864477561221334,10.648394663885204,0.0
19,31,160,9.997548374763385,0.3202706799865913,10.648394663885204,0.0
19,32,160,9.96291498656914,0.3076755638296555,10.54773036761755,0.0
19,33,160,9.972084733691618,0.3240442066638857,10.690810319278782,0.0
19,34,160,9.974812377226861,0.31203175810242295,10.690810319278782,0.0
19,35,160,10.044280549047956,0.28051468070252555,10.571190648191042,0.0
19,36,160,10.002096668180352,0.30964859361178837,10.571190648191042,0.0
19,37,160,9.915671559683162,0.2852929578016315,10.583721156824113,0.0
19,38,160,9.999471940072475,0.28958081299080596,10.583721156824113,0.0
19,39,160,10.023363040894834,0.30016172479042613,10.745310202121447,0.0
19,40,160,10.01215566376513,0.31940329363627373,10.745310202121447,0.0
19,41,160,10.053087174745968,0.32896742745742286,10.659068384047856,0.0
19,42,160,10.025502036169593,0.30550291246468764,10.653307767849183,0.0
19,43,160,9.99227727481719,0.2927302109308277,10.559715182729573,0.0
19,44,160,10.03957561456461,0.27811207798278664,10.805075226354845,0.0
19,45,160,10.01384658016553,0.2767998281328796,10.805075226354845,0.0
19,46,160,9.961121676375763,0.2913316469056113,10.710396439562226,0.0
20,0,159,10.015853572977932,0.3037452191721289,10.805709962665343,0.0
20,1,159,10.010253916922036,0.307180056400784,10.805709962665343,0.0
20,2,159,10.019956751156183,0.320460214557719,10.843229394960446,0.0
20,3,159,9.967948069711532,0.3158689802836316,10.843229394960446,0.0
20,4,159,9.941828129346185,0.27594098191593175,10.465933085796218,0.0
20,5,159,9.993418030218997,0.3049932252326903,10.693563916671863,0.0
20,6,159,9.989300354360553,0.3246358032654017,10.693563916671863,0.0
20,7,159,9.968772456807484,0.29976856634641175,10.645929961013206,0.0
20,8,159,10.002508545293308,0.3044334235101261,10.645929961013206,0.0
20,9,159,10.007821226849504,0.31978181393537974,10.568025902217663,0.0
20,10,159,10.001715547889937,0.33268883672830446,10.555767508660825,0.0
20,11,159,9.976010578949918,0.338469670307152,10.554704569580151,0.0
20,12,159,9.966300864268085,0.3214626401208353,10.715127692396853,0.0
20,13,159,10.002184606254206,0.30687160712061257,10.715127692396853,0.0
20,14,159,9.99593246104917,0.320504479931067,10.6675987056193,0.0
20,15,159,10.006578629520538,0.2924277534237816,10.6675987056193,0.0
20,16,159,10.00702338387061,0.25349901953194204,10.423409741533202,0.0
20,17,159,10.020927773069328,0.2859026822734265,10.712859107315674,0.0
20,18,159,10.050396751427776,0.30352342632460594,10.712859107315674,0.0
20,19,159,9.986739891364351,0.27458199402113515,10.635435971891436,0.0
20,20,159,9.94213833692398,0.31950582207793726,10.883530227805,0.0
20,21,159,9.981217334081935,0.3351737561060792,10.883530227805,0.0
20,22,159,9.966162953159543,0.30631021262694663,10.440721787712121,0.0
20,23,159,9.971837375479987,0.33586941250744756,10.698414327251161,0.0
20,24,159,10.000970400735795,0.333866305475295,10.698414327251161,0.0
20,25,159,10.00674698404275,0.3108947698783577,10.871571254140331,0.0
20,26,159,10.00589901314484,0.29717517579225655,10.871571254140331,0.0
20,27,159,9.957153951288573,0.27039989561729666,10.831868640705991,0.0
20,28,159,9.936925726515117,0.25643896812789846,10.72932870430947,0.0
20,29,159,9.971212380263687,0.2621318431743793,10.72932870430947,0.0
20,30,159,10.002763920016987,0.26997830789980337,10.732667144533949,0.0
20,31,159,10.01167352317579,0.31888273425319474,10.732667144533949,0.0
20,32,159,10.040516548392104,0.30913710411758843,10.729206899403964,0.0
20,33,159,10.049623607374059,0.2987873435179054,10.729206899403964,0.0
20,34,159,9.99668794707042,0.3101982743369768,10.621338472758374,0.0
20,35,159,10.025014493236343,0.2932461591868818,10.67196860720782,0.0
20,36,159,10.0207663881988,0.3174218447995414,10.67196860720782,0.0
20,37,159,10.022733045689277,0.3467472973883045,10.747408456168376,0.0
20,38,159,10.04790920761732,0.3370500436771266,10.747408456168376,0.0
20,39,159,10.00301069823079,0.29161691387827077,10.613231245926722,0.0
20,40,159,10.013358248182856,0.2235230019230056,10.450271898820755,0.0
20,41,159,10.011283497820141,0.23696196660595314,10.505987016895102,0.0
20,42,159,10.062018490717092,0.28437629363796024,10.611653470721775,0.0
20,43,159,10.028065175843643,0.2979904724615125,10.685833491344733,0.0
20,44,159,9.957584294771722,0.2637931493876693,10.685833491344733,0.0
20,45,159,9.972971080959505,0.26393190601130134,10.543266520345492,0.0
20,46,159,9.968031458529946,0.32498086848514685,10.613031160131268,0.0
21,0,158,9.979428291255491,0.2756008232903355,10.575984746559113,0.0
21,1,158,9.959537523138644,0.27989755186745485,10.497121386761947,0.0
21,2,158,9.975071528091265,0.28517279794928024,10.497121386761947,0.0
21,3,158,10.01411715220216,0.33101615387754485,10.794236104973052,0.0
21,4,158,10.030553772392437,0.3370070552657792,10.794236104973052,0.0
21,5,158,10.012813376548026,0.3017195494869752,10.848746410888914,0.0
21,6,158,9.964060264711089,0.29409874170980393,10.848746410888914,0.0
21,7,158,9.922205884847658,0.27682629671713466,10.52580478642231,0.0
21,8,158,9.94190234165417,0.2665824324493716,10.517744907597129,0.0
21,9,158,9.960396762544333,0.28858997505058337,10.647358197340084,0.0
21,10,158,9.978964179104343,0.29898930701063814,10.647358197340084,0.0
21,11,158,10.002874081500686,0.2848037284835551,10.707330477165877,0.0
21,12,158,10.023622670046803,0.30750378992973354,11.012484783858126,0.0
21,13,158,10.079496569654877,0.3119369819337372,11.012484783858126,0.0
21,14,158,10.047604970083862,0.2983394562114071,10.670245421050623,0.0
21,15,158,9.99669744977722,0.3057869964212212,10.611524807419228,0.0
21,16,158,10.037599908938883,0.30222914136722684,10.611524807419228,0.0
21,17,158,10.017352440653704,0.320999689439678,10.942008538046666,0.0
21,18,158,10.001034305514093,0.30207757689851655,10.942008538046666,0.0
21,19,158,9.968710050697299,0.2627335831791708,10.647272462403523,0.0
21,20,158,9.940817385960205,0.29174240737667934,10.647272462403523,0.0
21,21,158,9.947406727373908,0.31053165567217234,10.709130346153945,0.0
21,22,158,9.965543566915693,0.2965953766245854,10.709130346153945,0.0
21,23,158,9.987175162540048,0.2792565314974185,10.687740028775409,0.0
21,24,158,9.99001013883689,0.3084924543789103,10.824162802422144,0.0
21,25,158,9.998733561364418,0.3093730705291066,10.824162802422144,0.0
21,26,158,9.964757201494018,0.32334383877832984,10.561126074828294,0.0
21,27,158,9.900763738363962,0.32909698671910476,10.595998663120865,0.0
21,28,158,9.946609254301048,0.3684758883299693,10.87951073075221,0.0
21,29,158,9.985159988185531,0.39705981421421505,10.87951073075221,0.0
21,30,158,9.968223000520473,0.3223379724590752,10.657211034448288,0.0
21,31,158,9.98771074903927,0.23019034899295887,10.481082370676484,0.0
21,32,158,10.028645307895244,0.28257517045347863,10.808514195690545,0.0
21,33,158,10.043182927998759,0.3321090009809235,10.814961013099982,0.0
21,34,158,10.021333876939085,0.30714811640786027,10.814961013099982,0.0
21,35,158,10.008941720821548,0.2934110170911263,10.763801708369845,0.0
21,36,158,9.990664000419518,0.28106663848190616,10.763801708369845,0.0
21,37,158,9.971184052288974,0.2761985516438917,10.511539559338992,0.0
21,38,158,9.949050704213386,0.2856177202276259,10.48169114578184,0.0
21,39,158,9.956181070474033,0.28880744322910434,10.479749045161853,0.0
21,40,158,9.96499287175131,0.27737257012252803,10.479749045161853,0.0
21,41,158,9.998913254385329,0.2602785035468841,10.68350278476604,0.0
21,42,158,9.990136374175458,0.29163744447242484,10.68350278476604,0.0
21,43,158,9.926376537535624,0.29516630745345707,10.530867853668441,0.0
21,44,158,9.98476158747209,0.28950816202653684,10.56666323296766,0.0
21,45,158,10.025257904793865,0.25715398387175015,10.56666323296766,0.0
21,46,158,10.00592331302687,0.2636891961838774,10.93833367369021,0.0
22,0,157,9.99666458600979,0.30668517721946575,10.767350895714834,0.0
22,1,157,10.001384390708198,0.2996327538143776,10.767350895714834,0.0
22,2,157,9.951253954174994,0.2917848417409083,10.575856747410777,0.0
22,3,157,9.9319070622813,0.3010994075934482,10.585317634337004,0.0
22,4,157,10.02849293078052,0.29411596013648,10.694335284152663,0.0
22,5,157,10.01082497164207,0.28019124339275026,10.694335284152663,0.0
22,6,157,9.98591110240035,0.24168894567631372,10.474690456728077,0.0
22,7,157,10.001849872734745,0.28087942444056657,10.424078979998342,0.0
22,8,157,9.981797968446223,0.2744345131360082,10.409955018838463,0.0
22,9,157,10.035739506181447,0.29103947513085654,10.740520866698512,0.0
22,10,157,10.06645466054222,0.33691596455296746,10.762262995339402,0.0
22,11,157,10.007830899591676,0.3227755175439248,10.762262995339402,0.0
22,12,157,9.952693082721431,0.2843423397896304,10.562173912181738,0.0
22,13,157,9.976997897882525,0.2856520163007066,10.578728849899594,0.0
22,14,157,9.96911297704407,0.305482915938043,10.578728849899594,0.0
22,15,157,9.969518283070528,0.29158154958676713,10.57765419164644,0.0
22,16,157,9.975787726572012,0.2784283859242491,10.57503178584439,0.0
22,17,157,10.021740213206995,0.29153763733094,10.68880112893501,0.0
22,18,157,10.100624874295034,0.27633310864735916,10.68880112893501,0.0
22,19,157,10.065074884889588,0.3265343406913826,10.735241976178905,0.0
22,20,157,10.054440465186557,0.3423802232235732,10.735241976178905,0.0
22,21,157,10.05684565279706,0.28822914171461494,10.667699734670757,0.0
22,22,157,9.992346823820748,0.26385582795372325,10.634607597624914,0.0
22,23,157,9.91974476229124,0.29927871775122983,10.637613298898861,0.0
22,24,157,9.966902265504649,0.3237232922291356,10.637613298898861,0.0
22,25,157,10.002660901388921,0.2964870432900547,10.572948361171193,0.0
22,26,157,9.96575119973784,0.27728137215163173,10.572948361171193,0.0
22,27,157,9.964241624993859,0.2879904082015917,10.61143244177448,0.0
22,28,157,9.990737817840659,0.29843602836473754,10.61143244177448,0.0
22,29,157,10.000544685294347,0.2946991284730735,10.652153005544045,0.0
22,30,157,10.006752403277464,0.27798089880616145,10.652153005544045,0.0
22,31,157,10.003810483986527,0.2860280783323414,10.741541528738034,0.0
22,32,157,9.960425115304664,0.32011656419447354,10.741541528738034,0.0
22,33,157,10.010238411923428,0.3091356921892149,10.622832682835092,0.0
22,34,157,10.055758023190407,0.32396081553371087,10.7223303680255,0.0
22,35,157,10.017658271179629,0.33441425724737944,10.790747653194309,0.0
22,36,157,9.965108021437974,0.28527718901364746,10.790747653194309,0.0
22,37,157,10.013450477899566,0.30785120916754743,10.743924164166346,0.0
22,38,157,10.031353584187006,0.3098175322604513,10.743924164166346,0.0
22,39,157,9.991984756807629,0.2901880637389861,10.587575555508701,0.0
22,40,157,10.019246145221222,0.2962793471012897,10.588551479660609,0.0
22,41,157,10.000705483895624,0.27759977756476806,10.588551479660609,0.0
22,42,157,9.993926566739102,0.30953985354285274,10.86623712292625,0.0
22,43,157,10.014101916737776,0.3170435579148391,10.86623712292625,0.0
22,44,157,9.984007654328835,0.3122719437063376,10.809791871459648,0.0
22,45,157,9.969974524237202,0.3078935942633298,10.809791871459648,0.0
22,46,157,10.032172314836407,0.24621251148160422,10.714395730870956,0.0
23,0,156,9.984271233990976,0.29280611220689096,10.612456472812836,0.0
23,1,156,10.018070212847704,0.3173838212863056,10.82160138531941,0.0
23,2,156,10.044579392917337,0.29667422854318976,10.82160138531941,0.0
23,3,156,10.030859182728339,0.303512813179943,10.730204543730043,0.0
23,4,156,10.04960949105479,0.3388525474601515,10.730204543730043,0.0
23,5,156,9.989937580125911,0.3273090684957801,10.508665767274932,0.0
23,6,156,9.959670122745724,0.29982759731247494,10.503446125447981,0.0
23,7,156,10.052370750468105,0.2989985590090658,10.71286003946775,0.0
23,8,156,10.059689760937365,0.30657296277582724,10.71286003946775,0.0
23,9,156,10.029566227750255,0.30943966521473126,10.633805294286594,0.0
23,10,156,10.003813288623226,0.2590434235966185,10.624537307734442,0.0
23,11,156,10.00746442934833,0.2871204303573155,10.704815389373525,0.0
23,12,156,10.047529817841088,0.31786239784385634,10.704815389373525,0.0
23,13,156,10.001930996450904,0.3078223435487725,10.561554487381061,0.0
23,14,156,10.0090060952871,0.331955751420758,10.718760152039664,0.0
23,15,156,10.030824028315617,0.30058654788402633,10.718760152039664,0.0
23,16,156,9.986343142662014,0.2768346196794645,10.614278341891753,0.0
23,17,156,10.023253669668904,0.2925678665587753,10.614278341891753,0.0
23,18,156,10.039165268633027,0.28006071868438176,10.574869071193767,0.0
23,19,156,10.042233888647855,0.3169511547823101,11.05253030387071,0.0
23,20,156,10.1130108758311,0.32121633794919097,11.05253030387071,0.0
23,21,156,10.101645255073244,0.32263548832711414,10.940661335427196,0.0
23,22,156,9.995359707956093,0.32352117134393743,10.84475595283013,0.0
23,23,156,9.980933233169662,0.2823325102992381,10.502499843692583,0.0
23,24,156,10.047045852620148,0.2957323697941508,10.772743049843184,0.0
23,25,156,9.991782174468684,0.30218134822990506,10.772743049843184,0.0
23,26,156,9.994272840185966,0.2878006078623396,10.59684688413365,0.0
23,27,156,10.007991533834844,0.32034017595328274,10.833513133744985,0.0
23,28,156,10.002328904772709,0.33256029549346217,10.833513133744985,0.0
23,29,156,10.018369373451662,0.26022824850921505,10.660228024910024,0.0
23,30,156,9.966193221394423,0.2804489234169993,10.772243050422327,0.0
23,31,156,9.995783543266246,0.3170871707027667,10.772243050422327,0.0
23,32,156,10.078134437753572,0.2828045296772403,10.733127821620666,0.0
23,33,156,10.08194714596858,0.3336674245962272,10.841647629641482,0.0
23,34,156,9.99584898331763,0.3094381094126782,10.841647629641482,0.0
23,35,156,9.988115446274369,0.24620559045986798,10.745001204777347,0.0
23,36,156,9.990361499347442,0.26383132613363713,10.745001204777347,0.0
23,37,156,9.977570761613519,0.28856508559063787,10.880725231647034,0.0
23,38,156,10.005769627973072,0.2985453264721738,10.880725231647034,0.0
23,39,156,10.040581002949914,0.2882781460787034,10.828396393124558,0.0
23,40,156,10.058262451293352,0.26985906618007405,10.766926763164296,0.0
23,41,156,9.974500555939182,0.2914914670959611,10.766926763164296,0.0
23,42,156,9.994346852901607,0.3223527038920923,10.60946152480283,0.0
23,43,156,10.058975259159974,0.3081677964801187,10.620228779284915,0.0
23,44,156,10.003283551189895,0.3178698730159462,10.82151195119724,0.0
23,45,156,9.986263606624565,0.2894213559834936,10.82151195119724,0.0
23,46,156,10.015238721826634,0.2855303413243802,10.786174334087086,0.0
24,0,155,9.96066264328313,0.328129654498932,10.613048844311995,0.0
24,1,155,10.01103132872495,0.2955564896710238,10.609423308811346,0.0
24,2,155,10.055396615900326,0.23984435820273511,10.609423308811346,0.0
24,3,155,10.01672725075216,0.272372892995752,10.645505865215501,0.0
24,4,155,10.00351811370034,0.3035125644473085,10.645505865215501,0.0
24,5,155,9.992467628738588,0.27863623627302786,10.508480469217602,0.0
24,6,155,9.964012872728487,0.27591887903734114,10.597276745561961,0.0
24,7,155,9.971984874239935,0.29816992580580676,10.613848553735082,0.0
24,8,155,10.018788376137858,0.32301270052932,10.778920032968886,0.0
24,9,155,10.0283997781192,0.3362323029665745,11.018798095521738,0.0
24,10,155,10.001409378046917,0.3459304730585802,11.018798095521738,0.0
24,11,155,10.003287576273175,0.31370202041782685,10.742026538220143,0.0
24,12,155,9.998190007573962,0.2624314531562467,10.592765986201094,0.0
24,13,155,10.007487719339515,0.28482878213956114,10.592765986201094,0.0
24,14,155,10.016652146998943,0.2783965768243991,10.536975837399453,0.0
24,15,155,9.991518480873882,0.2906405731008966,10.673603111384349,0.0
24,16,155,9.970950566164186,0.3302821165416933,10.673603111384349,0.0
24,17,155,10.00191788536595,0.3197775649492987,10.83592758775544,0.0
24,18,155,9.96476191083051,0.3191341541410795,10.83592758775544,0.0
24,19,155,9.949706150037818,0.31264412899759736,10.727971909348105,0.0
24,20,155,10.0708868014779,0.2918640977867225,10.895911643048594,0.0
24,21,155,10.082416363901102,0.2926433088492444,10.895911643048594,0.0
24,22,155,9.986707101891264,0.27422695225283317,10.513000853738932,0.0
24,23,155,9.955813887385972,0.23683359150887037,10.513000853738932,0.0
24,24,155,9.983936135064434,0.23065403657722064,10.541841754361744,0.0
24,25,155,9.964800282858725,0.2705947071725164,10.541841754361744,0.0
24,26,155,9.9221099957099,0.308526609731791,10.572315953160452,0.0
24,27,155,9.918187678203704,0.31746453369394806,10.572315953160452,0.0
24,28,155,9.941199668914392,0.27718639656699384,10.442168891766222,0.0
24,29,155,9.975253656830038,0.2579712179367994,10.677137946778917,0.0
24,30,155,10.018531881007092,0.2822537341746332,10.677137946778917,0.0
24,31,155,10.031422412472967,0.29430364322394165,10.595991965156543,0.0
24,32,155,10.024356261430594,0.29555709258482527,10.595991965156543,0.0
24,33,155,10.001856515836794,0.26620875457230475,10.573955036844088,0.0
24,34,155,10.0375645762085,0.2968981275831909,10.716616249391329,0.0
24,35,155,10.031824092505877,0.30915114866330395,10.716616249391329,0.0
24,36,155,9.965557271211178,0.2759884699919566,10.549814838914202,0.0
24,37,155,10.041192792437531,0.2960980838319745,10.592694874270556,0.0
24,38,155,10.04273567224178,0.32578433217624597,10.592694874270556,0.0
24,39,155,9.992826385967236,0.2998971532128246,10.545197627166429,0.0
24,40,155,10.007376295996549,0.3034313409539499,10.545197627166429,0.0
24,41,155,9.99169728175778,0.3335133150807088,10.743858955710463,0.0
24,42,155,9.959631161589082,0.328469741838145,10.743858955710463,0.0
24,43,155,9.984324511484646,0.3086219545583519,10.63164601756176,0.0
24,44,155,10.055236671292073,0.2592888265748243,10.592257278239853,0.0
24,45,155,10.060233636583172,0.2549905714988479,10.578708673160591,0.0
24,46,155,10.064646938568137,0.2634599715180154,10.58575480193186,0.0
25,0,154,9.95502462372967,0.2969489285247056,10.61490906199813,0.0
25,1,154,10.01853445639772,0.3002222965820748,10.61490906199813,0.0
25,2,154,10.018823422422077,0.29155553156505537,10.685639130914614,0.0
25,3,154,10.042885975122886,0.30428742950778664,10.685639130914614,0.0
25,4,154,10.012221832252095,0.33491573784713063,10.691884435353172,0.0
25,5,154,9.94700609980954,0.30634715608700624,10.691884435353172,0.0
25,6,154,9.95706012681084,0.2989543466016002,10.614810143734449,0.0
25,7,154,9.986198922165272,0.27865795363284396,10.614810143734449,0.0
25,8,154,9.982733099098342,0.24599945478276272,10.568754895558895,0.0
25,9,154,9.994841662353894,0.270002651194464,10.683329690538553,0.0
25,10,154,10.025139262611921,0.2713835534389069,10.683329690538553,0.0
25,11,154,10.023906997443142,0.2495429301702207,10.679671207708,0.0
25,12,154,10.016470523682392,0.23562446860100372,10.511633447580193,0.0
25,13,154,10.00549417813072,0.2535096293378219,10.565430419376527,0.0
25,14,154,9.967849318862521,0.25947687476913445,10.654719915759427,0.0
25,15,154,9.954146356602921,0.26370559437402763,10.654719915759427,0.0
25,16,154,9.966258677600042,0.29132709213255936,10.557493147587573,0.0
25,17,154,9.975370478550081,0.2757843416217092,10.557493147587573,0.0
25,18,154,10.056646903206499,0.293758958564386,10.858037342015447,0.0
25,19,154,10.028607800805364,0.33366586342712873,10.858037342015447,0.0
25,20,154,9.929216296590596,0.2803091180343759,10.429054580120413,0.0
25,21,154,9.965480220114824,0.27136316956114465,10.736690243918684,0.0
25,22,154,10.016960160082661,0.29972020996773147,10.736690243918684,0.0
25,23,154,10.018940557136116,0.3118773052854772,10.659505438194143,0.0
25,24,154,10.00623044209591,0.3168813086480526,10.635939297172197,0.0
25,25,154,10.053646023425522,0.3319885595767191,10.938072577381138,0.0
25,26,154,10.132933246978117,0.3436449804104908,10.938072577381138,0.0
25,27,154,10.122760858077113,0.3181043888459728,10.870317442087511,0.0
25,28,154,10.036298969290362,0.3040905694831434,10.870317442087511,0.0
25,29,154,10.004967302183674,0.2805172675550697,10.709264826006443,0.0
25,30,154,10.018271458320443,0.27339848884257334,10.572209888973351,0.0
25,31,154,10.024076449059795,0.31458214748036323,10.67718906613911,0.0
25,32,154,10.003564350789317,0.2888887552134567,10.67718906613911,0.0
25,33,154,10.022456267105238,0.2995383629473167,10.92016955689059,0.0
25,34,154,10.050137136535971,0.3092218985075083,10.92016955689059,0.0
25,35,154,10.069556509340536,0.27757793669949565,10.767247937003273,0.0
25,36,154,10.066574100267323,0.2850434042835609,10.767247937003273,0.0
25,37,154,10.03224692501519,0.31011982694155604,10.877216032381968,0.0
25,38,154,10.024164996476355,0.26744428089723565,10.877216032381968,0.0
25,39,154,9.970696030897438,0.2615311712406221,10.483205669181375,0.0
25,40,154,9.976433829289757,0.2942210375647578,10.577456423888961,0.0
25,41,154,10.044225079195005,0.34535482669506273,10.776486684153923,0.0
25,42,154,10.010370849056333,0.3852732557678809,10.80262341182003,0.0
25,43,154,9.997122920514464,0.3097415242258291,10.80262341182003,0.0
25,44,154,10.037876010250118,0.273363942743629,10.864489758864831,0.0
25,45,154,10.046113841288253,0.2755278066506161,10.864489758864831,0.0
25,46,154,10.049161744234592,0.2545266768690418,10.503210454882682,0.0
26,0,153,10.019745296074667,0.30895634107949704,10.72563369953724,0.0
26,1,153,10.015524592729655,0.27629480633905384,10.661926663515757,0.0
26,2,153,9.976989410485027,0.27177150857515125,10.552280634130446,0.0
26,3,153,9.985855066212075,0.3016656625214106,10.522603205130775,0.0
26,4,153,10.047957327816874,0.2924006114427117,10.867690267109145,0.0
26,5,153,10.00401662173207,0.3014119038476447,10.867690267109145,0.0
26,6,153,10.01794043274489,0.3130062166827316,10.673372206473294,0.0
26,7,153,10.029543874348873,0.29523961869495113,10.80820986164253,0.0
26,8,153,10.003417777452492,0.30005193696281457,10.80820986164253,0.0
26,9,153,9.984964832632087,0.28198148098373266,10.654004397473255,0.0
26,10,153,9.989647922606512,0.2442569136528043,10.445565317960163,0.0
26,11,153,10.024990798917583,0.2815480797855716,10.823429989640543,0.0
26,12,153,10.030013328444278,0.29473692048280636,10.823429989640543,0.0
26,13,153,10.057913852966854,0.28126615635397245,10.705499614899209,0.0
26,14,153,10.10335770601693,0.2544351201259523,10.705499614899209,0.0
26,15,153,10.03271671719483,0.2590062601353565,10.663056957404741,0.0
26,16,153,9.966780055270634,0.2631800824992466,10.663056957404741,0.0
26,17,153,10.018240443099398,0.2629382608711928,10.646319944136106,0.0
26,18,153,10.04368499328448,0.2894220025938397,10.72888918338717,0.0
26,19,153,10.005406504942238,0.2937018597858026,10.72888918338717,0.0
26,20,153,10.034686287139426,0.2897434172166019,10.642063725323009,0.0
26,21,153,10.040812089425243,0.3035750617204381,10.74466941448412,0.0
26,22,153,9.995883746604944,0.3085345996801605,10.74466941448412,0.0
26,23,153,9.999530760812698,0.26020603422039823,10.720409169223155,0.0
26,24,153,10.041032063876884,0.21417787038880354,10.487294150141345,0.0
26,25,153,10.022250912697496,0.2890552779403614,10.800214465882485,0.0
26,26,153,10.005159003676427,0.30372008754550006,10.800214465882485,0.0
26,27,153,9.997362092020941,0.28907404218117905,10.742798041377268,0.0
26,28,153,9.952949200437782,0.3045582339884316,10.632690899831212,0.0
26,29,153,10.00449285408751,0.3554634870553382,11.403959993696834,0.0
26,30,153,10.032858243575419,0.36400304302401815,11.403959993696834,0.0
26,31,153,10.046958014249725,0.3213177271685596,10.754504000877633,0.0
26,32,153,10.058093712869042,0.2936317086192012,10.709496354639752,0.0
26,33,153,10.061115741408969,0.27588182232607217,10.648898364514453,0.0
26,34,153,10.029838793748299,0.2649051211111959,10.648898364514453,0.0
26,35,153,10.013110530589179,0.28896628713271,10.808595525461604,0.0
26,36,153,10.02242832151336,0.3113079874368348,10.808595525461604,0.0
26,37,153,9.97543196647524,0.2995770950837815,10.760062071922391,0.0
26,38,153,9.995194649402803,0.2984194662066,10.811206142533885,0.0
26,39,153,10.055111750517733,0.27179713555797497,10.811206142533885,0.0
26,40,153,9.95544177270141,0.2543989394705128,10.512649375478572,0.0
26,41,153,9.937937761032199,0.27889311003638173,10.72103295640036,0.0
26,42,153,10.042641591249518,0.2893818500263085,10.72103295640036,0.0
26,43,153,10.065631777629866,0.27068964295597026,10.663429278918278,0.0
26,44,153,10.017482860830782,0.2822244545818835,10.678351256559633,0.0
26,45,153,9.987693147393466,0.30201811533863765,10.678351256559633,0.0
26,46,153,9.977339533168788,0.30844121412004666,10.802079062964937,0.0
27,0,152,10.032223501951755,0.3143682487824486,10.771223686486097,0.0
27,1,152,10.025281280017278,0.3382419490234764,10.771223686486097,0.0
27,2,152,10.00237198438329,0.3223193183387482,10.890644409691184,0.0
27,3,152,9.995692184922532,0.3155750112232979,10.890644409691184,0.0
27,4,152,9.90872889432763,0.28349276809881463,10.797584634497655,0.0
27,5,152,9.915124257556462,0.2721040745601298,10.694580333323083,0.0
27,6,152,10.011140155145004,0.2914789429440887,10.72365907313566,0.0
27,7,152,10.022065537030896,0.2901904507003716,10.72365907313566,0.0
27,8,152,10.02820542771736,0.27983229229295964,10.723845352778948,0.0
27,9,152,10.012265505889978,0.2855941780109903,10.723845352778948,0.0
27,10,152,10.008113759338856,0.2588869105301693,10.451386845951339,0.0
27,11,152,10.055432181144186,0.2703430918730146,10.560600470637228,0.0
27,12,152,10.071036311881965,0.2925683303733573,10.560600470637228,0.0
27,13,152,10.031183747427262,0.35609378581317214,10.977645605692551,0.0
27,14,152,9.963130638935068,0.37066451971898445,10.977645605692551,0.0
27,15,152,10.003705316848555,0.3448929470940754,11.094167501888473,0.0
27,16,152,10.065486046091623,0.34215328466085587,11.094167501888473,0.0
27,17,152,10.046109610008784,0.3284724569490086,10.882340433481899,0.0
27,18,152,10.025678200445407,0.2776335751396104,10.66745134497438,0.0
27,19,152,10.02032486668067,0.2423378013023574,10.578075757464376,0.0
27,20,152,9.961196293413714,0.2675248422687957,10.578075757464376,0.0
27,21,152,9.939817890841962,0.2847020643060603,10.47438669581546,0.0
27,22,152,9.983473759189604,0.31303057770689435,10.92962209803591,0.0
27,23,152,10.05446102524779,0.3177982377710713,10.92962209803591,0.0
27,24,152,10.048415608948515,0.32616778449538353,10.675059128600278,0.0
27,25,152,9.986942189796055,0.2856034480846283,10.70994987889258,0.0
27,26,152,9.994835964599597,0.24992634330793312,10.70994987889258,0.0
27,27,152,9.993992947740795,0.26041736448366765,10.637132905488302,0.0
27,28,152,9.968020677611506,0.2771587771446866,10.655078044596745,0.0
27,29,152,9.99359943788666,0.3050584636672795,10.655078044596745,0.0
27,30,152,10.026516009739872,0.32655094897885106,10.949391485453457,0.0
27,31,152,9.999730545962814,0.3292251669815995,10.949391485453457,0.0
27,32,152,9.97803016055152,0.3077480098776055,10.761935827136266,0.0
27,33,152,9.963121842894557,0.2938882977698848,10.666651121106396,0.0
27,34,152,9.993804424863743,0.2947268974035662,10.597973928260316,0.0
27,35,152,10.045245499644588,0.29763626335153004,10.743433910327639,0.0
27,36,152,10.053335332309832,0.29479421827642843,10.743433910327639,0.0
27,37,152,10.061542184734487,0.32216678673362553,10.862960785684885,0.0
27,38,152,10.062881958332891,0.3172020209994396,10.862960785684885,0.0
27,39,152,10.02946318676262,0.28528643162504563,10.85680374395453,0.0
27,40,152,9.971098043856678,0.28862794646313894,10.85680374395453,0.0
27,41,152,9.940807338858004,0.3178313439442018,10.710979190109738,0.0
27,42,152,9.937779656236504,0.3292869959688424,10.710979190109738,0.0
27,43,152,9.984347177666557,0.3436535393191294,10.862900158479311,0.0
27,44,152,10.032599442211142,0.32530117309461054,10.862900158479311,0.0
27,45,152,10.012463291095779,0.2832355927575051,10.69762895490531,0.0
27,46,152,9.955221518020167,0.2960917316932995,10.572099036226028,0.0
28,0,151,10.08428810462992,0.3146191250894355,10.769843091402462,0.0
28,1,151,10.07552802630941,0.2882047079319483,10.700439226812236,0.0
28,2,151,10.069466438433446,0.2749251375658989,10.577467350011,0.0
28,3,151,10.004003123779416,0.2467388177539924,10.577467350011,0.0
28,4,151,10.034807765561432,0.26828574884996936,10.70659131651134,0.0
28,5,151,10.074639729058257,0.2926245070594061,10.70659131651134,0.0
28,6,151,10.035157042843514,0.30996034972991526,10.64355496020451,0.0
28,7,151,10.004818585141178,0.2892898042464723,10.64355496020451,0.0
28,8,151,9.993559834450974,0.26553566025576264,10.863792043654314,0.0
28,9,151,9.98667154042827,0.31844158017318214,10.863792043654314,0.0
28,10,151,10.002986494920947,0.3030174399983602,10.63809863610455,0.0
28,11,151,9.997781708465626,0.2783170621054877,10.63809863610455,0.0
28,12,151,9.992300121411487,0.30612609786471906,11.043142082252539,0.0
28,13,151,9.957285028363003,0.31243165062428946,11.043142082252539,0.0
28,14,151,9.972519055949373,0.29083129701311805,10.870302159289201,0.0
28,15,151,10.046144454551401,0.2715406833010365,10.870302159289201,0.0
28,16,151,10.003654941053366,0.27917820673057486,10.654561358265328,0.0
28,17,151,9.96199193779714,0.2519320286891054,10.57752715511678,0.0
28,18,151,10.001599440476134,0.3001760198338501,10.762788454991775,0.0
28,19,151,10.033607148837827,0.3318296747749089,10.762788454991775,0.0
28,20,151,9.978102550064573,0.2659039697689665,10.483586738378433,0.0
28,21,151,9.910196274212922,0.28243541461058275,10.635464530654087,0.0
28,22,151,9.966822098638053,0.3025398404927572,10.635464530654087,0.0
28,23,151,10.000959203957889,0.26768022024633,10.514987519262869,0.0
28,24,151,10.036214324726869,0.3234396497944854,11.117843861660578,0.0
28,25,151,10.083967488087216,0.3136665242322369,11.117843861660578,0.0
28,26,151,10.06543754716188,0.3143584082455357,10.80213941702168,0.0
28,27,151,10.059861487580209,0.30668463584602823,10.83190048437814,0.0
28,28,151,10.027178378427562,0.2590994295479891,10.83190048437814,0.0
28,29,151,10.022017835985718,0.2995220430716732,10.602043929809819,0.0
28,30,151,10.029070103386815,0.2913317015203575,10.602043929809819,0.0
28,31,151,9.982203358629018,0.31087454845839235,10.632878529734558,0.0
28,32,151,10.001364712830759,0.3038875567216819,10.632878529734558,0.0
28,33,151,10.059067865460534,0.23780455646662638,10.77024376210133,0.0
28,34,151,10.03343490635804,0.2752555071956377,10.77024376210133,0.0
28,35,151,9.96438087853075,0.28818581247847397,10.68962284871989,0.0
28,36,151,9.941870803011799,0.2668899508220581,10.68962284871989,0.0
28,37,151,9.924128407167961,0.2830511196576915,10.599478424743614,0.0
28,38,151,9.943788917561223,0.32884468700783015,10.693083965993118,0.0
28,39,151,9.966883129549831,0.35897289529310517,10.865136515256157,0.0
28,40,151,9.938379508347568,0.3217996415779358,10.865136515256157,0.0
28,41,151,9.94154254715464,0.2695168213131504,10.574546252479445,0.0
28,42,151,9.944365138823642,0.27166477769622116,10.551624662539693,0.0
28,43,151,10.014687660613584,0.2689830337781066,10.694318525015886,0.0
28,44,151,10.050170670313598,0.24269821878945189,10.694318525015886,0.0
28,45,151,10.056149742560862,0.2305678968274362,10.505559053807158,0.0
28,46,151,10.104309267563636,0.3064038092846035,10.980893719880582,0.0
29,0,150,10.053079616466661,0.2971040732848608,10.81199776207022,0.0
29,1,150,9.993899979725843,0.299758256771761,10.693812118063747,0.0
29,2,150,10.028232476275882,0.32835927662828523,10.670758348275855,0.0
29,3,150,10.016981937560434,0.2874512273905638,10.670758348275855,0.0
29,4,150,10.009929785524754,0.25137410714155395,10.537478700091803,0.0
29,5,150,10.029066828443206,0.2668723801864038,10.506717989798469,0.0
29,6,150,10.016418686702552,0.2559331386408986,10.506717989798469,0.0
29,7,150,9.942820687736672,0.2545453479412023,10.446133932303223,0.0
29,8,150,9.935870302525066,0.2688702427491288,10.55445647785197,0.0
29,9,150,9.989869179048272,0.2951353131781035,10.55445647785197,0.0
29,10,150,10.036530630559335,0.3273089925776623,10.73741436348589,0.0
29,11,150,10.00188108871787,0.31722860889977494,10.73741436348589,0.0
29,12,150,9.936650505213704,0.3464164936502569,10.840943178189638,0.0
29,13,150,9.94413049242741,0.3348612823534312,10.840943178189638,0.0
29,14,150,9.965848248576822,0.25450508722157683,10.598540149574578,0.0
29,15,150,9.969740833403275,0.2523423659719089,10.598540149574578,0.0
29,16,150,9.95416562560923,0.26693909282781125,10.553344635387932,0.0
29,17,150,10.00792212281853,0.30511997949497305,10.909639875916875,0.0
29,18,150,10.027423069705415,0.30985844107852833,10.909639875916875,0.0
29,19,150,10.043990508176792,0.3069744172776182,10.60023822423448,0.0
29,20,150,10.066223136384727,0.2902887697598052,10.58606215876789,0.0
29,21,150,10.086845223547678,0.2814800109750558,10.656975678025997,0.0
29,22,150,10.0188661909187,0.29726012457859696,10.656975678025997,0.0
29,23,150,9.965106003874375,0.2884165166620363,10.622553000432228,0.0
29,24,150,10.052857815531935,0.32638308697482654,10.87875815505807,0.0
29,25,150,10.073353141147802,0.3391050286643554,10.87875815505807,0.0
29,26,150,10.04320670438547,0.3179572040572302,10.97633549850475,0.0
29,27,150,10.014744554207908,0.27794734125604914,10.97633549850475,0.0
29,28,150,10.023606222519822,0.2787400078630251,10.661875298212344,0.0
29,29,150,10.047193500416867,0.2948959195698463,10.661875298212344,0.0
29,30,150,10.06775315032072,0.33038123717295076,10.68070570597253,0.0
29,31,150,10.069832831924423,0.3097311054150404,10.68070570597253,0.0
29,32,150,10.034291233873493,0.2783809997972102,10.755440826521529,0.0
29,33,150,10.056538053522278,0.3122011941154137,10.781336612616913,0.0
29,34,150,10.039283301840143,0.2748080743255778,10.781336612616913,0.0
29,35,150,10.010513396285823,0.24217872802992418,10.680363260357415,0.0
29,36,150,10.055461420317856,0.28178806405929924,10.680363260357415,0.0
29,37,150,10.04467908533239,0.2876314148177458,10.681091105025091,0.0
29,38,150,10.02860921116834,0.28771044279123326,10.769100513244691,0.0
29,39,150,10.021437777817173,0.2992645009834539,10.769100513244691,0.0
29,40,150,10.039155951810232,0.2996027236098667,10.914864618104275,0.0
29,41,150,10.009096837267087,0.28386372785224956,10.914864618104275,0.0
29,42,150,9.97959977233984,0.25458236981261323,10.713325917765399,0.0
29,43,150,10.037012996263744,0.284145830421822,11.182082282359461,0.0
29,44,150,10.043917525847823,0.29449806862832184,11.182082282359461,0.0
29,45,150,10.054171690526942,0.2560944587570677,10.481978867801248,0.0
29,46,150,10.020089844553258,0.256592705162347,10.502159728590753,0.0
30,0,149,10.053533229868698,0.290694962181008,10.599664188716664,0.0
30,1,149,10.041556907602496,0.26139252682448516,10.599664188716664,0.0
30,2,149,9.981256816504711,0.24266154505648574,10.370047166691448,0.0
30,3,149,9.980655633324654,0.25461825369279556,10.529603897586307,0.0
30,4,149,9.982076921671734,0.3129239690251736,10.613185288120897,0.0
30,5,149,9.973673013680099,0.32835118539867647,10.613185288120897,0.0
30,6,149,10.004209852737981,0.2911371433927767,10.577259364046773,0.0
30,7,149,10.022164507605208,0.29820981177805717,10.490826104245807,0.0
30,8,149,10.02205719461409,0.3238238002186013,11.09143574982107,0.0
30,9,149,9.96610338878563,0.34423172437090876,11.09143574982107,0.0
30,10,149,9.988618797053144,0.31565523057664885,10.627707231579612,0.0
30,11,149,10.04992267256954,0.2930459246652631,10.660671299768794,0.0
30,12,149,10.009270986891254,0.31923363074020705,10.660671299768794,0.0
30,13,149,9.969892123545192,0.29664391449286753,10.592438904764851,0.0
30,14,149,10.012005315633255,0.3148762241461513,10.712500976372514,0.0
30,15,149,10.022061241520374,0.33912873162086316,10.712500976372514,0.0
30,16,149,10.020004929454242,0.3132046928980071,10.977423832577747,0.0
30,17,149,10.1056088041395,0.28767853378387376,10.977423832577747,0.0
30,18,149,10.051045967213767,0.286979488023423,10.657970789753906,0.0
30,19,149,10.018556631634814,0.3013359450875236,10.739689081560886,0.0
30,20,149,10.06836893684166,0.3311150034556234,10.825353758455424,0.0
30,21,149,10.037291070979778,0.2909637705360796,10.825353758455424,0.0
30,22,149,9.967010949518126,0.2885761612164926,10.747069111227285,0.0
30,23,149,9.9568305118611,0.3082248694314238,10.747069111227285,0.0
30,24,149,9.948865319243865,0.28539698223522025,10.647905131038131,0.0
30,25,149,9.9261673643707,0.2790187434531768,10.577043657320898,0.0
30,26,149,9.947316716981366,0.2645946515245458,10.659320603446396,0.0
30,27,149,9.982763472713334,0.26906376879964555,10.713088848984054,0.0
30,28,149,10.001502679295863,0.2900936036043957,10.830314392585407,0.0
30,29,149,9.984685826425842,0.29399314084086775,10.830314392585407,0.0
30,30,149,9.951119154654108,0.2828151101482749,10.45904832065049,0.0
30,31,149,9.964142218127087,0.28114004851453867,10.6105105302402,0.0
30,32,149,10.077388206506376,0.2549356618893248,10.622376334355348,0.0
30,33,149,10.02499067723295,0.29993570579708106,10.622376334355348,0.0
30,34,149,10.01342739201389,0.33177386921764207,10.821165835528502,0.0
30,35,149,10.04379402085424,0.28590366594481287,10.821165835528502,0.0
30,36,149,10.03497651651165,0.272611815867838,10.706668749640658,0.0
30,37,149,10.019075116665421,0.27995852759217255,10.645830724889443,0.0
30,38,149,10.021506771611628,0.31029299385859394,10.965605924603668,0.0
30,39,149,10.08440053945677,0.3651719010095053,11.47337749313637,0.0
30,40,149,10.068335358330534,0.37476286542037607,11.47337749313637,0.0
30,41,149,10.023832787878689,0.29877782966290023,10.72865276035712,0.0
30,42,149,9.934350115791293,0.26277125881893115,10.361898881555904,0.0
30,43,149,9.95196434975231,0.30199517220683425,10.680533800252913,0.0
30,44,149,10.041815812112558,0.27844219177513535,10.775399336926027,0.0
30,45,149,10.076885237826124,0.2964188380621828,11.218660385973669,0.0
30,46,149,10.038172069676607,0.3223107949256421,11.218660385973669,0.0
31,0,148,10.023551812334507,0.32471288680992305,10.658384824550678,0.0
31,1,148,9.983561390759196,0.29848764178254406,10.636372991363686,0.0
31,2,148,9.925170438043736,0.2900663207873206,10.636372991363686,0.0
31,3,148,9.986646563012178,0.31318092324701846,10.705989275201334,0.0
31,4,148,10.027097273189543,0.3163052814861651,10.705989275201334,0.0
31,5,148,9.971340581379401,0.3116682191351951,10.661685632983115,0.0
31,6,148,10.004390880893538,0.3172318777566814,10.690664252896623,0.0
31,7,148,10.000787454292947,0.33666294759436816,10.690664252896623,0.0
31,8,148,9.958558997655519,0.3207924511426456,10.497353289709064,0.0
31,9,148,9.959356249756317,0.2907985733632724,10.497353289709064,0.0
31,10,148,9.993818541704528,0.32713108629791365,10.673130421623329,0.0
31,11,148,10.002936314439498,0.3483326367238622,10.673130421623329,0.0
31,12,148,10.006831838513307,0.3016182837453925,10.671538314314954,0.0
31,13,148,9.970898665688752,0.286783018666189,10.656900868158468,0.0
31,14,148,9.958633257558311,0.2712844764382584,10.625564637696154,0.0
31,15,148,10.021487204245927,0.27314917885266576,11.101855106187783,0.0
31,16,148,9.991693474167636,0.3047821697459275,11.101855106187783,0.0
31,17,148,9.964049825760425,0.30477337252978315,10.58685614637654,0.0
31,18,148,10.017186109163955,0.32002597045544323,10.934833524455668,0.0
31,19,148,10.037764617434057,0.32735144695218427,10.934833524455668,0.0
31,20,148,10.010323621508444,0.3028254003931103,10.671075314119769,0.0
31,21,148,10.01728852854272,0.2642828792728561,10.540073535763897,0.0
31,22,148,10.02573682055996,0.2615618496864344,10.616572609793938,0.0
31,23,148,9.999093148571346,0.3069293998755882,10.621806388171638,0.0
31,24,148,9.98192668458676,0.32014589271108074,10.69259844782832,0.0
31,25,148,9.990102453262354,0.2789432344609716,10.741315590764497,0.0
31,26,148,10.012788771936197,0.275178667028827,10.835345785916923,0.0
31,27,148,9.997202052319876,0.272155073949254,10.835345785916923,0.0
31,28,148,10.014731591368038,0.31055808816678904,10.609258049007856,0.0
31,29,148,10.101868480893936,0.34442801431376757,11.062281485211548,0.0
31,30,148,10.070470799523088,0.3330702666777581,11.062281485211548,0.0
31,31,148,9.973221673991832,0.3165419380227043,10.616334877035793,0.0
31,32,148,9.963574269933842,0.28436997829659577,10.516305102150918,0.0
31,33,148,10.037108472980918,0.28491348123308075,10.68518499619197,0.0
31,34,148,10.045997893247678,0.28003828351679994,10.68518499619197,0.0
31,35,148,9.997041175914418,0.2471340606504677,10.507106349317358,0.0
31,36,148,10.009233303890243,0.24539004902662778,10.78478090247679,0.0
31,37,148,10.02993350137538,0.2554783374195083,10.78478090247679,0.0
31,38,148,10.004073452703762,0.27487690682181537,10.70162969880769,0.0
31,39,148,9.97410695874591,0.285828981758092,10.48469313861393,0.0
31,40,148,10.031108361812937,0.2922592531891051,10.515763413275153,0.0
31,41,148,10.044447873782788,0.2953980868812663,10.86262326902107,0.0
31,42,148,10.011059572467575,0.3100170694041367,10.86262326902107,0.0
31,43,148,9.977991835793471,0.29140069511788735,10.854029436680591,0.0
31,44,148,9.994529522450676,0.2691787196028144,10.703102781306168,0.0
31,45,148,10.022913778857808,0.2923249572041191,10.703102781306168,0.0
31,46,148,9.999545838919897,0.32735317795790153,10.605829802035146,0.0
32,0,147,10.044845181376944,0.3264793159232348,10.581096237455624,0.0
32,1,147,10.00247551819102,0.28940688470606535,10.581096237455624,0.0
32,2,147,10.002860228884803,0.27484947308322677,10.498095866397724,0.0
32,3,147,10.06005291698271,0.3195975894934773,10.68177282593299,0.0
32,4,147,10.048378514040598,0.31612528993997024,10.7576871109485,0.0
32,5,147,10.02036855661376,0.26665217074752817,10.7576871109485,0.0
32,6,147,10.029488206684475,0.2882797116185448,10.676209822202127,0.0
32,7,147,9.994868330651176,0.28693060683988303,10.676209822202127,0.0
32,8,147,10.009874709491399,0.26664922678765907,11.008553257647819,0.0
32,9,147,10.047201194928938,0.2905408114287656,11.008553257647819,0.0
32,10,147,10.011067798259859,0.2738078225752956,10.81049423226734,0.0
32,11,147,9.967696201079217,0.25309380663414255,10.538349090870572,0.0
32,12,147,10.020617738736474,0.31266518181759967,10.63936810774191,0.0
32,13,147,10.047515984096288,0.3067143603188028,10.63936810774191,0.0
32,14,147,10.037111404627488,0.28676831016946375,10.831720112346828,0.0
32,15,147,10.017263834293836,0.29196333694532023,10.831720112346828,0.0
32,16,147,9.987701994326047,0.2848769364557087,10.564657821778818,0.0
32,17,147,10.021415495674924,0.2553278884721298,10.564657821778818,0.0
32,18,147,10.048828927121262,0.2235543509943373,10.4605946223659,0.0
32,19,147,10.012258933858483,0.31403455188927193,10.757326507282164,0.0
32,20,147,9.988673728504994,0.32527683756649595,10.757326507282164,0.0
32,21,147,9.971990458389012,0.28828869198982465,10.683217601649455,0.0
32,22,147,9.955749575614947,0.30728291673334956,10.62230554434133,0.0
32,23,147,9.926564586270674,0.3247507586047277,10.629265722446897,0.0
32,24,147,9.953213208259413,0.32834664338094144,10.629265722446897,0.0
32,25,147,10.00286510743669,0.2998751708424992,10.555614669676698,0.0
32,26,147,10.019842364035119,0.2650306068688309,10.498186789613925,0.0
32,27,147,10.004267898981,0.2727769862208217,10.537355091401006,0.0
32,28,147,9.95384195287539,0.273652415993791,10.537355091401006,0.0
32,29,147,9.988879285689473,0.2846126807114917,10.70884052156313,0.0
32,30,147,10.00341783462573,0.31369814239822175,10.70884052156313,0.0
32,31,147,10.024307102666935,0.3150968768053655,10.607946030988515,0.0
32,32,147,10.023524046727701,0.3159370455298268,10.607946030988515,0.0
32,33,147,10.00306810270188,0.31352212088263914,10.644113429310373,0.0
32,34,147,10.01571468754733,0.29993242212599763,10.674349805725893,0.0
32,35,147,9.960138092920555,0.26751622384588564,10.674349805725893,0.0
32,36,147,9.97392928433941,0.2415551089799322,10.481432779719183,0.0
32,37,147,10.060101496574028,0.2960711941103451,10.828336410130264,0.0
32,38,147,10.055553415718553,0.3336043506970218,10.828336410130264,0.0
32,39,147,10.057706230253332,0.33318956758479984,10.680951627435988,0.0
32,40,147,10.07445161933969,0.30914201630920385,10.637661301580401,0.0
32,41,147,10.112319210386353,0.29135382700176166,10.719784169974195,0.0
32,42,147,10.121703675650199,0.3215275714223492,10.719784169974195,0.0
32,43,147,10.047936794643315,0.298457613770627,10.6597231971724,0.0
32,44,147,10.024474866680862,0.2913391735664496,10.776946569301387,0.0
32,45,147,10.044205945377355,0.3498450447707878,10.795477845743484,0.0
32,46,147,10.0184249775201,0.3346294593441362,10.795477845743484,0.0
33,0,146,10.022715927056423,0.2640384359196312,10.668268978599505,0.0
33,1,146,9.988925386376707,0.27963796474740354,10.62500189579516,0.0
33,2,146,9.963983952980652,0.2846480381256584,10.62500189579516,0.0
33,3,146,9.955494560321121,0.31206319047453934,10.555670562033287,0.0
33,4,146,9.995716496732111,0.3079344681329748,10.729821423091796,0.0
33,5,146,10.00556014933212,0.27331777173966604,10.729821423091796,0.0
33,6,146,10.06126853801217,0.286769045254235,10.671181834269982,0.0
33,7,146,10.084133938760294,0.28905489361074244,10.675500643048583,0.0
33,8,146,10.04378547883615,0.2890376434073707,10.675500643048583,0.0
33,9,146,10.054293148431752,0.3080273071760622,10.637850316571667,0.0
33,10,146,10.047097523611676,0.3167605337522459,10.783320561492626,0.0
33,11,146,10.009563385457907,0.3166235492690876,10.783320561492626,0.0
33,12,146,10.002789043037726,0.28042287624556395,10.536782668654945,0.0
33,13,146,10.029211696834459,0.24738265788675934,10.541875305754807,0.0
33,14,146,10.005199665901555,0.26677881845547063,10.732602643851143,0.0
33,15,146,9.956931475204437,0.2998818976661649,10.799414311925874,0.0
33,16,146,10.030197799943823,0.3087600182220098,10.799414311925874,0.0
33,17,146,10.07671892037259,0.274606778603946,10.646822242122674,0.0
33,18,146,10.013865847145317,0.3066458329372031,10.787648465950479,0.0
33,19,146,9.999552745945302,0.3335830264564138,10.911400886877226,0.0
33,20,146,10.028345299013926,0.2964694661406744,10.911400886877226,0.0
33,21,146,10.045642926696333,0.25689725801401175,10.626641125125055,0.0
33,22,146,9.98033722635717,0.26764145975006187,10.588684290889404,0.0
33,23,146,10.004557037198179,0.3448999471514137,10.970510370015168,0.0
33,24,146,10.073415261389652,0.38030334607395405,10.970510370015168,0.0
33,25,146,10.025481487696347,0.35560879741021467,10.780036345609869,0.0
33,26,146,9.956012080635748,0.29800094962790846,10.69818523941685,0.0
33,27,146,9.98700493302799,0.2529171910766658,10.377602739316231,0.0
33,28,146,10.009969279439034,0.28340833622804124,10.627487114105469,0.0
33,29,146,9.961424728938178,0.30451226131533393,10.65201371085257,0.0
33,30,146,9.998269365521068,0.28989417699271597,10.65201371085257,0.0
33,31,146,9.977618096695858,0.2870387445053565,10.6247684027861,0.0
33,32,146,9.954377309472418,0.3047340423669443,10.537086312348766,0.0
33,33,146,10.028296864704721,0.33136790568033403,10.638577383229089,0.0
33,34,146,10.00772924728978,0.3410630748232287,10.638577383229089,0.0
33,35,146,9.976141125689766,0.28167673925350867,10.61561187462331,0.0
33,36,146,10.072795104119162,0.2399978953882944,10.587995280440325,0.0
33,37,146,10.087706494764179,0.24982986851795982,10.587995280440325,0.0
33,38,146,10.002985694735626,0.2712736043888703,10.460531282067578,0.0
33,39,146,10.016678179188558,0.27371994772288477,10.547690291630225,0.0
33,40,146,10.027281356218984,0.2924117541118755,10.665851352559116,0.0
33,41,146,10.019849474026326,0.3063501658933317,10.665851352559116,0.0
33,42,146,9.997192045398345,0.28972876090022714,10.772490962608877,0.0
33,43,146,9.932627916987286,0.3010746287170494,10.772490962608877,0.0
33,44,146,9.936406706938435,0.31011589782751386,10.502901279309254,0.0
33,45,146,10.030051524786035,0.3390462468288923,10.852453730235252,0.0
33,46,146,10.04340956974239,0.3409423700917718,10.858917959844607,0.0
34,0,145,10.043168353209268,0.33550612889770687,10.96154887023431,0.0
34,1,145,10.031728521958563,0.29701415407258636,10.735401839100973,0.0
34,2,145,10.021076027221802,0.30835555598039815,10.649473653051698,0.0
34,3,145,10.015902915801062,0.3335409547440532,10.716032311521431,0.0
34,4,145,9.971000743878442,0.32998754575436473,10.716032311521431,0.0
34,5,145,10.00162498423052,0.35201871468964135,11.045434203162621,0.0
34,6,145,10.0398803204267,0.32966433021176217,11.045434203162621,0.0
34,7,145,10.01421371402559,0.2725330645867973,10.659465739657334,0.0
34,8,145,9.963757006931624,0.24891544658573575,10.607133678543072,0.0
34,9,145,9.96347193328292,0.2392419596193868,10.607133678543072,0.0
34,10,145,10.055992393685711,0.2586230213860588,10.852381731352157,0.0
34,11,145,10.04566940834315,0.2998031681348649,10.852381731352157,0.0
34,12,145,9.971482553111148,0.25319674696112615,10.728436572283274,0.0
34,13,145,9.943597744820591,0.24855597775471558,10.41719202431563,0.0
34,14,145,9.963874612640588,0.31057219931450114,10.72207929036891,0.0
34,15,145,9.999985366931583,0.3340930419627749,10.751657129352855,0.0
34,16,145,9.985534739359476,0.29528566499528913,10.751657129352855,0.0
34,17,145,9.999528293942355,0.30709790107875357,10.767116350649781,0.0
34,18,145,10.016494966547265,0.3644851737163109,10.805268958703705,0.0
34,19,145,9.99277288215021,0.34971571859594897,10.805268958703705,0.0
34,20,145,9.962966112795801,0.31275687296533844,10.669018480459213,0.0
34,21,145,9.934652461598333,0.28733934767723635,10.669018480459213,0.0
34,22,145,9.954334454337362,0.3114822131479778,10.99927938622429,0.0
34,23,145,10.031368995876775,0.32719731402209473,10.99927938622429,0.0
34,24,145,10.020479690228246,0.2924994931787106,10.646941746942664,0.0
34,25,145,9.973792723628438,0.2475950811475626,10.557480693313078,0.0
34,26,145,10.041203098618825,0.2742600371372537,10.648502266393425,0.0
34,27,145,10.04864689382803,0.30092618857966075,10.648502266393425,0.0
34,28,145,10.00103949891277,0.2946906853540174,10.59339071085701,0.0
34,29,145,10.029526602738633,0.29540715711681664,10.792742722062597,0.0
34,30,145,10.016273156802015,0.27055799841867456,10.792742722062597,0.0
34,31,145,9.993458257816043,0.2806249694724915,10.636622960494712,0.0
34,32,145,9.984092635876946,0.3039988435322936,10.636622960494712,0.0
34,33,145,9.875560789838758,0.29659867913949023,10.614976469176227,0.0
34,34,145,9.915171832144079,0.3259530313196268,10.844941159537644,0.0
34,35,145,10.037346403686097,0.31286707946655606,10.844941159537644,0.0
34,36,145,9.989159562871901,0.30921551265812397,10.544982267105699,0.0
34,37,145,10.015476091142176,0.3136039999358056,10.6927346599142,0.0
34,38,145,10.006295092572365,0.2984866080921361,10.727076078869933,0.0
34,39,145,9.953976745603963,0.28495815874603914,10.727076078869933,0.0
34,40,145,10.029725735190247,0.3255743352689056,10.850770779150569,0.0
34,41,145,10.05465153800053,0.32426235544811466,10.850770779150569,0.0
34,42,145,10.046889256729322,0.3093658515114575,10.9597245237499,0.0
34,43,145,10.016351539816286,0.3069296968920699,10.9597245237499,0.0
34,44,145,10.013900644453946,0.3016224828658374,10.58473257298591,0.0
34,45,145,10.020562681142794,0.2781955173501491,10.58473257298591,0.0
34,46,145,9.969523904864603,0.24884800950940378,10.530264855662644,0.0
35,0,144,10.04395820998971,0.29185901558277344,10.833388344820174,0.0
35,1,144,9.972393219667405,0.3228751167540995,10.833388344820174,0.0
35,2,144,9.965299122438791,0.30392733508007186,10.550868157427898,0.0
35,3,144,10.026773494912492,0.29680310163928186,10.69433697269777,0.0
35,4,144,10.016346659356087,0.2818534039392801,10.69433697269777,0.0
35,5,144,10.014044483588386,0.2978858846296824,10.639279566587783,0.0
35,6,144,9.993213030004425,0.3085992119020816,10.639279566587783,0.0
35,7,144,9.975306713829136,0.3078592189795646,10.628912215558346,0.0
35,8,144,10.018473365096172,0.35935972390072,10.824993572486115,0.0
35,9,144,10.032340432521558,0.33466621523012224,10.824993572486115,0.0
35,10,144,10.039153536999054,0.31026990222347167,10.680892962761522,0.0
35,11,144,10.0384806348352,0.2810781571443261,10.492888854650321,0.0
35,12,144,10.015907448184146,0.2542616721611044,10.50779242038712,0.0
35,13,144,9.995466436250746,0.284468287090155,10.658297019801763,0.0
35,14,144,9.95885274259825,0.2979875131716327,10.843733253162082,0.0
35,15,144,9.967697575574308,0.29760079397397093,10.843733253162082,0.0
35,16,144,10.037127353503822,0.2835775110497475,10.593330972454508,0.0
35,17,144,10.066219478572762,0.28080286084174577,10.628506956344314,0.0
35,18,144,10.013700557230912,0.27881955924397844,10.628506956344314,0.0
35,19,144,9.978039736016562,0.30018586534113745,10.627727762797194,0.0
35,20,144,9.984042464132788,0.31618789449659274,10.627727762797194,0.0
35,21,144,10.074482781534437,0.31157926240417233,10.885569356309308,0.0
35,22,144,10.032168121462323,0.32968085679465287,10.885569356309308,0.0
35,23,144,9.98251652966498,0.3145568843572379,10.747823305423493,0.0
35,24,144,10.069838501218562,0.28589041416556643,10.747823305423493,0.0
35,25,144,10.054558555849344,0.283030254611255,10.614889063166911,0.0
35,26,144,10.013264497361591,0.312818976700438,10.770484350628974,0.0
35,27,144,9.996729559699318,0.28646188126274175,10.770484350628974,0.0
35,28,144,9.999503132723135,0.28728438943591206,10.950216659542829,0.0
35,29,144,10.032789552255405,0.3346242125998837,10.950216659542829,0.0
35,30,144,10.043831520334114,0.33878427299978897,10.812162357432527,0.0
35,31,144,10.049668550027343,0.3138154685429797,10.711227620000047,0.0
35,32,144,9.976604761682973,0.3208003981876721,10.711227620000047,0.0
35,33,144,9.978781782045756,0.2944167500218206,10.615768338823887,0.0
35,34,144,10.022574945378617,0.2798307407990213,10.77088466498735,0.0
35,35,144,9.954233552545,0.29607810798069295,10.77088466498735,0.0
35,36,144,9.927499863185977,0.26772167306598776,10.463400433106438,0.0
35,37,144,9.968523663550066,0.28571464676303787,10.591645540798385,0.0
35,38,144,10.008680806725271,0.2822255023563293,10.743151282740484,0.0
35,39,144,10.027806195441636,0.2643474409991842,10.743151282740484,0.0
35,40,144,9.99069339859788,0.2900120435061695,10.672074040932854,0.0
35,41,144,9.94530025582303,0.3264652864107352,10.672074040932854,0.0
35,42,144,10.008660095047277,0.35087958374483313,10.69150635942366,0.0
35,43,144,10.023678798229986,0.33693608887009946,10.69150635942366,0.0
35,44,144,9.961094835663676,0.32218000039733186,10.636708363764571,0.0
35,45,144,9.968392874739484,0.29764846252811367,10.485908453036755,0.0
35,46,144,10.047349030263435,0.27479287260670404,10.806492077643007,0.0
36,0,143,10.018052587562275,0.3405602418865975,10.770416595211863,0.0
36,1,143,10.045055144799404,0.3154801593489951,10.770416595211863,0.0
36,2,143,10.08462630550623,0.27386051798300354,10.686459096094566,0.0
36,3,143,10.036693910926624,0.3114297425112601,10.686459096094566,0.0
36,4,143,9.994458078269632,0.2911799229927748,10.68126656699261,0.0
36,5,143,9.993172234932244,0.31659741197331404,10.789139024263282,0.0
36,6,143,9.971870882545362,0.3338251663288445,10.789139024263282,0.0
36,7,143,10.024402114593565,0.27264995699416467,10.501113499604106,0.0
36,8,143,10.010561802250482,0.26389387725862723,10.6599570608655,0.0
36,9,143,9.994302370334784,0.3088677726983652,10.841688837917227,0.0
36,10,143,9.964930297947054,0.34887091081473715,10.841688837917227,0.0
36,11,143,9.983563448919313,0.3640157533623337,10.91467504998871,0.0
36,12,143,10.103935989186848,0.31621126118181675,10.91467504998871,0.0
36,13,143,10.097754088986328,0.26790088782285776,10.595371447915984,0.0
36,14,143,10.018231604312652,0.2949400141244801,10.565375319731855,0.0
36,15,143,9.990376397928648,0.2979000064842181,10.648029481043881,0.0
36,16,143,10.033361375978206,0.314165982328984,10.912597609123308,0.0
36,17,143,10.037068579227121,0.30955759632938973,10.912597609123308,0.0
36,18,143,9.9945762998343,0.2708267452872611,10.668074075002048,0.0
36,19,143,9.94699644518823,0.290690441615607,10.5809802028357,0.0
36,20,143,9.9865549957728,0.30580581987986677,10.788863739522107,0.0
36,21,143,10.0225822917925,0.31676577096842135,10.788863739522107,0.0
36,22,143,10.011264843906861,0.3470041935413652,10.659616113082839,0.0
36,23,143,9.995564887339475,0.3372330760161496,10.848886335984995,0.0
36,24,143,9.979572931074497,0.29258105916769295,10.848886335984995,0.0
36,25,143,10.048566464510712,0.30422400731728827,10.760583547968519,0.0
36,26,143,9.991002787685854,0.3129730148909403,10.587056356533463,0.0
36,27,143,9.940167828937822,0.2737904335086727,10.45250525952073,0.0
36,28,143,10.017635210994985,0.3054010603904747,10.648178213842268,0.0
36,29,143,10.04982484692021,0.2871634215414153,10.648178213842268,0.0
36,30,143,10.025920001574448,0.26215981192946847,10.604221409197011,0.0
36,31,143,9.957581393862428,0.3191231863182846,10.651951480032261,0.0
36,32,143,9.922593025485629,0.29600557505405045,10.651951480032261,0.0
36,33,143,9.960386554514,0.27230492193461636,10.58832411595277,0.0
36,34,143,9.985186930919564,0.2960333737511639,10.58832411595277,0.0
36,35,143,10.021512559173365,0.27936777562497794,10.912370884608434,0.0
36,36,143,10.045161116951002,0.2628137074751076,10.912370884608434,0.0
36,37,143,10.023545239858697,0.2827702823437781,10.658744082006939,0.0
36,38,143,10.009244057054008,0.2883126850500792,10.658744082006939,0.0
36,39,143,10.01088065326788,0.26100937840685584,10.486204157743156,0.0
36,40,143,9.98327657127861,0.24960789654458365,10.547471550767048,0.0
36,41,143,9.99098127128805,0.2601491021978864,10.547471550767048,0.0
36,42,143,10.016096588943759,0.30014880529100213,10.583349362175484,0.0
36,43,143,10.014721903179154,0.3663373333893608,10.871061447590245,0.0
36,44,143,9.99217870828137,0.3405973097789772,10.871061447590245,0.0
36,45,143,10.028604416998968,0.30760636365371713,10.80580316610708,0.0
36,46,143,10.061115370698626,0.33407638058570494,10.856214484775869,0.0
37,0,142,9.98620220233056,0.2879539684993603,10.782411920160193,0.0
37,1,142,9.980581330176433,0.26061951203479927,10.684529609538775,0.0
37,2,142,9.94936219985783,0.27025140846055123,10.60177979318819,0.0
37,3,142,9.990093055408718,0.28243277614190926,10.60177979318819,0.0
37,4,142,9.97040123162221,0.2678132671448143,10.563766326428858,0.0
37,5,142,9.973327024307027,0.3251169081011441,10.605094655743693,0.0
37,6,142,10.007369689289835,0.3499951423271026,10.744751669892105,0.0
37,7,142,10.018152999722677,0.3195078819896,10.911193354616444,0.0
37,8,142,10.067666446032584,0.33203792651456465,10.911193354616444,0.0
37,9,142,9.976863592568664,0.34222422221145354,10.66592504360344,0.0
37,10,142,9.955119135124363,0.3228516534645872,10.685654310036169,0.0
37,11,142,10.02495162998822,0.3092617015770045,10.685654310036169,0.0
37,12,142,9.952687326501936,0.2925316899719487,10.494610299773518,0.0
37,13,142,9.921199427724517,0.27113697318419017,10.494610299773518,0.0
37,14,142,9.959338408532131,0.2624232140130153,10.551629572807872,0.0
37,15,142,9.952743214106876,0.2891555022882322,10.551629572807872,0.0
37,16,142,10.018862649922143,0.3318091639325989,10.976579248461638,0.0
37,17,142,10.024729517752894,0.3219589262989676,10.976579248461638,0.0
37,18,142,10.016648477596553,0.2949220385964111,10.659186137395409,0.0
37,19,142,10.060605315622828,0.3029087984875027,10.758593789851558,0.0
37,20,142,9.99771082822122,0.3018908713635051,10.758593789851558,0.0
37,21,142,9.969190792695533,0.28194945003420907,10.475363020177987,0.0
37,22,142,9.952205421528271,0.27317548197990926,10.430860375579293,0.0
37,23,142,9.954377785506425,0.28989297776291706,10.800610822176612,0.0
37,24,142,10.023876562300979,0.29449669028621306,10.800610822176612,0.0
37,25,142,10.073078634512965,0.2564483385664583,10.538461410413216,0.0
37,26,142,10.073133503310437,0.3013009873807175,10.588193845018443,0.0
37,27,142,10.021156275246835,0.3208380127707029,10.588193845018443,0.0
37,28,142,10.064628821005345,0.30335289020207973,10.816808247307199,0.0
37,29,142,10.085422102306483,0.2842162550259746,10.816808247307199,0.0
37,30,142,10.016281027704224,0.28268799857821714,10.66794821234978,0.0
37,31,142,9.989541703623832,0.31231153704864995,10.66794821234978,0.0
37,32,142,10.015099730867448,0.3008364473809544,10.741080980775406,0.0
37,33,142,10.031578842042952,0.2896324059689838,10.911358196845745,0.0
37,34,142,9.982152676013113,0.2860045924072631,10.911358196845745,0.0
37,35,142,9.956933601912949,0.3223252199192953,10.860068834502547,0.0
37,36,142,9.975544141992305,0.34540471214204904,10.860068834502547,0.0
37,37,142,9.988664927894304,0.30377086550903526,10.549291713080597,0.0
37,38,142,10.035866336788313,0.324674358897537,10.811419280783754,0.0
37,39,142,10.051995774259694,0.32968475799783414,10.811419280783754,0.0
37,40,142,10.047775836019632,0.2890730562337213,10.71675828716947,0.0
37,41,142,10.026740456374572,0.3040409112401452,10.738848756109688,0.0
37,42,142,10.03538538626894,0.30355072670903277,10.75724445403344,0.0
37,43,142,10.072702957706436,0.2329818623994362,10.75724445403344,0.0
37,44,142,9.990070864751333,0.26193017080483116,10.445318559300183,0.0
37,45,142,9.943386182600525,0.31010438186670397,10.732217917018618,0.0
37,46,142,9.97927887994079,0.2849866868678188,10.732217917018618,0.0
38,0,141,10.027492596343052,0.3114180598751022,10.765722950915146,0.0
38,1,141,10.036703197504421,0.3251664586119758,10.70918356160575,0.0
38,2,141,10.060677951885486,0.2917137794216601,10.543267127473369,0.0
38,3,141,10.041873715924845,0.27673463971254747,10.667083633110847,0.0
38,4,141,9.990172683111322,0.25804116618152007,10.667083633110847,0.0
38,5,141,10.00306054239535,0.26206889082842194,10.681661453412422,0.0
38,6,141,10.036120306647323,0.2734938378470225,10.681661453412422,0.0
38,7,141,10.018487541231321,0.24133195167987798,10.581687169430639,0.0
38,8,141,9.960522123055958,0.25259297870943803,10.581687169430639,0.0
38,9,141,9.976625793821096,0.28356827353133934,10.898027373620852,0.0
38,10,141,9.983614601454779,0.27166242861138157,10.898027373620852,0.0
38,11,141,9.964465793682189,0.26362076303944226,10.67241828751967,0.0
38,12,141,9.97148914022054,0.3128766945205503,10.766778726120375,0.0
38,13,141,9.968871912375175,0.30971060605472356,10.766778726120375,0.0
38,14,141,9.977787181124773,0.28230151348328064,10.506033208464299,0.0
38,15,141,9.997256340057692,0.2898284423427534,10.506033208464299,0.0
38,16,141,9.995432079888936,0.29406625879827814,10.494209366149096,0.0
38,17,141,9.994086120183562,0.2951800384129132,10.505158918513805,0.0
38,18,141,10.00580145624414,0.306768454967484,10.746126565445621,0.0
38,19,141,9.976999215474859,0.2881282154381758,10.746126565445621,0.0
38,20,141,10.020930977846517,0.2900678857877159,10.586568778873888,0.0
38,21,141,10.030922928373187,0.3471822167456645,10.586568778873888,0.0
38,22,141,10.015644506358786,0.33708296897500367,10.584769265576002,0.0
38,23,141,10.033002558870653,0.30801434341766504,10.584769265576002,0.0
38,24,141,10.025013775596834,0.30042527160947136,10.537314655919278,0.0
38,25,141,10.03760990367219,0.2784638347937715,10.599531968226767,0.0
38,26,141,10.03609241282431,0.281485954818299,10.834341664985855,0.0
38,27,141,10.042238965483918,0.3113752964311287,10.928817523796821,0.0
38,28,141,10.054834687452072,0.3057197705989371,10.928817523796821,0.0
38,29,141,10.031859133880554,0.2703002675433189,10.569383787784327,0.0
38,30,141,9.972905494481306,0.2619906127084695,10.452974034657768,0.0
38,31,141,9.975555078769256,0.2651845383282233,10.68223140091317,0.0
38,32,141,10.01118304956509,0.25106800642079347,10.68223140091317,0.0
38,33,141,9.997909219336162,0.24442005550369705,10.501752111620918,0.0
38,34,141,9.971546856490324,0.25911748533171086,10.823747732872539,0.0
38,35,141,9.951697416133454,0.30565662010785505,10.823747732872539,0.0
38,36,141,9.932894038619985,0.33795953369825854,10.90952357120506,0.0
38,37,141,9.985878131613688,0.3133000215738953,10.90952357120506,0.0
38,38,141,10.096011160384203,0.2596826616341607,10.633263193012445,0.0
38,39,141,10.048479651133455,0.26672905009011055,10.622947704321358,0.0
38,40,141,9.98219653219201,0.26593406003884856,10.622947704321358,0.0
38,41,141,9.97470678854311,0.2631727021457411,10.587268597747965,0.0
38,42,141,9.929659197160754,0.286963991923252,10.824909244127973,0.0
38,43,141,9.980006050957128,0.2923359558383038,10.824909244127973,0.0
38,44,141,10.034989080253313,0.2449944885881896,10.624688220170293,0.0
38,45,141,10.014665281322188,0.2662177340677732,10.607336546396194,0.0
38,46,141,10.020015147422425,0.2812373592233237,10.607336546396194,0.0
39,0,140,9.955736765746016,0.2813707332785306,10.501800530058953,0.0
39,1,140,9.944423425208772,0.3058240242574318,10.546297148471881,0.0
39,2,140,9.985744416111412,0.2967956762007719,10.653016891367939,0.0
39,3,140,10.023191315107725,0.25614409858678283,10.653016891367939,0.0
39,4,140,10.050271165149846,0.2632514743816467,10.617375220645247,0.0
39,5,140,10.015139499864722,0.2739723677076915,10.617375220645247,0.0
39,6,140,9.954963692344265,0.28027454658752093,10.484884817579191,0.0
39,7,140,9.973750511660125,0.29154642557623894,10.680181063948213,0.0
39,8,140,10.035669626177478,0.2721040700477199,10.680181063948213,0.0
39,9,140,10.063821193242484,0.2440058091721893,10.640538386691537,0.0
39,10,140,9.98940736351821,0.28699730962121156,10.636029119171566,0.0
39,11,140,9.937372764299763,0.2975673942056351,10.636029119171566,0.0
39,12,140,9.990706084938646,0.2978207045236657,10.603982060351523,0.0
39,13,140,10.007723233648944,0.30752388451770774,10.603982060351523,0.0
39,14,140,10.002156341012624,0.260101681875917,10.514500785857196,0.0
39,15,140,10.044446197567867,0.2546741392570077,10.97448345565987,0.0
39,16,140,10.045383190534151,0.26554554843143935,10.97448345565987,0.0
39,17,140,10.02838855958667,0.2688873282821262,10.646848873563846,0.0
39,18,140,10.003760647016243,0.31126676052648566,10.646848873563846,0.0
39,19,140,10.03648365221354,0.32980835185376967,10.795334691102962,0.0
39,20,140,10.051239549206338,0.31814454818815274,10.795334691102962,0.0
39,21,140,9.980496607707328,0.29719795198719445,10.615299712872403,0.0
39,22,140,10.003893002079336,0.301501552807773,10.606025153645112,0.0
39,23,140,10.067373746313324,0.3089458430071576,10.966810280221317,0.0
39,24,140,10.030808104776419,0.3073952248312391,10.966810280221317,0.0
39,25,140,9.966870924774161,0.2843897850656959,10.507833997279205,0.0
39,26,140,10.020863682177241,0.29860805209137553,10.729037124070263,0.0
39,27,140,10.0625842152803,0.30037322872370964,10.729037124070263,0.0
39,28,140,10.007155560740452,0.2885847931410832,10.520060560592913,0.0
39,29,140,9.953855655625517,0.2900443235020832,10.42422133216082,0.0
39,30,140,9.96785675665253,0.29609814227314796,10.593232255177504,0.0
39,31,140,9.996092718095388,0.3009128885867607,10.64413730313876,0.0
39,32,140,9.995465989683478,0.29442270429545997,10.64413730313876,0.0
39,33,140,9.969506759181874,0.32408079721018834,10.64225821415114,0.0
39,34,140,9.940917653910272,0.31314677481565034,10.64225821415114,0.0
39,35,140,9.960452405284371,0.29708147108792643,10.771750329625863,0.0
39,36,140,9.99091088309296,0.2851228210757648,10.771750329625863,0.0
39,37,140,9.983911570044807,0.3170413571359469,10.74122856513241,0.0
39,38,140,9.967972191545202,0.3367775654887245,10.74122856513241,0.0
39,39,140,9.993358427312472,0.2888169426752636,10.758342022810652,0.0
39,40,140,10.009609560343538,0.2769396742213265,10.758342022810652,0.0
39,41,140,10.029292850807558,0.26439383574536063,10.84922776517047,0.0
39,42,140,9.974017446489889,0.28494442616225546,10.84922776517047,0.0
39,43,140,9.951876000590461,0.2946816853713349,10.644097311935884,0.0
39,44,140,9.982857487389785,0.2919736137452399,10.644097311935884,0.0
39,45,140,10.024596934676053,0.2818183108828982,10.604949054265647,0.0
39,46,140,10.01360475405933,0.27610269208717597,10.621653793811907,0.0
40,0,139,9.956285231442772,0.3483346236280906,11.135238494485396,0.0
40,1,139,9.944550970007608,0.3171237307485163,10.558382216850871,0.0
40,2,139,9.960360786460015,0.2884295968048746,10.500010568527264,0.0
40,3,139,9.993549545544974,0.2774151978710411,10.70650327975231,0.0
40,4,139,10.039179715947494,0.3005861296536075,10.730201220535537,0.0
40,5,139,9.985746854561489,0.29074000561558094,10.730201220535537,0.0
40,6,139,10.050954890382318,0.2964401360252908,10.828921805007722,0.0
40,7,139,10.094561401535067,0.31608775875440737,10.828921805007722,0.0
40,8,139,9.967541261563616,0.3153486462731631,10.686151986117721,0.0
40,9,139,9.961950019649116,0.2912576623119046,10.604449220024025,0.0
40,10,139,10.033065535836242,0.2896910557022525,10.683184381358915,0.0
40,11,139,10.021567758441234,0.254005362347164,10.683184381358915,0.0
40,12,139,9.962433079334689,0.2645087827745867,10.714126892249054,0.0
40,13,139,9.97865551388453,0.30593600428530954,10.714126892249054,0.0
40,14,139,10.007107294453114,0.27765022575142656,10.747125099275928,0.0
40,15,139,9.983856541519671,0.27103032072602395,10.832552436273046,0.0
40,16,139,9.982530914696586,0.2772153629436704,10.832552436273046,0.0
40,17,139,9.97324011529174,0.27072913943055615,10.517224643412892,0.0
40,18,139,9.972291526538326,0.2832036451413002,10.517224643412892,0.0
40,19,139,9.990006432472496,0.31142548517093044,10.816948722715308,0.0
40,20,139,9.956565913799931,0.325407875203663,10.816948722715308,0.0
40,21,139,9.997653480458355,0.30359496622096954,10.7706875892215,0.0
40,22,139,10.034213278547911,0.319537420369662,10.857759081315951,0.0
40,23,139,9.973454611074926,0.334920498793709,10.857759081315951,0.0
40,24,139,9.998473818105877,0.30428000204289757,10.615417781089407,0.0
40,25,139,10.042396124070704,0.28542059822372157,10.707597657077466,0.0
40,26,139,10.015284292142445,0.29860565404506684,10.707597657077466,0.0
40,27,139,10.003361846342822,0.3084995264333756,10.636307942022631,0.0
40,28,139,10.013117741676924,0.2730995791504163,10.717387214149037,0.0
40,29,139,9.994640366045871,0.2808287736011842,10.717387214149037,0.0
40,30,139,9.944813884566408,0.3128093756131997,10.584991681495964,0.0
40,31,139,9.93788331764573,0.2896331840179352,10.513234332756944,0.0
40,32,139,9.963079700712418,0.2756402748639385,10.513234332756944,0.0
40,33,139,10.005782058941534,0.2695043598112884,10.615647502979542,0.0
40,34,139,10.090955933673403,0.2843353795576222,10.707940756711459,0.0
40,35,139,10.094452338006942,0.31972237016920685,10.789419240033942,0.0
40,36,139,9.994473765839953,0.33559097470666754,10.789419240033942,0.0
40,37,139,10.007076144088574,0.31503622411202686,10.609058635576707,0.0
40,38,139,10.054520169051123,0.27511071227313943,10.609058635576707,0.0
40,39,139,9.959999897313732,0.29427072582864977,10.597249500189331,0.0
40,40,139,9.98441866660083,0.33243525369530913,10.93110439330232,0.0
40,41,139,10.038114005572197,0.33298702328622304,10.93110439330232,0.0
40,42,139,10.007513556873096,0.32674000481711624,10.715618127007522,0.0
40,43,139,9.98204239491096,0.311455453225699,10.715618127007522,0.0
40,44,139,9.985362407268761,0.28629036082558607,10.663568249077157,0.0
40,45,139,9.98381306738811,0.3090284731120904,10.616467643232161,0.0
40,46,139,10.006602007928686,0.3252558379186689,10.888866298957192,0.0
41,0,138,9.958037847476579,0.31245517868096434,10.60565293498558,0.0
41,1,138,9.983902440551045,0.28561965470976935,10.569795374175573,0.0
41,2,138,9.956018274957339,0.2792875905372494,10.472625986986627,0.0
41,3,138,9.925793045178779,0.28268239666000905,10.532118847200973,0.0
41,4,138,9.957879920244107,0.27248521826103456,10.532118847200973,0.0
41,5,138,9.966661031045549,0.26905316965074666,10.574561405888417,0.0
41,6,138,10.01211564946628,0.2655001632815937,10.696318545205994,0.0
41,7,138,9.981469122004729,0.2937951036373863,10.696318545205994,0.0
41,8,138,9.91910700434806,0.3091623301765814,10.5107591239986,0.0
41,9,138,9.998786668272722,0.30799483027176344,10.83341900625772,0.0
41,10,138,10.04636001129191,0.2712907845195437,10.83341900625772,0.0
41,11,138,9.987470799373593,0.31743095979629254,10.608395850600171,0.0
41,12,138,9.995199698361285,0.3071108752072585,10.608395850600171,0.0
41,13,138,10.019865144708406,0.27348858735298814,10.667017367858275,0.0
41,14,138,10.01296419854135,0.29574310997353265,10.667017367858275,0.0
41,15,138,9.985944205231885,0.2927737256118921,10.67215453362275,0.0
41,16,138,9.950818428834978,0.30899452418419865,10.67215453362275,0.0
41,17,138,10.00401335499249,0.3087687539105898,10.920856166874843,0.0
41,18,138,9.996028748678524,0.3277259624170355,10.988302588688363,0.0
41,19,138,9.99581433298056,0.31225639747798123,10.988302588688363,0.0
41,20,138,10.020377716486001,0.28384125618549166,10.69941753667753,0.0
41,21,138,9.967689409989212,0.3303886036871207,10.56860075108982,0.0
41,22,138,9.93610174608243,0.3127239781139294,10.56860075108982,0.0
41,23,138,9.94390311016835,0.2805040944365522,10.636779333191287,0.0
41,24,138,9.9976640843187,0.28561163815463825,10.636779333191287,0.0
41,25,138,10.006348624102507,0.300117704764901,10.990113967377427,0.0
41,26,138,10.040128370123764,0.3031843343870655,10.990113967377427,0.0
41,27,138,10.071825523565451,0.2577926952879716,10.715739741560915,0.0
41,28,138,10.035904852885997,0.26419678392515894,10.536853889488919,0.0
41,29,138,10.027748745057979,0.3201188442357503,10.604196562585873,0.0
41,30,138,10.018881068731309,0.31700109184954356,10.604196562585873,0.0
41,31,138,9.970627658989866,0.2792446373087259,10.568502655425322,0.0
41,32,138,9.988317486634854,0.30128352630037036,10.62803629429667,0.0
41,33,138,9.993289267009253,0.2927413330646689,10.62803629429667,0.0
41,34,138,9.996104583498603,0.2923886070537477,10.623324355983682,0.0
41,35,138,10.011069376074984,0.2751012872636504,10.623324355983682,0.0
41,36,138,9.966503086419532,0.2565527785711306,10.583848799000208,0.0
41,37,138,9.972962657591122,0.2876847521182699,10.583848799000208,0.0
41,38,138,10.013299225870846,0.32796236460039996,10.716030474335325,0.0
41,39,138,10.050836796993355,0.3041596982341002,10.716030474335325,0.0
41,40,138,10.057298056355629,0.2738987234684327,10.583668598957265,0.0
41,41,138,9.990308542405613,0.30942599225853984,10.583668598957265,0.0
41,42,138,10.010272689734528,0.2935941734017821,10.649476898211395,0.0
41,43,138,10.065307087789728,0.2829056021803009,10.649476898211395,0.0
41,44,138,10.04652190484519,0.2708556725478833,10.60220941030759,0.0
41,45,138,10.022613140233123,0.21918027576358734,10.60220941030759,0.0
41,46,138,9.993857090178667,0.22506781346991767,10.371663914959438,0.0
42,0,137,10.033333525672697,0.29063504597119605,10.580870620742477,0.0
42,1,137,10.023104715162415,0.281060597154866,10.575593015351576,0.0
42,2,137,10.003468468539767,0.27349404353734025,10.512334702268268,0.0
42,3,137,9.989432258066644,0.25836551857517637,10.572139295943035,0.0
42,4,137,9.949683525466936,0.28463353191974444,10.572139295943035,0.0
42,5,137,10.000435064389755,0.31248308045675943,10.669297460307599,0.0
42,6,137,10.024359784610319,0.30595659643279954,10.669297460307599,0.0
42,7,137,10.045857374485559,0.26819277172683653,10.674658286411077,0.0
42,8,137,10.051295273992467,0.2572208491822521,10.674658286411077,0.0
42,9,137,9.98457220241208,0.2535999583155877,10.562278177480668,0.0
42,10,137,9.93400275920977,0.2567341714617698,10.35983127755903,0.0
42,11,137,9.968557910850532,0.30000729761702116,10.717143924604283,0.0
42,12,137,9.954961043758844,0.3115918103170836,10.717143924604283,0.0
42,13,137,9.922931185148355,0.3046177223347035,10.519838048000672,0.0
42,14,137,9.94925699446825,0.2917571355723005,10.589579201697223,0.0
42,15,137,9.978326040280985,0.2975093085629685,10.850263820798322,0.0
42,16,137,10.027673977066838,0.2919290722148314,10.850263820798322,0.0
42,17,137,9.928685009543107,0.2967205054256665,10.6413697858419,0.0
42,18,137,9.892954828754075,0.2995846788940436,10.723324338234264,0.0
42,19,137,10.029884493521974,0.28941339647857767,10.790584568670779,0.0
42,20,137,10.066115206606064,0.28417358301050183,10.790584568670779,0.0
42,21,137,10.009881970227605,0.3142401644372597,10.659711182326104,0.0
42,22,137,9.95909090693014,0.2958762496030739,10.605630560562945,0.0
42,23,137,9.983203386846077,0.2773103783686931,10.692293430177031,0.0
42,24,137,10.030981948568218,0.24097288606608314,10.692293430177031,0.0
42,25,137,10.030903077380325,0.24182463539757434,10.54021319794155,0.0
42,26,137,10.010695516489978,0.2788620088789612,10.54021319794155,0.0
42,27,137,10.015500401324523,0.25043784580808465,10.569207654664194,0.0
42,28,137,10.046336995242983,0.32198077702475064,10.797033837609298,0.0
42,29,137,10.064810982235086,0.33239407067062415,10.797033837609298,0.0
42,30,137,10.012343875662141,0.2654551172414916,10.576799430752894,0.0
42,31,137,10.001270729644805,0.254718135956676,10.50732426262129,0.0
42,32,137,10.001268073375652,0.2519095584266701,10.50732426262129,0.0
42,33,137,9.95554412884369,0.28249559957076237,10.7086933484645,0.0
42,34,137,9.962561323784172,0.33696892551549357,10.7086933484645,0.0
42,35,137,9.988781359893865,0.3712777895223086,10.706845690419565,0.0
42,36,137,9.992789002701196,0.34163387667359557,10.706845690419565,0.0
42,37,137,9.951134915822234,0.2865007687673952,10.68751768730843,0.0
42,38,137,9.954248143072512,0.2746876004262678,10.601011462775356,0.0
42,39,137,9.974661839299786,0.2640070751966687,10.601011462775356,0.0
42,40,137,9.983663629745667,0.30536532289878526,10.744863300357165,0.0
42,41,137,10.00478238428695,0.3120735288089119,10.744863300357165,0.0
42,42,137,10.056297234834119,0.2925837248153543,10.869651843775324,0.0
42,43,137,10.051554270197142,0.32636638823807984,10.869651843775324,0.0
42,44,137,9.996100636910626,0.3045617413151404,10.751873318183295,0.0
42,45,137,9.96839389406103,0.2575060686272363,10.430055329203611,0.0
42,46,137,9.92894001191437,0.2494626305225228,10.602990667659748,0.0
43,0,136,9.96130911163525,0.323829734514486,10.52568530989631,0.0
43,1,136,9.969944433372197,0.3306696240609784,10.552418539574026,0.0
43,2,136,10.02768644010699,0.2771308227755675,10.609854983828546,0.0
43,3,136,10.078312005381363,0.2852122445819643,10.657068563094386,0.0
43,4,136,10.019636284114053,0.2908317646561281,10.657068563094386,0.0
43,5,136,9.907893866275689,0.26283026442580704,10.428270461991062,0.0
43,6,136,9.909032071653598,0.24506642734612638,10.52808741059871,0.0
43,7,136,9.93608543189466,0.2694128691050355,10.52808741059871,0.0
43,8,136,9.920717741515913,0.2792410255065264,10.440689282404042,0.0
43,9,136,9.979899840956346,0.2987414337837986,10.478500029533539,0.0
43,10,136,10.011802007430864,0.3141251767760663,10.538305028994959,0.0
43,11,136,10.00281080501341,0.3331049810549768,10.72394472328432,0.0
43,12,136,10.00570064786519,0.33396937465788534,10.7755187897209,0.0
43,13,136,9.992745012565981,0.292348028606365,10.7755187897209,0.0
43,14,136,9.998451777204496,0.3044118926243003,10.617778459514398,0.0
43,15,136,10.003011226220396,0.3029943883322093,10.67568416669882,0.0
43,16,136,9.997830231309111,0.2728859303168916,10.67568416669882,0.0
43,17,136,10.015286499734486,0.27861858657437166,10.753518507113467,0.0
43,18,136,9.963387402130646,0.3298309970904977,10.753518507113467,0.0
43,19,136,9.942662837774506,0.3425609715459475,10.828106655186273,0.0
43,20,136,9.982063539801771,0.29974937794873613,10.828106655186273,0.0
43,21,136,10.018916124341834,0.2921766937924044,10.750879050534062,0.0
43,22,136,10.027559683369043,0.28174808686228897,10.750879050534062,0.0
43,23,136,9.958063125297477,0.27897815794191394,10.564191876685044,0.0
43,24,136,9.903524238397074,0.2858809692701503,10.564191876685044,0.0
43,25,136,9.912478327082066,0.2728095595137394,10.632827241585664,0.0
43,26,136,9.938208805379434,0.2850850556593878,10.632827241585664,0.0
43,27,136,9.953518278937777,0.2722040095771162,10.444162705334081,0.0
43,28,136,10.012559179444104,0.2756588130293342,10.591008637779659,0.0
43,29,136,10.059724503579345,0.2931439464688113,10.591008637779659,0.0
43,30,136,10.093309101219477,0.2755997900163946,10.6328156291837,0.0
43,31,136,10.082601251254292,0.31508947463945836,10.747213257628555,0.0
43,32,136,10.025543523830962,0.31820258242263494,10.747213257628555,0.0
43,33,136,10.00814730955514,0.2813701140779203,10.582180803266644,0.0
43,34,136,10.028679854977485,0.2640076533767275,10.582180803266644,0.0
43,35,136,10.018077404082046,0.3067243923754464,10.700193268680096,0.0
43,36,136,10.00178693823537,0.3137848523582742,10.700193268680096,0.0
43,37,136,9.995267497467099,0.2577476029112914,10.4681698284241,0.0
43,38,136,9.98095548934605,0.27707063184750474,10.375582045085961,0.0
43,39,136,10.018346853426387,0.2980982821735444,10.591992835989164,0.0
43,40,136,10.005767542711846,0.30757704745256204,10.591992835989164,0.0
43,41,136,10.006613550257994,0.3257573039069839,10.582775740033417,0.0
43,42,136,10.010421881633038,0.29970882094634604,10.582775740033417,0.0
43,43,136,9.961768170452755,0.29030955211267534,10.685012054481733,0.0
43,44,136,9.987201850067216,0.3260907116433829,10.685012054481733,0.0
43,45,136,10.0273017668458,0.30496650709097267,10.616651121245232,0.0
43,46,136,10.027275464633686,0.28661154779761316,10.611736254821542,0.0
44,0,135,10.031202364381265,0.29353082295978056,10.833847686582434,0.0
44,1,135,10.04711285247143,0.29522101418079444,10.833847686582434,0.0
44,2,135,10.081595425804723,0.26184883571647394,10.716575191813757,0.0
44,3,135,10.070249774539707,0.2906646886972765,10.776545740091578,0.0
44,4,135,10.015873843151384,0.3248449159981132,10.776545740091578,0.0
44,5,135,10.039738195703334,0.30494136928376714,10.73323226699304,0.0
44,6,135,10.002449085860514,0.29871046778238214,10.60633407463116,0.0
44,7,135,9.999487682781776,0.29626964745696144,10.543253333469984,0.0
44,8,135,10.073257773963364,0.29123876745392324,10.546642358444961,0.0
44,9,135,10.046162830006356,0.2752852448762977,10.546642358444961,0.0
44,10,135,10.00966241693173,0.30546418787931423,10.599061626853151,0.0
44,11,135,10.00201234213892,0.3365623780803166,10.652388975213283,0.0
44,12,135,9.991814097335535,0.3046874592347822,10.652388975213283,0.0
44,13,135,9.980614422611085,0.2981822349124165,10.714105493131875,0.0
44,14,135,10.032319900170117,0.30268959753953384,10.722623911984456,0.0
44,15,135,10.061415182105085,0.3186701236013165,10.722623911984456,0.0
44,16,135,10.036206054700646,0.3167746459241732,10.699209661614042,0.0
44,17,135,10.068646554137123,0.2951550335888301,10.708687343465405,0.0
44,18,135,10.034471932347763,0.27495766790667164,10.708687343465405,0.0
44,19,135,9.987317699647644,0.2775504571924929,10.550447523463735,0.0
44,20,135,9.993073071287506,0.2668360494454474,10.550447523463735,0.0
44,21,135,10.04974321775076,0.25577875852977733,10.68804188508756,0.0
44,22,135,10.090143263195154,0.3114538844690028,10.812313915840216,0.0
44,23,135,10.08756052127121,0.2746059411901332,10.812313915840216,0.0
44,24,135,10.06880725832043,0.25099846072890253,10.694495469705831,0.0
44,25,135,10.016012651885918,0.27807468612058395,10.694495469705831,0.0
44,26,135,9.958773844795289,0.25719082868719934,10.6697451372015,0.0
44,27,135,9.96713311766588,0.2747899509871864,10.758700498872223,0.0
44,28,135,10.040034785662073,0.2736513839704558,10.758700498872223,0.0
44,29,135,10.009910196287285,0.27210483134330143,10.569897703748289,0.0
44,30,135,9.891523668930729,0.2890076214890184,10.561423204922063,0.0
44,31,135,9.912019033165155,0.3135622249252164,10.585207929095773,0.0
44,32,135,9.990763922256855,0.30119180142829344,10.585207929095773,0.0
44,33,135,10.019832734127116,0.2905901229694528,10.675014528627486,0.0
44,34,135,10.004941034613799,0.30521205631056714,10.675014528627486,0.0
44,35,135,9.989237700439045,0.30846073060995277,10.65642395013964,0.0
44,36,135,10.001461881361047,0.2685576177575501,10.65642395013964,0.0
44,37,135,9.985399402213014,0.23325091333349013,10.589806291156139,0.0
44,38,135,10.000202047056227,0.2874278242708155,10.682783181264229,0.0
44,39,135,9.990217245502869,0.31709775695594944,10.682783181264229,0.0
44,40,135,10.025266683822306,0.31497906064362213,10.871114181319808,0.0
44,41,135,10.016034759825896,0.29955180823362937,10.871114181319808,0.0
44,42,135,9.98087725764454,0.2683801003812853,10.637104428543985,0.0
44,43,135,9.977924908058887,0.27464191506872776,10.64877931070067,0.0
44,44,135,9.976039357551208,0.27788367719910106,10.64877931070067,0.0
44,45,135,10.027257839388158,0.2952489648118932,10.959755147136953,0.0
44,46,135,10.015572120473388,0.32248099686307247,10.959755147136953,0.0
45,0,134,10.054361536931927,0.2641787880815412,10.588820904485242,0.0
45,1,134,10.039076798976769,0.2565187401802004,10.52351862642106,0.0
45,2,134,10.009391606106615,0.29190512706480587,10.538757108502129,0.0
45,3,134,9.992993212841922,0.30662068464499537,10.55617973829757,0.0
45,4,134,9.963133777488002,0.31040587814223264,10.55617973829757,0.0
45,5,134,9.954845672049533,0.3098266168003524,10.682476336489966,0.0
45,6,134,9.955107303943638,0.3200202453648414,10.682476336489966,0.0
45,7,134,9.954892031984274,0.327408403809382,10.737792499338234,0.0
45,8,134,10.031019684469905,0.3075696206115101,10.737792499338234,0.0
45,9,134,10.040298808761278,0.29160925701309226,10.708462816556786,0.0
45,10,134,9.99885077334927,0.28480435677582694,10.708462816556786,0.0
45,11,134,9.964601170667446,0.2885708911531957,10.657325660855664,0.0
45,12,134,9.981515445362756,0.2882331531499489,10.72448512695953,0.0
45,13,134,10.046215172300677,0.29349649807479145,10.72448512695953,0.0
45,14,134,10.048419439549493,0.2855611826645103,10.667755174581071,0.0
45,15,134,10.031797075646793,0.266693397248527,10.673753803554757,0.0
45,16,134,10.02529413611655,0.278847834625437,10.735442692360195,0.0
45,17,134,10.004337128551915,0.294667225497701,10.815144073850663,0.0
45,18,134,9.985469587152762,0.32326074972366103,10.815144073850663,0.0
45,19,134,9.94849855788594,0.310586430117111,10.694980968801856,0.0
45,20,134,9.96244184370038,0.29283525305826447,10.682464207961154,0.0
45,21,134,10.015736058784583,0.308999305058795,10.911546742137741,0.0
45,22,134,10.017092250121793,0.2798945655302792,10.911546742137741,0.0
45,23,134,10.055753289798286,0.32003285162468115,10.732546462518231,0.0
45,24,134,10.05944311963089,0.3616691777642461,10.86281139368317,0.0
45,25,134,9.989894134370838,0.3115794906225798,10.86281139368317,0.0
45,26,134,9.954992928648345,0.28259343524367025,10.53669898580414,0.0
45,27,134,9.934002706384684,0.3155132958746881,10.55509084151607,0.0
45,28,134,9.98734512115245,0.3194814781826273,10.66481108563021,0.0
45,29,134,10.095557905840007,0.30220947224652334,10.931903753606587,0.0
45,30,134,10.0379475744178,0.322960747818684,10.931903753606587,0.0
45,31,134,10.00027439909097,0.30158701034754365,10.649685424981444,0.0
45,32,134,10.032812202705498,0.3086975349490053,10.66380175885246,0.0
45,33,134,9.964444088677824,0.33080317460705416,10.718665194719435,0.0
45,34,134,9.940743085406126,0.29396342064218617,10.718665194719435,0.0
45,35,134,10.000296584040116,0.27768438597406203,10.62419118728669,0.0
45,36,134,10.005510631727072,0.3262755365053688,10.75507911091427,0.0
45,37,134,9.984884364284838,0.3629585240827077,10.791380469875008,0.0
45,38,134,10.03483641831745,0.32304469025705873,10.791380469875008,0.0
45,39,134,10.022136126249269,0.24840497037109083,10.425630682560938,0.0
45,40,134,9.985296201172158,0.22960200429946764,10.572977527454476,0.0
45,41,134,10.02680980454327,0.26574430633395935,10.820657090564813,0.0
45,42,134,9.982988827620238,0.2980042555097078,10.820657090564813,0.0
45,43,134,10.01446941297479,0.3018697717158795,10.702393172038855,0.0
45,44,134,10.040880815366013,0.2871142268604225,10.702393172038855,0.0
45,45,134,9.951430428392477,0.28776970911514604,10.587519542393713,0.0
45,46,134,9.977574358383421,0.27772135614777255,10.448543514443882,0.0
46,0,133,9.980374738327288,0.31328329981858,10.849482350842651,0.0
46,1,133,9.922394528283123,0.30290914890914783,10.635142922518574,0.0
46,2,133,9.922327517784389,0.2912747561046628,10.449223405060284,0.0
46,3,133,10.003697442359945,0.2989569784212952,10.689918115897822,0.0
46,4,133,9.989482809912941,0.2899211833969392,10.689918115897822,0.0
46,5,133,9.92864805293976,0.2815269262358749,10.524618254866736,0.0
46,6,133,9.91723326358094,0.2761426739589879,10.524618254866736,0.0
46,7,133,9.982265999943431,0.29037271051152663,10.559474846524267,0.0
46,8,133,10.016323614640651,0.3313245249523502,10.574460780862026,0.0
46,9,133,10.03093435365623,0.3161058889459714,10.755582571943489,0.0
46,10,133,10.040441627934268,0.3067330254912544,10.755582571943489,0.0
46,11,133,10.02115336071808,0.29897764613417904,10.612835353216427,0.0
46,12,133,10.009902289906817,0.26156643668713836,10.525859383826749,0.0
46,13,133,9.969036200223073,0.3195042688388268,10.566726733917944,0.0
46,14,133,10.001322706332115,0.31727841285831715,10.608448796980307,0.0
46,15,133,10.024651054867148,0.26765628610799425,10.779616750625847,0.0
46,16,133,9.949199168679828,0.2814998118293194,10.779616750625847,0.0
46,17,133,9.971669544600589,0.27394028178461266,10.633863130039263,0.0
46,18,133,9.991992004788948,0.2997482335525657,10.633863130039263,0.0
46,19,133,9.954700808577204,0.3114690276636314,10.594213789670754,0.0
46,20,133,9.954152164426706,0.2850776943641903,10.537716082961293,0.0
46,21,133,9.994173749038021,0.3010087197293341,10.736195597651529,0.0
46,22,133,9.994182355816273,0.32141161345690106,10.736195597651529,0.0
46,23,133,9.992126233836009,0.3246600265312033,10.719585063575847,0.0
46,24,133,10.026298309070267,0.3118647874324979,10.719585063575847,0.0
46,25,133,10.019841413593365,0.2929134329930368,10.8515735135785,0.0
46,26,133,9.993101526556314,0.29409953753719326,10.8515735135785,0.0
46,27,133,9.979100873299226,0.26981731316167473,10.776895604535525,0.0
46,28,133,10.053102613886482,0.2645985337746424,10.66104108000938,0.0
46,29,133,10.05309063098571,0.2859897390698663,10.67323128413687,0.0
46,30,133,10.003339430197531,0.2729810242617002,10.765455857519699,0.0
46,31,133,10.000904825163044,0.27057356901677565,10.765455857519699,0.0
46,32,133,10.000453494430603,0.27915902962551614,10.699355547106864,0.0
46,33,133,10.031050769037343,0.2741105485585634,10.777830608224058,0.0
46,34,133,10.026326499818746,0.2916479442247343,10.777830608224058,0.0
46,35,133,10.02700765000779,0.3013007647175209,10.562791818376823,0.0
46,36,133,10.003875299489566,0.2864894897188174,10.562791818376823,0.0
46,37,133,10.008473127815973,0.2858390044182892,10.560168623901104,0.0
46,38,133,9.986125770969336,0.31195850835372824,10.560168623901104,0.0
46,39,133,9.94959736308462,0.3059297717662523,10.478243397591031,0.0
46,40,133,9.920260180890658,0.3017702814400301,10.51219974602159,0.0
46,41,133,9.958789175249061,0.30801309600446836,10.709256110073747,0.0
46,42,133,10.044723679148476,0.2604227831371581,10.709256110073747,0.0
46,43,133,10.014356734723334,0.261790483115239,10.619039101591618,0.0
46,44,133,9.983215225617275,0.2873170921560244,10.541155429838483,0.0
46,45,133,9.99572764495111,0.2886051683111182,10.562163006857311,0.0
46,46,133,10.03579294520109,0.3431595929336906,11.05924543090126,0.0
47,0,132,10.021429539564277,0.31358358613222503,10.785587555378942,0.0
47,1,132,10.03871288941581,0.27173428119538284,10.785587555378942,0.0
47,2,132,10.037942829382063,0.2832099473831836,10.66479117758525,0.0
47,3,132,10.034934193517612,0.2777501201691141,10.66479117758525,0.0
47,4,132,9.980654851517787,0.22248283975417274,10.503843216925809,0.0
47,5,132,9.959669319320417,0.2697304000439959,10.702125943973591,0.0
47,6,132,9.974180240111524,0.30752108466753064,10.702125943973591,0.0
47,7,132,9.988228717448907,0.3198151559921721,10.606060015280024,0.0
47,8,132,10.021568191819673,0.36060673091954876,10.758736058996963,0.0
47,9,132,9.988613398713609,0.32436894746367667,10.758736058996963,0.0
47,10,132,9.928178282573574,0.27030969416300415,10.544248321126304,0.0
47,11,132,9.946282114410502,0.2734650032109727,10.511475947408513,0.0
47,12,132,9.974176309737407,0.3186586283749688,10.647010188857681,0.0
47,13,132,9.979657099353869,0.3477857866575385,10.647010188857681,0.0
47,14,132,9.958020546769536,0.2803105592179639,10.632501120095649,0.0
47,15,132,9.937648538590723,0.27477991431542853,10.569862202849784,0.0
47,16,132,9.92671991027794,0.2826659212433069,10.569862202849784,0.0
47,17,132,9.956007061565805,0.27252964712218336,10.476895591184856,0.0
47,18,132,10.03153269004999,0.29805392641683687,10.693557046509309,0.0
47,19,132,10.088713234212214,0.295727383845948,10.693557046509309,0.0
47,20,132,10.003766573581489,0.299166219961731,10.599226066241535,0.0
47,21,132,9.979981539556581,0.29192271902287686,10.615152628713801,0.0
47,22,132,10.042199557967011,0.28897255543468264,10.764120504868028,0.0
47,23,132,10.038047090881873,0.29272158294627415,10.764120504868028,0.0
47,24,132,10.067109156076015,0.2850746689496776,10.631370312387213,0.0
47,25,132,10.031861021385598,0.2591959635709563,10.598438441537386,0.0
47,26,132,10.043981863617145,0.28905355054506277,10.88609423395386,0.0
47,27,132,10.039842986890097,0.3158303262303079,10.88609423395386,0.0
47,28,132,10.00507143556744,0.2891593832085127,10.672121787123544,0.0
47,29,132,10.001521775457933,0.28487581465409473,10.636490511745716,0.0
47,30,132,9.966161696442773,0.2873787515138328,10.699534445374894,0.0
47,31,132,9.973115387413722,0.3021790855079753,10.699534445374894,0.0
47,32,132,10.000346959421533,0.287703529385257,10.479434153167714,0.0
47,33,132,10.00205659934965,0.2994642873838145,10.579539941280254,0.0
47,34,132,9.9465891934731,0.3259470398761726,10.579539941280254,0.0
47,35,132,9.97887720593669,0.31581529576147066,10.698895382111452,0.0
47,36,132,10.089093675882136,0.29697739156304065,10.785124951587239,0.0
47,37,132,10.068675062324244,0.27300481845668945,10.785124951587239,0.0
47,38,132,10.045758004531754,0.2593035751417106,10.576431710167897,0.0
47,39,132,10.101610296701505,0.3078057867517698,10.598757660859205,0.0
47,40,132,10.089487052532387,0.29966021976864093,10.598757660859205,0.0
47,41,132,10.051246488084557,0.27345500927084954,10.573777217097724,0.0
47,42,132,10.040107943048854,0.27404922804527143,10.573777217097724,0.0
47,43,132,10.006147455979109,0.23432115126679098,10.50113943950559,0.0
47,44,132,9.9776744178419,0.2737486114011334,10.670127696379234,0.0
47,45,132,10.060405622071029,0.3063837002019644,10.882078661121813,0.0
47,46,132,10.005539991069389,0.30628802831310276,10.882078661121813,0.0
48,0,131,9.993380323736035,0.2626005376349842,10.672436473799848,0.0
48,1,131,9.97482166559854,0.2738293120544304,10.589682706804252,0.0
48,2,131,9.99776355606807,0.31703626852537914,10.589682706804252,0.0
48,3,131,10.008027878230653,0.3324613059494097,10.56811139535701,0.0
48,4,131,9.950650985183623,0.3183737273148783,10.585064182801528,0.0
48,5,131,9.960438830185192,0.31034933526944586,10.585064182801528,0.0
48,6,131,9.994365330096933,0.31459813115551954,10.611895900730095,0.0
48,7,131,9.955298900960887,0.29968097686370876,10.611895900730095,0.0
48,8,131,9.972808835717942,0.27899507577003946,10.607403642182291,0.0
48,9,131,10.027360913183243,0.2803889233304137,10.59080796595985,0.0
48,10,131,10.026222175336718,0.3160419551181226,10.901156708039872,0.0
48,11,131,9.98865516929778,0.31888256909965584,10.901156708039872,0.0
48,12,131,10.012080527521777,0.2977740054446899,10.695797197384046,0.0
48,13,131,10.048652424223064,0.28969740316143955,10.695797197384046,0.0
48,14,131,10.07516125478051,0.30168313712338013,10.603672550798677,0.0
48,15,131,10.055107318704751,0.3248094100485814,10.60241832938991,0.0
48,16,131,10.039029906620769,0.29949025817314934,10.549263461707612,0.0
48,17,131,10.004125934404637,0.28877269299630137,10.549263461707612,0.0
48,18,131,9.988621109427449,0.3015185647190076,10.599814433893812,0.0
48,19,131,10.01120169642035,0.3017844088059915,10.604948898793042,0.0
48,20,131,10.00296019891838,0.31470827778868193,10.6137748527886,0.0
48,21,131,9.98896619849878,0.2814881445381238,10.6137748527886,0.0
48,22,131,9.995548326183846,0.293084062161568,10.774513867770969,0.0
48,23,131,9.99439527608246,0.3380946920137378,10.808460487007467,0.0
48,24,131,10.008311914342713,0.2741297290879267,10.808460487007467,0.0
48,25,131,10.007634023121502,0.259055767786122,10.620577774474038,0.0
48,26,131,9.97706981761747,0.308730103509271,10.635761165540274,0.0
48,27,131,9.996840659599172,0.292110673147851,10.635761165540274,0.0
48,28,131,9.984662920192713,0.28316388176448043,10.782808712190842,0.0
48,29,131,9.977850210372644,0.3106528412876993,10.969757266578423,0.0
48,30,131,9.958809578144823,0.32791093168912766,10.969757266578423,0.0
48,31,131,9.946092167784244,0.2885120345355824,10.702262638154496,0.0
48,32,131,9.9998340712376,0.28058687102175184,10.582894464405845,0.0
48,33,131,10.0404963080549,0.30799705554434326,10.686337491666952,0.0
48,34,131,9.999610462165101,0.3221166285095624,10.686337491666952,0.0
48,35,131,9.98859286317873,0.31077606442785777,10.52742186046132,0.0
48,36,131,10.022613143843527,0.31923314794420976,10.9296517442973,0.0
48,37,131,10.006112095306243,0.3370299583924221,11.112193990937431,0.0
48,38,131,9.97644740637551,0.31306865774071496,11.112193990937431,0.0
48,39,131,10.006374859488897,0.2980553681504193,10.8398724875149,0.0
48,40,131,10.049041703006345,0.29703308799468164,10.8398724875149,0.0
48,41,131,9.977371277133658,0.3169370343118201,10.750861255722983,0.0
48,42,131,9.936213294876524,0.3010019849330955,10.484196141224398,0.0
48,43,131,9.994959844819686,0.2943865861152664,10.656581303439522,0.0
48,44,131,10.025647938278235,0.31066546955475066,10.721002815650067,0.0
48,45,131,9.974184832537896,0.3206890606641352,10.721002815650067,0.0
48,46,131,9.965192072094478,0.33477456334887123,10.883695951173511,0.0
49,0,130,10.027815585667627,0.30980388915581075,10.710618723315259,0.0
49,1,130,10.03638875875768,0.32445116774614,10.681712359748868,0.0
49,2,130,9.967857694642678,0.30617038100544636,10.844362893785487,0.0
49,3,130,9.953531377133615,0.3292840727251447,10.844362893785487,0.0
49,4,130,9.956488806145142,0.3370962836851762,10.691536587511187,0.0
49,5,130,9.958962430430514,0.31723848331548443,10.657062486793295,0.0
49,6,130,9.958642219870633,0.27958788828604647,10.657062486793295,0.0
49,7,130,9.993458103356103,0.23450050955636784,10.47091478374774,0.0
49,8,130,10.001037600881377,0.2956981748448501,10.950060821290254,0.0
49,9,130,9.987139812878366,0.3458353436051164,10.950060821290254,0.0
49,10,130,10.035426350444913,0.34891677941023286,11.02852927479582,0.0
49,11,130,10.044525742340461,0.3047821765222581,11.02852927479582,0.0
49,12,130,10.04704972502624,0.2634518433784523,10.803312681239971,0.0
49,13,130,10.050347091714967,0.26992764099616096,10.803312681239971,0.0
49,14,130,10.03824273290194,0.2840228709421086,10.735014990281329,0.0
49,15,130,10.010505274693177,0.26688918185086186,10.7246083615454,0.0
49,16,130,10.000822350046981,0.2982788963846399,10.713222790875992,0.0
49,17,130,10.028623366096774,0.3010488446213799,10.713222790875992,0.0
49,18,130,10.043634437177118,0.27181406385436335,10.73708420318976,0.0
49,19,130,10.062492794771446,0.31724133351890316,10.967946160752794,0.0
49,20,130,10.036374570001469,0.35517414188007707,10.967946160752794,0.0
49,21,130,9.962447556559468,0.3595403107750254,10.649843631569967,0.0
49,22,130,10.021635771708468,0.31745574216443384,10.788097113437022,0.0
49,23,130,10.045863715476388,0.30127578936985416,10.788097113437022,0.0
49,24,130,10.00800144670684,0.30361604546077614,10.883170988281925,0.0
49,25,130,9.988597781568222,0.27187796889286475,10.883170988281925,0.0
49,26,130,9.948015698164474,0.27146611229035594,10.58228925557569,0.0
49,27,130,9.968958988597791,0.28715436489195995,10.936135713203923,0.0
49,28,130,9.927594497603723,0.31630949825935695,10.936135713203923,0.0
49,29,130,9.952554139111768,0.3109870737834749,10.53665371295988,0.0
49,30,130,10.028843212444485,0.2518618722928556,10.700030910736613,0.0
49,31,130,10.042034673617769,0.28146146660930316,10.700030910736613,0.0
49,32,130,10.031564685237608,0.3156335672356428,10.655462820572275,0.0
49,33,130,10.004030591087776,0.33563319143760917,10.856249113880224,0.0
49,34,130,9.968050250388723,0.325805036358137,10.856249113880224,0.0
49,35,130,9.995560628082908,0.31444582022242706,10.686773793348923,0.0
49,36,130,10.112042598892398,0.34272797743938843,10.789729223518279,0.0
49,37,130,10.127514369449141,0.33214059896733417,10.814825222923018,0.0
49,38,130,10.03492406073624,0.3209986962210609,10.814825222923018,0.0
49,39,130,9.936724355119827,0.3157279827583705,10.637113159235833,0.0
49,40,130,9.924633335329162,0.2610719874601124,10.637113159235833,0.0
49,41,130,10.003515299758789,0.2650183799163074,10.513601044291493,0.0
49,42,130,10.057029264283223,0.30063680838966045,10.543693636543642,0.0
49,43,130,10.010055179772449,0.3228616219859664,10.658976451466003,0.0
49,44,130,9.934607463527527,0.3005271912366481,10.658976451466003,0.0
49,45,130,9.982836468830385,0.26664478723479085,10.586470752336234,0.0
49,46,130,9.990228080824409,0.2958220216819884,10.620059001613525,0.0
50,0,129,9.984006612880314,0.31172083007437523,10.634272708176923,0.0
50,1,129,9.998750683931753,0.31871472028912373,10.84390458592227,0.0
50,2,129,10.033909104479461,0.2768617676040646,10.84390458592227,0.0
50,3,129,10.005503017119636,0.25520016561767156,10.506443046321383,0.0
50,4,129,9.979380964807547,0.30880321670963445,10.506443046321383,0.0
50,5,129,9.990744482107221,0.30063072580008987,10.529099468881917,0.0
50,6,129,9.958022491222358,0.2630970145955947,10.529099468881917,0.0
50,7,129,9.963393021574507,0.3235452324847853,10.80429696595701,0.0
50,8,129,10.034499951481356,0.33266415620127393,10.948077149495479,0.0
50,9,129,10.046234232130285,0.31500936702012056,10.948077149495479,0.0
50,10,129,10.038488227882002,0.3077991552698383,10.680757148701263,0.0
50,11,129,10.009748122744808,0.32036699714023525,10.753431048921886,0.0
50,12,129,9.984832344548577,0.29060858478892804,10.753431048921886,0.0
50,13,129,10.017769428939042,0.25679202407579194,10.478398909449297,0.0
50,14,129,10.010830886532329,0.31484778951426,10.478398909449297,0.0
50,15,129,10.026959190997069,0.29421050694948264,10.536478926583849,0.0
50,16,129,9.997776063633724,0.27352596795564055,10.536478926583849,0.0
50,17,129,9.988519047166026,0.28682251090832867,10.583130081251717,0.0
50,18,129,10.020240453101241,0.2742034541836824,10.583130081251717,0.0
50,19,129,9.997943944733358,0.2908574747535555,10.7572872928462,0.0
50,20,129,10.046237385665474,0.3143286384376481,10.81266484711121,0.0
50,21,129,10.051160688865703,0.3268639576975289,10.81266484711121,0.0
50,22,129,10.015126642259313,0.32404470996305806,10.797377771540631,0.0
50,23,129,10.03487068033251,0.3190795096760625,10.673451630070941,0.0
50,24,129,10.060042559912599,0.30454268679816104,10.75438124022169,0.0
50,25,129,10.033423646191391,0.2852934158494639,10.75438124022169,0.0
50,26,129,10.020776005880775,0.2802851338394803,10.60236138464059,0.0
50,27,129,10.031993152016584,0.2808906898003953,10.723868141674492,0.0
50,28,129,10.049437772187046,0.3066294625324443,10.723868141674492,0.0
50,29,129,10.038254042574787,0.3036095814057727,10.982103553631022,0.0
50,30,129,10.017090710102314,0.2783138154684832,10.982103553631022,0.0
50,31,129,10.001125524071107,0.2928420121087754,10.564543737260628,0.0
50,32,129,9.958017105240064,0.30391759119837436,10.564543737260628,0.0
50,33,129,9.99919322704688,0.31661443573941994,10.837929466292007,0.0
50,34,129,10.046969434293459,0.33860663674085356,10.837929466292007,0.0
50,35,129,9.946981548566955,0.34328921323880107,10.58466158661578,0.0
50,36,129,9.947639220769153,0.34116869110484604,10.953909156010027,0.0
50,37,129,9.993970971736674,0.34635100370049515,10.953909156010027,0.0
50,38,129,10.003812480333318,0.31204603613572224,10.987970746424384,0.0
50,39,129,10.022804260520576,0.3057521880136767,10.987970746424384,0.0
50,40,129,10.00733320464513,0.3026803131796704,10.557012944584459,0.0
50,41,129,10.050388431885079,0.30555925738218936,10.799702735860887,0.0
50,42,129,10.060469542392376,0.3167677463545299,10.899751535421803,0.0
50,43,129,9.99363373641468,0.29869861793674607,10.899751535421803,0.0
50,44,129,9.943774158335959,0.30059788779786156,10.615274010997032,0.0
50,45,129,10.015010361493964,0.3400224961372828,10.64169920681838,0.0
50,46,129,9.994981589612477,0.3557214547098444,10.64169920681838,0.0
51,0,128,9.992476163044051,0.3113862121080278,10.66372393854874,0.0
51,1,128,9.971465254334301,0.3388837140821403,10.66372393854874,0.0
51,2,128,9.985968461325086,0.2935719095082945,10.708680516586144,0.0
51,3,128,9.980982929479778,0.303106772189543,10.708680516586144,0.0
51,4,128,10.002451206175683,0.3106656042640203,10.626058878400638,0.0
51,5,128,9.991062655743836,0.30739496701182295,10.62677966697164,0.0
51,6,128,10.005093448817558,0.28753225782106057,10.62677966697164,0.0
51,7,128,10.032345220985187,0.26757474135436254,10.762311895848342,0.0
51,8,128,9.971168469565205,0.2740927210614819,10.762311895848342,0.0
51,9,128,9.941034109577023,0.28302610664787253,10.650525767064766,0.0
51,10,128,9.95203237423817,0.29121533081009904,10.650525767064766,0.0
51,11,128,9.919877097634885,0.2809787224727232,10.612346086399569,0.0
51,12,128,9.96165323349833,0.30231349713932404,10.75456540493338,0.0
51,13,128,10.063424847636975,0.3209423295618614,10.988891241488863,0.0
51,14,128,10.054558880992738,0.3190206293057862,10.988891241488863,0.0
51,15,128,10.0241267299667,0.3456625381357329,10.804132800839456,0.0
51,16,128,9.99116358220832,0.34006969745604304,10.804132800839456,0.0
51,17,128,9.944388272815935,0.2598489202794534,10.527544776185534,0.0
51,18,128,9.947863896729206,0.24786594332307757,10.377057217822193,0.0
51,19,128,10.001725571621867,0.2660349673458828,10.560075908511568,0.0
51,20,128,10.047722784476989,0.23215868897521344,10.560075908511568,0.0
51,21,128,10.03082765409364,0.3069433847984324,10.639305436302955,0.0
51,22,128,10.049695562961062,0.3335246184769719,10.744169411742687,0.0
51,23,128,10.073407796980735,0.3275164692546318,10.881687159184766,0.0
51,24,128,10.056827066704031,0.3521323887032069,10.881687159184766,0.0
51,25,128,10.033721991200068,0.29973425337595494,10.589177759814163,0.0
51,26,128,10.02619966745287,0.2770756700362256,10.767795330148859,0.0
51,27,128,9.977056457982416,0.2763506908962716,10.767795330148859,0.0
51,28,128,9.973213335916558,0.28525795818646577,10.480239895401104,0.0
51,29,128,10.007021866067928,0.2845449550678563,10.52112277953078,0.0
51,30,128,10.021404054472313,0.25953883321497756,10.533346877540362,0.0
51,31,128,10.036954782739341,0.22734664023654627,10.533346877540362,0.0
51,32,128,10.02742614194807,0.22388049690022016,10.441907504537465,0.0
51,33,128,10.032713236957202,0.28028144151328904,10.670514727991215,0.0
51,34,128,9.999682564247735,0.3135848882462493,10.670514727991215,0.0
51,35,128,10.000525838044577,0.3038203024571748,10.52544486869105,0.0
51,36,128,10.05337790074378,0.26181500003195834,10.522633545946203,0.0
51,37,128,10.021441221030713,0.264838748218293,10.522633545946203,0.0
51,38,128,9.977465308273473,0.2715533530420652,10.455441242442811,0.0
51,39,128,9.95392817490079,0.27730240381367677,10.56554058311585,0.0
51,40,128,9.99790717171454,0.30704177127129706,10.65882130167161,0.0
51,41,128,10.053074202159328,0.330311709924202,10.65882130167161,0.0
51,42,128,9.975436480591233,0.34445688291309834,10.658040557039742,0.0
51,43,128,9.946298134937786,0.2833409381912616,10.506513468559486,0.0
51,44,128,10.02405452405,0.23713172086305992,10.466164828689326,0.0
51,45,128,10.035099323112897,0.3017993356188767,11.222657724774633,0.0
51,46,128,10.004708822959985,0.3087616791092108,11.222657724774633,0.0
52,0,127,9.972737713872128,0.2807741771020478,10.692065608626258,0.0
52,1,127,9.989969668993014,0.28635961731890913,10.692065608626258,0.0
52,2,127,10.019963211587777,0.2836743424749158,10.565851029814638,0.0
52,3,127,10.030691329367457,0.2828083962945045,10.611157735008259,0.0
52,4,127,10.110856381318246,0.3272101711262577,10.799474167435228,0.0
52,5,127,10.104347445942002,0.3594314065581422,10.799474167435228,0.0
52,6,127,10.070775548362025,0.3444370754993292,10.747285388034259,0.0
52,7,127,10.076352619332791,0.32069873280790817,10.7365369632172,0.0
52,8,127,9.996376040895425,0.30316648826252823,10.620478849459442,0.0
52,9,127,9.98731968103665,0.2819267022429606,10.488546147908238,0.0
52,10,127,9.97883164419382,0.301086534724581,10.567570446397601,0.0
52,11,127,9.97030690703372,0.30708622735743696,10.891967488108344,0.0
52,12,127,10.009940866249911,0.2887060231139979,10.891967488108344,0.0
52,13,127,9.999537409447218,0.28493694463990243,10.559796668231261,0.0
52,14,127,9.95487082313062,0.3264811684871914,10.460691436148197,0.0
52,15,127,9.944335639147607,0.33930340223426797,10.463471373354187,0.0
52,16,127,9.92721296287802,0.3017845072578891,10.5825295217709,0.0
52,17,127,9.928160618543664,0.30693373272210195,10.80571222590595,0.0
52,18,127,9.956150380048111,0.31416762514556223,10.80571222590595,0.0
52,19,127,9.934975487587309,0.29544298329119056,10.487046066720609,0.0
52,20,127,10.010785678080321,0.27695532519574745,10.827042843892123,0.0
52,21,127,10.023977222754644,0.3093313531714829,10.827042843892123,0.0
52,22,127,9.984834235343385,0.3290481983214666,10.830058983208026,0.0
52,23,127,9.996404679798633,0.31559368827533074,10.830058983208026,0.0
52,24,127,9.95523218363826,0.30173255246577846,10.616476435452228,0.0
52,25,127,9.933698602238403,0.28981597677518,10.496466075771094,0.0
52,26,127,9.947699179731648,0.2958075686576055,10.498830156232264,0.0
52,27,127,9.964422249336534,0.2736884052943221,10.579965363978364,0.0
52,28,127,9.952185646495572,0.2413728731323999,10.586056132985743,0.0
52,29,127,10.002928140702492,0.25801307210412516,10.586056132985743,0.0
52,30,127,10.006662499927096,0.3044671710606759,10.533990683643133,0.0
52,31,127,10.003567689129104,0.3531747059672022,11.003387454919764,0.0
52,32,127,9.980643149575398,0.3504085775492172,11.003387454919764,0.0
52,33,127,9.911162678693032,0.3025607531385168,10.575889949790483,0.0
52,34,127,9.958671722806109,0.26954868184338643,10.575889949790483,0.0
52,35,127,10.002601301624754,0.2693503962391842,10.542968635219902,0.0
52,36,127,10.018773850393742,0.2804305736031112,10.542968635219902,0.0
52,37,127,10.022970196628163,0.27698201074233414,10.681528689300679,0.0
52,38,127,9.99317981757305,0.31718761405253193,10.681528689300679,0.0
52,39,127,9.975727620150764,0.3063050056235385,10.576737988260334,0.0
52,40,127,10.02025823376677,0.28373231010738076,10.578369910935155,0.0
52,41,127,10.067871464663245,0.2727470988404564,10.667503612170549,0.0
52,42,127,10.042865589536333,0.26727461864813995,10.667503612170549,0.0
52,43,127,10.003556464052542,0.27047033822324235,10.715161883582496,0.0
52,44,127,9.973766379063973,0.3104299749068939,10.79806296369963,0.0
52,45,127,9.981437744047728,0.31792801587433733,10.79806296369963,0.0
52,46,127,10.021777821388374,0.33246855147826876,11.015456133159605,0.0
53,0,126,10.009412803740203,0.2937129314750305,10.684971177902444,0.0
53,1,126,10.009851175424263,0.22425007479407305,10.569126520013283,0.0
53,2,126,10.039398917897794,0.23341218450815832,10.590552083498476,0.0
53,3,126,10.021467185719699,0.2721631774828001,10.633788613540057,0.0
53,4,126,10.017867976435834,0.2770830172217678,10.785094254072202,0.0
53,5,126,10.014446113087505,0.2886583162631869,10.785094254072202,0.0
53,6,126,9.982885092446347,0.29914139174755244,10.5385417776266,0.0
53,7,126,10.016423696765042,0.30935829943169335,10.605167405951384,0.0
53,8,126,10.027671101068922,0.31355526326699046,10.964695150766179,0.0
53,9,126,10.026496340011747,0.30811440507604004,10.964695150766179,0.0
53,10,126,10.080103601959182,0.2880204045690654,10.940282018900485,0.0
53,11,126,10.078469288586152,0.30002095199313455,10.940282018900485,0.0
53,12,126,9.998931483963288,0.27138240407322184,10.729565307508219,0.0
53,13,126,9.95145046071655,0.261529194173548,10.5566887315621,0.0
53,14,126,9.988302982403315,0.31510597969513887,10.659118402305861,0.0
53,15,126,9.985745610966335,0.32826094050701565,10.666254950211519,0.0
53,16,126,9.934480604249437,0.32476992062972454,10.721960236889624,0.0
53,17,126,9.998780512693235,0.31111156934482154,10.721960236889624,0.0
53,18,126,9.981209828079217,0.29793520788855715,10.608251347958973,0.0
53,19,126,9.935531320951553,0.28345057922748207,10.627674678823103,0.0
53,20,126,10.02824044122258,0.34352954146109077,10.783675596492808,0.0
53,21,126,10.052064033481576,0.33873070920527554,10.783675596492808,0.0
53,22,126,10.028887398048353,0.2331509050072767,10.642414033763197,0.0
53,23,126,9.964656046740044,0.24999262127850772,10.491902885210662,0.0
53,24,126,9.976094368205025,0.3005244220735599,10.726650806491413,0.0
53,25,126,10.027510699201319,0.28296711784979417,10.726650806491413,0.0
53,26,126,9.980526908974744,0.28413816911179396,10.57882611360397,0.0
53,27,126,10.024229953880274,0.29336206713974133,10.569041713790376,0.0
53,28,126,10.052303127303519,0.3330575553501366,10.916008100767423,0.0
53,29,126,10.009299037558486,0.32418766926339676,10.916008100767423,0.0
53,30,126,10.018842505958085,0.2378326102179448,10.53364479495833,0.0
53,31,126,10.042776285122926,0.2558827849874646,10.696768046073679,0.0
53,32,126,10.015608107091056,0.3264849911724211,10.696768046073679,0.0
53,33,126,9.988698370459463,0.34337211570440423,10.713908326664804,0.0
53,34,126,9.933905514942916,0.3173130501103451,10.713908326664804,0.0
53,35,126,9.977804966718903,0.31097508351899417,10.932654628600226,0.0
53,36,126,10.059261278953421,0.29780332618638516,10.932654628600226,0.0
53,37,126,10.002305906547265,0.3069251393468645,10.772964470449228,0.0
53,38,126,9.960207552989653,0.2756371623832524,10.772964470449228,0.0
53,39,126,9.949071255679208,0.2337668802724053,10.474308981402169,0.0
53,40,126,10.013370726266391,0.27132735283068515,10.783637430226408,0.0
53,41,126,10.060213357457034,0.32361255030149727,10.783637430226408,0.0
53,42,126,10.037160284558185,0.3643800548602524,11.153759050496078,0.0
53,43,126,10.09512068966809,0.36416313483749835,11.153759050496078,0.0
53,44,126,10.089877458624015,0.32485199355110367,11.11280254725951,0.0
53,45,126,9.987734617721824,0.3165266646988081,10.811374252419652,0.0
53,46,126,9.937020478146648,0.2982398654787763,10.811374252419652,0.0
54,0,125,9.998988873581515,0.2924758343561989,10.623749639984526,0.0
54,1,125,10.032929530202313,0.27869948610531875,10.623749639984526,0.0
54,2,125,10.022814924728491,0.30969133327128073,10.756847156377264,0.0
54,3,125,9.987316207359314,0.30110140903289195,10.816099383066232,0.0
54,4,125,9.98031028791103,0.2984344103036526,10.816099383066232,0.0
54,5,125,10.020492046012924,0.28540819037444687,10.587870707686124,0.0
54,6,125,10.028732550004378,0.301208480783948,10.716462696194204,0.0
54,7,125,9.990150654679638,0.3179868973572883,10.716462696194204,0.0
54,8,125,9.97262867226789,0.3083999563329577,10.491274441412068,0.0
54,9,125,10.018557520437197,0.30814955528645066,10.809849197932877,0.0
54,10,125,10.092336344088942,0.2932913094026935,10.877265689004524,0.0
54,11,125,10.065218489816887,0.29981810136599224,10.877265689004524,0.0
54,12,125,10.02911687817451,0.30371522909702114,10.635545373647982,0.0
54,13,125,10.030198576916831,0.31232399284432577,10.62646105763656,0.0
54,14,125,10.048543559308923,0.27998054377962545,10.508635514415912,0.0
54,15,125,10.026791279353576,0.32029225283125756,10.788538809463768,0.0
54,16,125,9.958230984056144,0.35137830295692074,10.788538809463768,0.0
54,17,125,9.940456982367534,0.300785154139636,10.542720659423466,0.0
54,18,125,9.954249483119593,0.2821305403918873,10.696133946226281,0.0
54,19,125,9.997776426515244,0.30876960213548754,10.729357263307758,0.0
54,20,125,10.029862479801205,0.27592795218161925,10.729357263307758,0.0
54,21,125,10.033451180858513,0.2533976331778136,10.644277209604283,0.0
54,22,125,10.059209038926685,0.2747880074321304,10.644277209604283,0.0
54,23,125,10.024188523962085,0.27471976623068106,10.784555871662501,0.0
54,24,125,9.964189926978614,0.25262275279028806,10.784555871662501,0.0
54,25,125,10.002293506359935,0.2518549469261349,10.82612302738413,0.0
54,26,125,10.022714592845132,0.3150301783000386,10.82612302738413,0.0
54,27,125,10.01457113712778,0.33690101012672985,10.745052179396925,0.0
54,28,125,9.986948322978387,0.300391438980372,10.609940693921388,0.0
54,29,125,9.97777213678518,0.27689072276492155,10.558196290882577,0.0
54,30,125,10.024615119370393,0.2653419360326183,10.608876741454548,0.0
54,31,125,10.04417947319322,0.24105110670903526,10.629941337482553,0.0
54,32,125,10.037525870853532,0.2565879142896545,10.629941337482553,0.0
54,33,125,10.01001379350409,0.2997134776884887,10.714307689764357,0.0
54,34,125,10.009131182297963,0.34075946424820214,10.814988352027303,0.0
54,35,125,10.046201639396317,0.34089622642941064,10.814988352027303,0.0
54,36,125,10.00813288784556,0.3021888449465882,10.600583504694386,0.0
54,37,125,9.963873909811147,0.2976656117830478,10.749939296590599,0.0
54,38,125,10.004570032844478,0.2903749020700547,10.749939296590599,0.0
54,39,125,9.930513132193958,0.29914207814240473,10.623526324279627,0.0
54,40,125,9.888809054446376,0.31533004037484086,10.64600621362733,0.0
54,41,125,9.96141142542132,0.30137748229357714,10.64600621362733,0.0
54,42,125,10.023790477207807,0.25738717411927436,10.515766528197975,0.0
54,43,125,9.989122978434759,0.24693632149794734,10.515766528197975,0.0
54,44,125,9.978031836978394,0.31451330432384234,10.709422588788527,0.0
54,45,125,10.014209058582788,0.3372443217277855,10.709422588788527,0.0
54,46,125,9.949339423360243,0.29002794728526243,10.611451471018988,0.0
55,0,124,10.002988107760158,0.2991605289107219,10.668866960061358,0.0
55,1,124,10.04059051770683,0.2962660991080444,10.957035252069698,0.0
55,2,124,10.041495723593448,0.32338733989747015,10.957035252069698,0.0
55,3,124,10.045426452582019,0.31923639860148423,10.883083477339119,0.0
55,4,124,10.027818118022953,0.32099864457741745,10.68786353466403,0.0
55,5,124,10.02582867558222,0.3267244013948735,10.68786353466403,0.0
55,6,124,10.029528724220901,0.2754956527670322,10.671425154713937,0.0
55,7,124,9.975881657918169,0.2673705216480359,10.425717681390738,0.0
55,8,124,9.967312717729182,0.2637401856386539,10.592952373396267,0.0
55,9,124,10.02443813662906,0.2893695110775914,10.850808637862869,0.0
55,10,124,10.047343612241399,0.2899214695842503,10.850808637862869,0.0
55,11,124,9.988691130544842,0.2696012836913392,10.823394033615218,0.0
55,12,124,10.016317503572965,0.30737731269936286,10.823394033615218,0.0
55,13,124,10.049605622631642,0.2856904624730273,10.547374098663548,0.0
55,14,124,9.959240947461645,0.289638349743426,10.708383666156513,0.0
55,15,124,9.98485009652432,0.3115302692490621,10.768757974048471,0.0
55,16,124,10.035414178745775,0.3078244588588117,10.884301718279422,0.0
55,17,124,10.058433440236335,0.3213333234199244,10.884301718279422,0.0
55,18,124,10.045816092411172,0.274944631581099,10.85617681343897,0.0
55,19,124,10.021446796339434,0.27421587775877176,10.637431944574734,0.0
55,20,124,10.03468786682263,0.28790310004298114,10.67859305059694,0.0
55,21,124,10.028855836275033,0.2699370472680947,10.67859305059694,0.0
55,22,124,10.018878333407935,0.3026934438064437,10.913561627359792,0.0
55,23,124,10.00404100685433,0.28244072003650406,10.913561627359792,0.0
55,24,124,10.014288666679915,0.27129015011059854,10.582745229761413,0.0
55,25,124,9.995342925046655,0.26773449271558847,10.550380868323188,0.0
55,26,124,9.97115338656773,0.23771305460679248,10.421357010979145,0.0
55,27,124,10.009480377839255,0.28476396024346173,10.672824276112392,0.0
55,28,124,10.06211836498157,0.33962613791605256,10.804828471637702,0.0
55,29,124,9.99730324808622,0.3704733382569071,10.804828471637702,0.0
55,30,124,9.998186574687256,0.32986621343006867,10.750916533353653,0.0
55,31,124,10.024265684299957,0.2926257163398036,10.717461489859991,0.0
55,32,124,10.028678509834702,0.28174407490135195,10.619622860204306,0.0
55,33,124,10.039058468202175,0.2968354882913289,10.706434744551558,0.0
55,34,124,9.943544943231654,0.321972398700945,10.706434744551558,0.0
55,35,124,9.940018898545551,0.2969177314592968,10.422033732313947,0.0
55,36,124,10.069622733387275,0.30619921267764594,10.791334557817919,0.0
55,37,124,10.082036449329188,0.2775935141784369,10.791334557817919,0.0
55,38,124,10.04966760470702,0.23635006532325653,10.524794495604425,0.0
55,39,124,10.034520252281595,0.257211656371687,10.524794495604425,0.0
55,40,124,9.975960211454506,0.30943378050417103,10.6123399079742,0.0
55,41,124,10.015409654778761,0.318951212528401,10.649564911233643,0.0
55,42,124,10.049138182573252,0.2794660396326049,10.649564911233643,0.0
55,43,124,10.021242776821571,0.30493206508250575,10.623877679774333,0.0
55,44,124,9.998500538279302,0.3008791282331654,10.623877679774333,0.0
55,45,124,10.01534561372974,0.26471681504009725,10.754440129237343,0.0
55,46,124,10.032532200233224,0.2609155148956837,10.754440129237343,0.0
56,0,123,10.050570335110573,0.31933774223033146,10.783851231948072,0.0
56,1,123,10.017150964288334,0.3158019840615517,10.783851231948072,0.0
56,2,123,10.006154838563777,0.28239888735988206,10.693172691050838,0.0
56,3,123,10.01685470784699,0.2888132822427068,10.626602335350768,0.0
56,4,123,10.02084263302594,0.32055126683870555,10.90011828260365,0.0
56,5,123,10.037572619937176,0.3163716813075516,10.90011828260365,0.0
56,6,123,10.03035564295352,0.2937282232756043,10.82188365431236,0.0
56,7,123,10.063748649244822,0.31302779891970595,10.739334979589916,0.0
56,8,123,10.05370771944272,0.3032224747146945,10.66984651977701,0.0
56,9,123,10.039463916564122,0.3164214593266749,10.71290532574537,0.0
56,10,123,10.05070397430275,0.34333649035584635,10.869733712006246,0.0
56,11,123,9.999288393727783,0.29990192022388407,10.869733712006246,0.0
56,12,123,9.974946240996742,0.292498694197209,10.693685395135862,0.0
56,13,123,9.950634171345298,0.28892895760334164,10.693685395135862,0.0
56,14,123,9.961009864216782,0.2537162492011275,10.377541915781867,0.0
56,15,123,9.97437371646177,0.2839267185466532,10.457681901889385,0.0
56,16,123,9.94435566306577,0.34264241515087385,10.510999867247747,0.0
56,17,123,9.981879860195942,0.3448889290260832,10.516702157715473,0.0
56,18,123,10.02739442374792,0.2753202398759852,10.579929326374698,0.0
56,19,123,10.007161267773911,0.27420906580055404,10.579929326374698,0.0
56,20,123,10.00480771602809,0.3088787914099826,10.58565932284138,0.0
56,21,123,10.005044629832975,0.2872542479182467,10.621931990290566,0.0
56,22,123,9.996209322283319,0.2850552910986243,10.621931990290566,0.0
56,23,123,10.053021163258832,0.33989299619861435,10.779355717611754,0.0
56,24,123,10.0495417464972,0.33322624337551016,10.779355717611754,0.0
56,25,123,10.023783158867154,0.27962084846555596,10.592611128076605,0.0
56,26,123,10.020636780046907,0.28678026681716057,10.652479114204498,0.0
56,27,123,10.015908024285567,0.3108324671234149,10.652479114204498,0.0
56,28,123,9.984863851128864,0.32005944408398973,10.579656893487602,0.0
56,29,123,9.964828563160873,0.30206967007143165,10.572795336018302,0.0
56,30,123,9.985270964284108,0.3177312766386726,10.487663572987378,0.0
56,31,123,9.984286092644512,0.3079911250751821,10.854870604923299,0.0
56,32,123,9.96682076901744,0.2884668208392267,10.854870604923299,0.0
56,33,123,9.956576890405442,0.3193810557389326,10.538799903079472,0.0
56,34,123,9.959447555678391,0.31822727746668966,10.649582472002812,0.0
56,35,123,9.982262563854633,0.3011545513667438,10.770411392258122,0.0
56,36,123,9.984210563441788,0.2836545831490539,10.770411392258122,0.0
56,37,123,10.014100003580813,0.2689484329298718,10.499593236469227,0.0
56,38,123,10.056011168434773,0.27939183623747077,10.499593236469227,0.0
56,39,123,10.024738905484318,0.29845915539184914,10.476772296532086,0.0
56,40,123,10.014821540810079,0.2923203086656559,10.677115354025254,0.0
56,41,123,10.031972654945758,0.24725300639882808,10.677115354025254,0.0
56,42,123,10.013505590249945,0.24513584182365328,10.495324265741623,0.0
56,43,123,10.010765830510769,0.29252233827632074,10.716359612478575,0.0
56,44,123,10.016354430753246,0.2884655104905534,10.716359612478575,0.0
56,45,123,10.06379899672227,0.3148664111013319,10.896518331888272,0.0
56,46,123,10.061228380409945,0.3296355279096267,10.896518331888272,0.0
57,0,122,10.012532261734233,0.2602815430296122,10.710627870379671,0.0
57,1,122,10.033477503422798,0.2943689194807777,10.710627870379671,0.0
57,2,122,10.024617513991634,0.26861913664491277,10.63637088048013,0.0
57,3,122,10.034510057209967,0.2690736741428755,10.708153774756466,0.0
57,4,122,10.11472508550044,0.2901405382992329,10.994039151421282,0.0
57,5,122,10.089130124884704,0.2878234301570368,10.994039151421282,0.0
57,6,122,9.96146769353772,0.2914344606467424,10.549159826453218,0.0
57,7,122,9.933205222858536,0.2834197903331809,10.462586493712319,0.0
57,8,122,9.997298399411594,0.30308242759294285,10.540717941362978,0.0
57,9,122,9.93957371818865,0.32029751622076436,10.759113444310866,0.0
57,10,122,10.007198740191152,0.30866298007153253,10.759113444310866,0.0
57,11,122,10.099096329810772,0.32079479547268985,11.024345939048452,0.0
57,12,122,9.997341097037605,0.32820164898782384,11.024345939048452,0.0
57,13,122,10.030557880100805,0.3309341110326541,10.966909419318172,0.0
57,14,122,10.095266959281659,0.3220596728565817,10.966909419318172,0.0
57,15,122,10.021534560202745,0.274755159846187,10.67105872963017,0.0
57,16,122,10.008662386715942,0.26179210370693307,10.64517014029543,0.0
57,17,122,10.033398773967251,0.27443948506228427,10.707961295056737,0.0
57,18,122,9.977344988881628,0.2992041916364018,10.707961295056737,0.0
57,19,122,9.905914246586685,0.2980698548437819,10.602157162302884,0.0
57,20,122,9.971562306900847,0.3188153582335999,10.672418912051764,0.0
57,21,122,10.085880581794218,0.33081494374700965,10.900737158230648,0.0
57,22,122,10.088571120817818,0.30237085402209707,10.900737158230648,0.0
57,23,122,10.05507442163374,0.28779330599408015,10.712166662588409,0.0
57,24,122,10.051416099803916,0.31008980699100874,10.759959766153088,0.0
57,25,122,10.020585700897843,0.29465907008822684,10.878765324625753,0.0
57,26,122,10.0241766681283,0.28855661581290537,10.878765324625753,0.0
57,27,122,10.019903355681656,0.28601623017115646,10.638336546594232,0.0
57,28,122,10.0136762841568,0.2401157856187319,10.455278705009274,0.0
57,29,122,10.005604864065871,0.24511507633019536,10.455278705009274,0.0
57,30,122,9.934558148588946,0.2817570512560838,10.441153527503376,0.0
57,31,122,9.96270195334447,0.2955182838311801,10.69378800628574,0.0
57,32,122,9.998769957331778,0.3192556718072978,10.901345311329246,0.0
57,33,122,9.979122042452477,0.3098330821098887,10.901345311329246,0.0
57,34,122,9.962869816936854,0.28948367422099114,10.531805227563952,0.0
57,35,122,9.949321681981498,0.27292042858726945,10.531805227563952,0.0
57,36,122,9.909446338365498,0.24169289298505198,10.419876066656435,0.0
57,37,122,9.929370979221964,0.26543225721393976,10.564687358714881,0.0
57,38,122,9.999336355333668,0.3135817024867447,10.82031530481755,0.0
57,39,122,10.007336462972196,0.2926050918414127,10.82031530481755,0.0
57,40,122,9.988750796083265,0.2602864714583721,10.67106605700092,0.0
57,41,122,9.918259003542477,0.26786500223742254,10.67106605700092,0.0
57,42,122,9.940159493204234,0.26601335969831935,10.470582486964066,0.0
57,43,122,9.994732370347053,0.26157113712509567,10.470582486964066,0.0
57,44,122,10.007776924459076,0.29326856619825176,10.743328157796949,0.0
57,45,122,10.01313286339381,0.32219437319237637,10.743328157796949,0.0
57,46,122,10.017247711850581,0.3260159862806598,10.89915591848123,0.0
58,0,121,9.999910614919168,0.29073540865079184,10.692274441007132,0.0
58,1,121,10.08019659504614,0.29514646824208857,10.80719837545391,0.0
58,2,121,10.097608851643336,0.24187081568128482,10.80719837545391,0.0
58,3,121,10.005555892684557,0.3030390891290256,10.708427692709325,0.0
58,4,121,10.013081176166796,0.37276180237115814,10.708427692709325,0.0
58,5,121,10.070227238203376,0.32004768653280896,10.56158414317735,0.0
58,6,121,9.971938067265656,0.3006866481693618,10.585830621634782,0.0
58,7,121,9.956907318283127,0.2829871507593262,10.585830621634782,0.0
58,8,121,9.97586833810092,0.271237812537367,10.477433136378334,0.0
58,9,121,9.970551913773395,0.29048969830506044,10.719266341024703,0.0
58,10,121,10.00306290375756,0.25782646008771987,10.719266341024703,0.0
58,11,121,10.013443180859257,0.267076221779709,10.582567727088463,0.0
58,12,121,9.972970651608767,0.29421844109935025,10.582567727088463,0.0
58,13,121,9.994797565562804,0.2938699655059285,10.638773552568924,0.0
58,14,121,10.025459485480312,0.3181972004765287,10.727852770518162,0.0
58,15,121,10.021784886816688,0.32204040462070915,10.764888601872922,0.0
58,16,121,10.029571045965728,0.30137592619285786,10.764888601872922,0.0
58,17,121,9.996723765282043,0.2820538997516819,10.63623007611293,0.0
58,18,121,10.029183701285612,0.28132952946895123,10.77686753916239,0.0
58,19,121,10.065864874091162,0.32716481855590146,10.77686753916239,0.0
58,20,121,10.043241798998395,0.3263164269885682,10.644164172919202,0.0
58,21,121,9.994973321119604,0.3415618450183182,10.608666679020752,0.0
58,22,121,10.028077311263518,0.4046899818787491,11.032435124149911,0.0
58,23,121,10.059853496812314,0.3494330367770377,11.032435124149911,0.0
58,24,121,10.029836567610836,0.3064747753426188,10.554022482196713,0.0
58,25,121,10.005816985672027,0.31787219522568116,10.861308060592062,0.0
58,26,121,10.030350834198336,0.3030622592341888,10.978178031135968,0.0
58,27,121,10.012007974558376,0.30004022466529573,10.978178031135968,0.0
58,28,121,10.01605689169768,0.2913758359916639,10.568162319222857,0.0
58,29,121,10.00260592926546,0.28694307510309613,10.572473600268815,0.0
58,30,121,9.968988162840088,0.24513216532899693,10.572473600268815,0.0
58,31,121,9.961787691617882,0.25639409922725376,10.509934132549631,0.0
58,32,121,10.007183710337184,0.3078630789992013,10.679414133995575,0.0
58,33,121,10.065868564957096,0.2852703342884447,10.679414133995575,0.0
58,34,121,10.045714844375198,0.2635295377410443,10.722435674519584,0.0
58,35,121,10.001033612449211,0.24851360458972846,10.722435674519584,0.0
58,36,121,10.0008947189079,0.25581553825787107,10.741284382329155,0.0
58,37,121,10.068836301157248,0.31292032670935715,10.741284382329155,0.0
58,38,121,10.080491284099182,0.31037232629159,10.716479404189597,0.0
58,39,121,10.050926447930214,0.2644932838800234,10.597494239522806,0.0
58,40,121,9.988874234470249,0.28325531660548303,10.597494239522806,0.0
58,41,121,9.990684026420762,0.33144855587775984,10.803739990850042,0.0
58,42,121,9.989745270122942,0.34984211207778976,10.803739990850042,0.0
58,43,121,9.958795719572114,0.3288809273649961,10.663871381102398,0.0
58,44,121,10.020078792698557,0.34162661920467463,11.021944882080446,0.0
58,45,121,10.040707840925478,0.3310083553497986,11.021944882080446,0.0
58,46,121,10.020851144189017,0.28417166697273905,10.622822215715875,0.0
59,0,120,10.000645992196672,0.30970198926147025,10.601595376175558,0.0
59,1,120,10.007142902446752,0.31194671209586766,10.629373670158476,0.0
59,2,120,10.017360707863846,0.31236836337582774,10.902761192580284,0.0
59,3,120,10.084416676012564,0.3053815057432149,10.902761192580284,0.0
59,4,120,10.006365918260451,0.3164955408203523,10.652066520381046,0.0
59,5,120,9.880747414179991,0.3357500960707573,10.507677326611875,0.0
59,6,120,9.925607034518588,0.3221850040155182,10.701222826148376,0.0
59,7,120,10.063539592205014,0.2907485335838402,10.701222826148376,0.0
59,8,120,10.057704392621497,0.2622105714114234,10.594287745802161,0.0
59,9,120,10.03150469386812,0.26586347109094144,10.600359888029823,0.0
59,10,120,10.022886788151279,0.3309066482326493,10.659024395238553,0.0
59,11,120,9.988338317932849,0.3240181787282952,10.659024395238553,0.0
59,12,120,9.977725753416074,0.285066319678068,10.629820712302022,0.0
59,13,120,9.957298217312951,0.26399125191471606,10.629820712302022,0.0
59,14,120,10.000192029069414,0.32847999384596466,10.810034360523805,0.0
59,15,120,10.038807972874498,0.3877821236842045,10.815841078634472,0.0
59,16,120,9.96862349178233,0.38241345082977307,10.98378096146614,0.0
59,17,120,9.973545850495876,0.3254744169352102,10.98378096146614,0.0
59,18,120,9.986301787718508,0.3089312245230468,10.71008631973885,0.0
59,19,120,9.941089762073206,0.3170196027307991,10.71008631973885,0.0
59,20,120,10.030749501868684,0.3788709161434288,11.124015098257624,0.0
59,21,120,10.06189126566262,0.3700221838884711,11.124015098257624,0.0
59,22,120,9.948318974878978,0.27457443675564835,10.594429621987866,0.0
59,23,120,9.943665701249305,0.27525836380166113,10.502980043900207,0.0
59,24,120,9.987559865712003,0.27785012702249573,10.603165681945883,0.0
59,25,120,9.984625906261014,0.3149755375470229,10.791922825357933,0.0
59,26,120,9.96883776258283,0.30902313127064335,10.791922825357933,0.0
59,27,120,9.991958976439944,0.27688467260244287,10.669257406124634,0.0
59,28,120,9.979975861013845,0.2812580888428317,10.669257406124634,0.0
59,29,120,9.986992972043568,0.2768747033375377,10.85406654724459,0.0
59,30,120,9.997698990213717,0.32193223294128837,10.85406654724459,0.0
59,31,120,9.96565845761772,0.32657464334424324,10.678313334238702,0.0
59,32,120,9.959792361387034,0.30485492528402147,10.645578112518864,0.0
59,33,120,9.979911699845417,0.3019031155829554,10.579716580873514,0.0
59,34,120,10.006800674067021,0.2805153424673732,10.854521315750354,0.0
59,35,120,10.019796849081834,0.28716658153093066,10.854521315750354,0.0
59,36,120,9.985442182946795,0.2684755650913375,10.827865748918489,0.0
59,37,120,9.994200510814213,0.312373814236341,10.93376412685954,0.0
59,38,120,10.06885287924948,0.3284500892731825,10.93376412685954,0.0
59,39,120,10.049779624936289,0.29850555453930816,10.686447432423359,0.0
59,40,120,10.030480067862431,0.2945547073239146,10.637947302312313,0.0
59,41,120,10.020966427301456,0.240857393524963,10.523396158695281,0.0
59,42,120,10.019502285541854,0.22351341401937072,10.575328577993371,0.0
59,43,120,10.020604920188186,0.27793579975604055,10.605072414829813,0.0
59,44,120,10.05703015363961,0.3001791332356252,10.683733024101745,0.0
59,45,120,10.039020908234448,0.2963586816725495,10.683733024101745,0.0
59,46,120,9.992936403574747,0.30935131682713773,10.652702619594086,0.0
60,0,119,10.052526470732916,0.27249692162727196,10.613166070576742,0.0
60,1,119,10.054218367186781,0.2372891500410912,10.612224106579438,0.0
60,2,119,10.002145466590969,0.2549221088786673,10.612224106579438,0.0
60,3,119,9.999131614136337,0.293317158225396,10.622450137665096,0.0
60,4,119,10.024273105131948,0.32434914428504785,10.729256991257575,0.0
60,5,119,9.977523009944562,0.3234056149394028,10.730566850609762,0.0
60,6,119,9.968879527463555,0.2942491699698359,10.730566850609762,0.0
60,7,119,9.983502294349204,0.3094185190492203,10.664415083381753,0.0
60,8,119,9.990016638657194,0.31339813834750346,10.664415083381753,0.0
60,9,119,9.972021618954283,0.2602518977181534,10.502321869527025,0.0
60,10,119,9.980760471215572,0.2381862700715595,10.625672983382124,0.0
60,11,119,10.023533902093238,0.2760048109369859,10.882486441705337,0.0
60,12,119,10.030274191911,0.3124557803092165,10.882486441705337,0.0
60,13,119,9.988685600348486,0.31087229089528234,10.564415535294737,0.0
60,14,119,9.963492991082562,0.28516342856465676,10.69645217299313,0.0
60,15,119,9.960978436187716,0.29481197726581415,10.69645217299313,0.0
60,16,119,9.937239222934965,0.30370812825609417,10.641204846732238,0.0
60,17,119,9.97290382529624,0.27733460591357334,10.641204846732238,0.0
60,18,119,9.99255230679544,0.26124565152235074,10.509835488405832,0.0
60,19,119,9.966278803196026,0.27827532020040485,10.597346177205383,0.0
60,20,119,9.987096763622503,0.2888774201028015,10.622983312883145,0.0
60,21,119,10.034396108145645,0.27734219155138823,10.622983312883145,0.0
60,22,119,10.038733431173375,0.2780649299998759,10.597849854974605,0.0
60,23,119,10.027162794160345,0.3133941805046633,10.930980541872856,0.0
60,24,119,9.98584936761525,0.31261081393595647,10.930980541872856,0.0
60,25,119,9.960787771052612,0.2646081199076295,10.583197466119545,0.0
60,26,119,9.968430291884472,0.2817787810308293,10.640743181763028,0.0
60,27,119,9.958119982187423,0.29793625131816187,10.640743181763028,0.0
60,28,119,9.98577337097296,0.24693800151197182,10.541931256609999,0.0
60,29,119,9.99363789362208,0.2270736635804005,10.660052241313986,0.0
60,30,119,9.967424825886697,0.2617832836111325,10.660052241313986,0.0
60,31,119,9.97458111602166,0.26576761912434976,10.753933030162388,0.0
60,32,119,9.968844409352178,0.3054699259322426,10.805521917901673,0.0
60,33,119,9.949153520316568,0.3429081880206123,10.805521917901673,0.0
60,34,119,9.957390800433776,0.29029824191665365,10.63694929193636,0.0
60,35,119,10.040778614833227,0.2562599972443208,10.716812515873073,0.0
60,36,119,10.028232656482224,0.2497090763936953,10.716812515873073,0.0
60,37,119,9.97604725111641,0.226576069894686,10.482586772230496,0.0
60,38,119,10.014073234760858,0.26871844076324464,10.486659666700886,0.0
60,39,119,9.97652315587394,0.31176281552072754,10.587742261283175,0.0
60,40,119,9.931389681215197,0.2846148977299502,10.609932778968501,0.0
60,41,119,9.923112359518804,0.2741790210853962,10.609932778968501,0.0
60,42,119,9.943060967480253,0.2979314255479487,10.540915732154476,0.0
60,43,119,9.978355971708341,0.2816848151451144,10.490381388040099,0.0
60,44,119,9.978056021105186,0.27759579343645285,10.467497335889508,0.0
60,45,119,9.977950996567637,0.2698696190330247,10.537475195228051,0.0
60,46,119,9.97899188716726,0.24147974112508108,10.537475195228051,0.0
61,0,118,10.008763664298623,0.29752297932896926,10.609268265080773,0.0
61,1,118,10.022017527407321,0.2947667897883462,10.626689505427697,0.0
61,2,118,9.987844742150866,0.27665537885370084,10.626689505427697,0.0
61,3,118,10.000248285057905,0.2673928567222361,10.53847183747325,0.0
61,4,118,9.990622473445734,0.27878369778753226,10.640189656480707,0.0
61,5,118,10.002181557967655,0.27980082893363256,10.657194728183441,0.0
61,6,118,10.021887624862577,0.29519536050852513,10.657194728183441,0.0
61,7,118,10.00211642578927,0.2956994331680458,10.538235041617366,0.0
61,8,118,10.087526503421198,0.29394115796143616,10.722615754956774,0.0
61,9,118,10.07190618277094,0.29074433887574846,10.722615754956774,0.0
61,10,118,9.979094867863939,0.2895239477606531,10.644735021360319,0.0
61,11,118,9.946595136869691,0.32725698018495,10.882846574661887,0.0
61,12,118,9.978993112608817,0.29815262453690505,10.882846574661887,0.0
61,13,118,10.024164904410737,0.3303023895110066,10.713421616281593,0.0
61,14,118,10.033001885507732,0.35257312779292094,10.713421616281593,0.0
61,15,118,10.035136105447378,0.31797259317166254,10.843275943018279,0.0
61,16,118,10.044186882312419,0.3323976107038751,10.946380607270719,0.0
61,17,118,10.044102048147465,0.3365715425041856,10.946380607270719,0.0
61,18,118,9.96603160384545,0.3366776631514292,10.725242020258849,0.0
61,19,118,9.952749513248886,0.28116822775953365,10.566965124496246,0.0
61,20,118,10.018814567644032,0.2882828473172293,10.59453017583013,0.0
61,21,118,10.024365638883165,0.29838752062472623,10.59453017583013,0.0
61,22,118,10.001571699331606,0.3104851254265356,10.843449695313797,0.0
61,23,118,9.974587689209107,0.30982967184739585,10.843449695313797,0.0
61,24,118,9.953622373712209,0.31058948101219497,10.882354844127065,0.0
61,25,118,9.97132063751659,0.34226050572170497,10.882354844127065,0.0
61,26,118,9.982959398399105,0.297925563422797,10.768968353761135,0.0
61,27,118,9.96324786261539,0.22260750547946342,10.414840410319599,0.0
61,28,118,9.960670071333308,0.22383408186549741,10.46988263931989,0.0
61,29,118,9.997144368872116,0.3063714236201954,10.669602538488064,0.0
61,30,118,10.038583690582458,0.34561567100944945,10.837550003094929,0.0
61,31,118,10.007662442482744,0.338518189538389,10.837550003094929,0.0
61,32,118,9.98467965785656,0.31826411752002953,10.584790783829481,0.0
61,33,118,9.975282697206636,0.3146803102111216,10.584790783829481,0.0
61,34,118,10.002230991569629,0.3430159653558269,10.710740691525245,0.0
61,35,118,10.004578074108462,0.32417681728457826,10.710740691525245,0.0
61,36,118,10.012790909591569,0.286990176107806,10.625940394499093,0.0
61,37,118,10.062865291300414,0.29677001584559415,10.769594373261354,0.0
61,38,118,10.079235398777001,0.30165759358886646,10.769594373261354,0.0
61,39,118,10.064414498395035,0.31339902398453173,10.70769888136175,0.0
61,40,118,10.00008030881224,0.2962682830364407,10.70769888136175,0.0
61,41,118,9.965877999019169,0.31636200855903424,10.732372161909563,0.0
61,42,118,9.982903942800007,0.3205056033907267,10.732372161909563,0.0
61,43,118,9.982157155173747,0.28391552929101493,10.700299943369432,0.0
61,44,118,9.956913269280848,0.25826435457746627,10.56758805571489,0.0
61,45,118,9.944544098848812,0.24861611217874555,10.510765124420363,0.0
61,46,118,9.96824718324327,0.29885512953008364,10.675420367374429,0.0
62,0,117,9.965809014752809,0.3184411909185631,10.630189395543345,0.0
62,1,117,9.995787828337097,0.3390878343540986,10.630189395543345,0.0
62,2,117,10.0187162626928,0.34347844429752394,10.774797467729869,0.0
62,3,117,10.040761057916137,0.32560890930938197,10.774797467729869,0.0
62,4,117,10.013292133543331,0.2803173975073882,10.515146692250877,0.0
62,5,117,9.992986210679147,0.2653381383774223,10.486718432881274,0.0
62,6,117,9.982371704084365,0.28408569993763155,10.486718432881274,0.0
62,7,117,10.00018451855313,0.2869122718606587,10.571952440273932,0.0
62,8,117,10.001378281406417,0.2905486290003564,10.677569746532145,0.0
62,9,117,9.998935744323594,0.2871090716514218,10.677569746532145,0.0
62,10,117,10.01804491790932,0.2861109198468189,10.693905750797672,0.0
62,11,117,10.014485839858166,0.2808647816105665,10.693905750797672,0.0
62,12,117,9.964906023367455,0.288704512174448,10.53896039507884,0.0
62,13,117,9.95699571973831,0.3218811152764603,10.568024743011874,0.0
62,14,117,10.022269406385659,0.3389155520578391,10.9174216664598,0.0
62,15,117,10.02541637088917,0.30042941067618195,10.9174216664598,0.0
62,16,117,9.980666315601237,0.2551340943636329,10.57655465827725,0.0
62,17,117,10.048232235900791,0.2951722704432036,10.698454454085757,0.0
62,18,117,10.061570125140882,0.32244945918005036,10.698454454085757,0.0
62,19,117,10.00656990641758,0.3164841168368955,10.619695851917106,0.0
62,20,117,10.021246300818214,0.3257784541829953,10.942940920564672,0.0
62,21,117,9.983964375929135,0.31358314216169964,10.942940920564672,0.0
62,22,117,9.977545949065709,0.30740232477955803,10.64789104144885,0.0
62,23,117,10.042332869515825,0.2965717976966546,10.667430187509122,0.0
62,24,117,10.007895643816271,0.26759358606793904,10.736355270555038,0.0
62,25,117,9.960549626877325,0.2537198960935972,10.736355270555038,0.0
62,26,117,9.972771338388572,0.27652788237244635,10.493985433894476,0.0
62,27,117,9.959307535669733,0.3065340562082039,10.527475747902507,0.0
62,28,117,10.009326563491028,0.32613221630044115,10.637684385642022,0.0
62,29,117,10.078051210249031,0.29627727155083683,10.637684385642022,0.0
62,30,117,10.009527850568022,0.282601714999849,10.643297756780035,0.0
62,31,117,9.985519222549291,0.2840875944163982,10.643297756780035,0.0
62,32,117,10.039453993496167,0.27665917841227244,10.759115801004949,0.0
62,33,117,10.026688217705734,0.27338353189342673,10.759226007797574,0.0
62,34,117,10.072321431308646,0.3021325377438841,10.774451954728667,0.0
62,35,117,10.03531033823026,0.31081014408781904,10.774451954728667,0.0
62,36,117,10.009084500394613,0.2890869497454901,10.844043591701787,0.0
62,37,117,10.008123999373067,0.30389453712848247,10.844043591701787,0.0
62,38,117,9.967878392611194,0.28887085259503764,10.542702858813795,0.0
62,39,117,9.934392935785361,0.28135990669804367,10.542702858813795,0.0
62,40,117,9.914863650701601,0.2758813147825598,10.824959175196128,0.0
62,41,117,9.963206927281137,0.26843367702732807,10.824959175196128,0.0
62,42,117,9.978622867122413,0.29821294338987736,10.64863596497203,0.0
62,43,117,10.010349030762509,0.3077239372753634,10.663782641219331,0.0
62,44,117,9.996940030903032,0.30949840242968785,10.663782641219331,0.0
62,45,117,9.992339770365863,0.326877046761496,10.605336727366948,0.0
62,46,117,9.99008852454574,0.3150007403868727,10.589230630470947,0.0
63,0,116,9.997301828496012,0.29543076731555395,10.726958172293102,0.0
63,1,116,10.056474257971248,0.3158415096364844,10.775572368324823,0.0
63,2,116,9.985666059024231,0.3185908347709385,10.775572368324823,0.0
63,3,116,9.903251100312213,0.29241232051217814,10.595190892927263,0.0
63,4,116,9.917590244758706,0.3011798301793573,10.595190892927263,0.0
63,5,116,9.9405269121637,0.2980824211353762,10.69862372516053,0.0
63,6,116,9.935778205465054,0.2929994013258319,10.69862372516053,0.0
63,7,116,9.96775132723202,0.293337537991978,10.771022898306015,0.0
63,8,116,9.985120478592448,0.32396561345847813,10.817246586143916,0.0
63,9,116,10.015654269700988,0.32976756938245805,10.817246586143916,0.0
63,10,116,10.042991696659024,0.3001077717542716,10.64551076717295,0.0
63,11,116,9.999597302345705,0.3075275082926026,10.641006540139768,0.0
63,12,116,10.005690358148291,0.3017824477230954,10.777993217486358,0.0
63,13,116,10.040196360264307,0.305333440631867,10.777993217486358,0.0
63,14,116,9.995713007869833,0.2986306471204972,10.619370883589388,0.0
63,15,116,9.975437304231594,0.2984383467283766,10.590071160641811,0.0
63,16,116,9.964342498287683,0.3049223020206234,10.590071160641811,0.0
63,17,116,9.959657725011395,0.27164561346584976,10.641292267001855,0.0
63,18,116,10.014889358959401,0.2698171138399365,10.641292267001855,0.0
63,19,116,10.059776432117634,0.3210077428000804,11.265467350073365,0.0
63,20,116,10.083573012510227,0.31994593782169406,11.265467350073365,0.0
63,21,116,10.070797004468076,0.31133453839749237,10.64521587077399,0.0
63,22,116,10.016426221137644,0.31053857384881184,10.64521587077399,0.0
63,23,116,10.011022891670851,0.2834642081480909,10.511599470304054,0.0
63,24,116,9.989221174191865,0.30326250150556705,10.539006675611702,0.0
63,25,116,9.999004962667836,0.30135312917791707,10.587765302872034,0.0
63,26,116,10.076240168890683,0.3244335094346186,10.756919948154962,0.0
63,27,116,10.03303035510646,0.33363521890947234,10.756919948154962,0.0
63,28,116,9.977115314556247,0.28923978146135637,10.616377960943236,0.0
63,29,116,10.033160023137766,0.30347970592881013,10.862041679738482,0.0
63,30,116,10.066959722329798,0.31933349349450924,10.862041679738482,0.0
63,31,116,10.023966600289631,0.30112841892192527,10.731877513486692,0.0
63,32,116,9.987820003080639,0.30546529585228893,10.644179715063286,0.0
63,33,116,10.003686616182957,0.35727561789377615,10.97718096732213,0.0
63,34,116,9.9469398184821,0.3661851446682337,10.97718096732213,0.0
63,35,116,9.919291107241468,0.3218252718795161,10.742837896003216,0.0
63,36,116,10.005418980892085,0.3055394339260642,10.742837896003216,0.0
63,37,116,10.005158365221472,0.29766648936179313,10.66994441605641,0.0
63,38,116,10.027821393059485,0.30351075159335245,10.856404845627123,0.0
63,39,116,10.041703604656083,0.29722402621417726,10.856404845627123,0.0
63,40,116,10.0262965673834,0.25307704284517807,10.504799739974386,0.0
63,41,116,9.995678509877287,0.267827186377762,10.552835144936914,0.0
63,42,116,9.972422163551203,0.27122391161128784,10.734532970059739,0.0
63,43,116,9.991927099454246,0.270088611633376,10.762885776481092,0.0
63,44,116,9.990895413375815,0.30559957926254355,10.762885776481092,0.0
63,45,116,9.987058162707024,0.29157192642073376,10.563013671868921,0.0
63,46,116,10.020435987766335,0.2975681462476609,10.714403564449823,0.0
64,0,115,9.979578403708112,0.2797137439416994,10.661179343002745,0.0
64,1,115,10.031561034738797,0.29744309459356094,10.782768969670625,0.0
64,2,115,10.104446611825377,0.29638357788754316,10.782768969670625,0.0
64,3,115,10.115072232186813,0.26952269237953846,10.587513523887539,0.0
64,4,115,10.05234630499248,0.26647538393326264,10.578746257903576,0.0
64,5,115,9.989767702587539,0.2650978051388435,10.56801920923967,0.0
64,6,115,10.012584245878772,0.2814099809494007,10.56801920923967,0.0
64,7,115,10.013359242609967,0.31438442535696753,10.798089106667112,0.0
64,8,115,9.97758651823295,0.3322787290706922,10.798089106667112,0.0
64,9,115,9.976259558285388,0.320058521561044,10.950771778872804,0.0
64,10,115,10.010601050413893,0.3097084569970004,10.950771778872804,0.0
64,11,115,10.001316185926285,0.3010882463501622,10.679889542599607,0.0
64,12,115,10.032985436254402,0.3442542503871208,10.676394563147147,0.0
64,13,115,10.040800137978156,0.3329792305917422,10.676394563147147,0.0
64,14,115,10.031196146043278,0.28467084010106425,10.645909105086751,0.0
64,15,115,9.976561833195104,0.29201940495554385,10.645909105086751,0.0
64,16,115,9.946694088250048,0.2965928213236113,10.774884424783078,0.0
64,17,115,10.03033223309826,0.3094436449790935,10.774884424783078,0.0
64,18,115,10.073516711831353,0.31015898822857985,10.837105202562462,0.0
64,19,115,10.063687669633934,0.3047395476656694,10.837105202562462,0.0
64,20,115,10.018354712618278,0.2851376470169325,10.656856776735461,0.0
64,21,115,10.005052368414399,0.30202246726086013,10.656856776735461,0.0
64,22,115,10.021635184712572,0.304846947810922,10.60823902506555,0.0
64,23,115,9.995852961097361,0.27421690913236746,10.58966578705592,0.0
64,24,115,9.982271966321832,0.3226263013136424,10.91028597240779,0.0
64,25,115,10.0015171224006,0.32718563726212896,10.91028597240779,0.0
64,26,115,10.029340842128386,0.29460452216430344,10.689026937020047,0.0
64,27,115,10.019557602344126,0.3265228171924593,10.689026937020047,0.0
64,28,115,10.000762745092114,0.31080840064567006,10.617278459200888,0.0
64,29,115,9.935376402352635,0.30068949094512426,10.617278459200888,0.0
64,30,115,9.934012040013258,0.28884593494617233,10.533297847044492,0.0
64,31,115,9.982815411043159,0.29513851741897723,10.606793104285535,0.0
64,32,115,9.996374863192766,0.2922285004954127,10.61551266989698,0.0
64,33,115,10.00087520667558,0.2772246982211464,10.662217440411034,0.0
64,34,115,9.959813491124468,0.31494851739713464,10.662217440411034,0.0
64,35,115,9.94412367311003,0.34518672300902936,10.769862227229783,0.0
64,36,115,9.971484828319026,0.3004958862488689,10.769862227229783,0.0
64,37,115,10.025552092363005,0.24120660451623133,10.727973571466515,0.0
64,38,115,10.056368442000592,0.2733720572184577,10.727973571466515,0.0
64,39,115,10.098318495113716,0.2968648514667915,11.065746191542472,0.0
64,40,115,10.087530267374493,0.3167097419947984,11.065746191542472,0.0
64,41,115,10.011002250618883,0.3080761504667055,10.703978799699994,0.0
64,42,115,9.994827916657938,0.2990437144240169,10.753878210062373,0.0
64,43,115,10.009405074568559,0.2863908061898102,10.753878210062373,0.0
64,44,115,9.988207633859046,0.2777736154139903,10.593485831154922,0.0
64,45,115,9.957421931630401,0.28613923003656316,10.737895346690191,0.0
64,46,115,9.985763106506493,0.2947374933212598,10.737895346690191,0.0
65,0,114,10.12085621147321,0.29080581288758445,10.915073808839312,0.0
65,1,114,10.093680968288368,0.2930513290100527,10.733788903796528,0.0
65,2,114,10.064936632163594,0.31737787584435156,10.958355502699487,0.0
65,3,114,10.07439759214689,0.3190277113935986,10.958355502699487,0.0
65,4,114,10.019371354233206,0.295045627833362,10.824546431655813,0.0
65,5,114,10.028351766271221,0.3232329957026007,10.844688202490769,0.0
65,6,114,10.06910700254295,0.3088440189474429,10.844688202490769,0.0
65,7,114,10.010024923525908,0.28977546845898683,10.642091999964808,0.0
65,8,114,9.978072752692631,0.27483824674774604,10.743911767634811,0.0
65,9,114,9.968922901578399,0.2575126234812292,10.743911767634811,0.0
65,10,114,9.94751614512352,0.2578304046427401,10.590892171030063,0.0
65,11,114,9.966980490505648,0.25256503659131113,10.590892171030063,0.0
65,12,114,9.96239134336862,0.2417400640099723,10.479014892951172,0.0
65,13,114,9.966391566293689,0.30430527547255637,10.589373756991407,0.0
65,14,114,10.031082838248766,0.33937265590413873,10.695013110928091,0.0
65,15,114,10.027766666550601,0.32704331719208657,10.929421750532548,0.0
65,16,114,10.027554535207404,0.2912237710924479,10.929421750532548,0.0
65,17,114,10.056443183342363,0.28532393499484104,10.817110646281963,0.0
65,18,114,10.018911122395405,0.294071174497666,10.817110646281963,0.0
65,19,114,10.007580937475584,0.3201842861203465,10.689974464889513,0.0
65,20,114,9.981739064561987,0.3355195492678091,10.689974464889513,0.0
65,21,114,9.975435070953381,0.30724836278135026,10.594379186265636,0.0
65,22,114,10.01707578227106,0.34467536321747955,10.751421368495283,0.0
65,23,114,9.977759998766878,0.34272027195337884,10.751421368495283,0.0
65,24,114,9.996401306874741,0.30762066384277975,10.689366155636277,0.0
65,25,114,10.032554491586668,0.28463406062054364,10.791254882919546,0.0
65,26,114,10.042070731930028,0.2583748246395061,10.791254882919546,0.0
65,27,114,10.043176925275773,0.285928505717514,10.831535204643002,0.0
65,28,114,9.96304858557187,0.29670557784072904,10.831535204643002,0.0
65,29,114,10.003510204212635,0.2750050691804539,10.543432745612021,0.0
65,30,114,10.0260675461951,0.26152246395305767,10.543432745612021,0.0
65,31,114,9.99759617830678,0.2772746970128433,10.472727308117978,0.0
65,32,114,10.033444586470216,0.29126277649446075,10.951805491845354,0.0
65,33,114,10.025020480753497,0.28757445852634606,10.951805491845354,0.0
65,34,114,10.034431121081948,0.3296305229598378,10.993978337100602,0.0
65,35,114,9.978627598983461,0.35106942589987217,10.993978337100602,0.0
65,36,114,9.9656853791673,0.32459496781091346,10.83716196771186,0.0
65,37,114,10.042937496383988,0.3268809816491393,10.921242383113059,0.0
65,38,114,10.043735893500163,0.32208295942225545,10.921242383113059,0.0
65,39,114,10.057638940373097,0.25772120526543757,10.738750494887476,0.0
65,40,114,10.039091266257355,0.25426079296578424,10.561276528907815,0.0
65,41,114,9.979435707041182,0.2804324279742585,10.531090148632481,0.0
65,42,114,9.944851100516992,0.27200287475053664,10.424271782247676,0.0
65,43,114,9.99204100358663,0.26282757090382725,10.438881644543393,0.0
65,44,114,10.038905108673474,0.2601414329396886,10.562340346003776,0.0
65,45,114,10.060743077445455,0.3132224724942371,10.786683538100597,0.0
65,46,114,10.038894267926064,0.3200753534648417,10.786683538100597,0.0
66,0,113,10.032443565326592,0.297924246009511,10.535229216141389,0.0
66,1,113,9.980575520470547,0.31151882978072043,10.49372261593591,0.0
66,2,113,9.937283067534315,0.3181313513249333,10.470383060321472,0.0
66,3,113,9.969667111719424,0.31130928038616335,10.642929302878,0.0
66,4,113,10.046159360964106,0.2964593289581584,10.689238624436003,0.0
66,5,113,10.056732526062127,0.2798387660638866,10.689238624436003,0.0
66,6,113,9.972342967883314,0.32487445509576246,10.567910972926736,0.0
66,7,113,9.983601524619916,0.3310042590861945,10.567910972926736,0.0
66,8,113,10.04127830604629,0.31599975048959034,10.745193335281211,0.0
66,9,113,10.055648846587742,0.309314168888349,10.745193335281211,0.0
66,10,113,10.078801648537262,0.29915684697796197,10.885978516857355,0.0
66,11,113,10.038096685643483,0.32096450364830226,10.96606353017936,0.0
66,12,113,10.019545854802626,0.29319787926782637,10.96606353017936,0.0
66,13,113,9.966677537741061,0.3043024883957958,10.919574786542325,0.0
66,14,113,9.951655427421128,0.2798843223834724,10.617431676219274,0.0
66,15,113,10.020219602857138,0.2846456252484365,10.996426075896949,0.0
66,16,113,10.042198800285886,0.3060507755598714,10.996426075896949,0.0
66,17,113,10.050578523141082,0.2940379257154392,10.671109976179697,0.0
66,18,113,10.066578090941206,0.30361383828604543,10.806553112129665,0.0
66,19,113,10.02211766536133,0.31566221849261766,10.806553112129665,0.0
66,20,113,10.008831219340845,0.32359128405797793,10.748922421673424,0.0
66,21,113,10.057651399270254,0.3195966699945291,10.807621323452091,0.0
66,22,113,10.054905659204763,0.3320127426286043,10.923408785892056,0.0
66,23,113,9.999674263740658,0.3035384959854714,10.923408785892056,0.0
66,24,113,9.980425058424819,0.25441681467874694,10.616486849147245,0.0
66,25,113,10.010926403774262,0.27366288827669916,10.616486849147245,0.0
66,26,113,9.9964269590215,0.2858397558383265,10.633028899947515,0.0
66,27,113,9.98919640809634,0.28661347903456297,10.633028899947515,0.0
66,28,113,10.007758057512318,0.25597444389478147,10.51910087694989,0.0
66,29,113,10.011221390641882,0.28102639212137837,10.591329205105012,0.0
66,30,113,9.978163205976378,0.31656505301356463,10.591329205105012,0.0
66,31,113,9.953178162622505,0.30993593608792164,10.687905546012939,0.0
66,32,113,9.960385856049516,0.31883701396519715,10.687905546012939,0.0
66,33,113,10.018100827336848,0.30938887508634805,10.6302572490488,0.0
66,34,113,10.00465268072649,0.2880432424757382,10.6302572490488,0.0
66,35,113,9.95518047084062,0.26883199259822066,10.681603828963208,0.0
66,36,113,9.978376075554042,0.27497036178565254,10.681603828963208,0.0
66,37,113,10.029545323694979,0.2959074630574166,10.563942682144738,0.0
66,38,113,9.97035709686935,0.3028339477665836,10.554550725943763,0.0
66,39,113,9.969011167556184,0.29137888708584025,10.741653333305777,0.0
66,40,113,10.044794433804768,0.28887741827939506,10.741653333305777,0.0
66,41,113,10.015189638282035,0.32684863662280966,10.791272169477862,0.0
66,42,113,9.948487990938272,0.32715113164293125,10.791272169477862,0.0
66,43,113,9.936725706110781,0.30055586555215874,10.640166226939325,0.0
66,44,113,9.985020508981739,0.28270600656122963,10.639740066735419,0.0
66,45,113,9.997258645826399,0.26386368190776743,10.616290214534416,0.0
66,46,113,10.052938291699798,0.2870906883035203,10.616290214534416,0.0
67,0,112,10.00116583700943,0.2659314437066014,10.589171094410709,0.0
67,1,112,10.046031412279811,0.28937356533258707,10.74338553933472,0.0
67,2,112,10.051139085472244,0.305582102182479,10.74338553933472,0.0
67,3,112,9.98174997146594,0.28798935366853323,10.615792705297203,0.0
67,4,112,9.973342125576728,0.31899999660966144,10.870401324393256,0.0
67,5,112,10.057217941300319,0.341972981873628,10.870401324393256,0.0
67,6,112,10.068713019869579,0.3052223006692548,10.738309303294063,0.0
67,7,112,9.999563448427757,0.2635435651987001,10.681303014956676,0.0
67,8,112,9.962140005940114,0.26102234678295394,10.56519586095586,0.0
67,9,112,10.001475023998395,0.28794482453551096,10.555558837902554,0.0
67,10,112,10.048080591760275,0.26687616543982073,10.555558837902554,0.0
67,11,112,10.010586789262506,0.2815225048043567,10.629140045764526,0.0
67,12,112,10.00766378468047,0.3011223074850275,10.629140045764526,0.0
67,13,112,10.007461222189681,0.31021874450679554,10.474748887853393,0.0
67,14,112,10.005551451116466,0.3391406212223982,10.596103887253701,0.0
67,15,112,10.000734507720319,0.3326952593324068,10.596103887253701,0.0
67,16,112,10.007978907969159,0.2940028728855793,10.568879862676518,0.0
67,17,112,10.019958182840517,0.26506167429631633,10.656710797464175,0.0
67,18,112,9.972754106038787,0.2729162947339466,10.656710797464175,0.0
67,19,112,9.965942400395171,0.31603274592286307,10.703293791730268,0.0
67,20,112,9.960779890194537,0.31591485028264205,10.703293791730268,0.0
67,21,112,9.97461072766872,0.2805232971224835,10.829186076170556,0.0
67,22,112,9.981561701824234,0.27967561504697114,10.829186076170556,0.0
67,23,112,9.96783482973035,0.2894508361998459,10.563010343855678,0.0
67,24,112,10.006044177463957,0.2864862266834645,10.562542646805849,0.0
67,25,112,10.03290261319767,0.2603584270044179,10.457614933599153,0.0
67,26,112,10.009152738553118,0.2696266005242682,10.547935924441866,0.0
67,27,112,9.961287889642271,0.28984933014157255,10.547935924441866,0.0
67,28,112,9.95267772685097,0.2786941378241431,10.54562797763436,0.0
67,29,112,9.986234552649826,0.25438991703421604,10.4676658818178,0.0
67,30,112,10.014277327322711,0.2473938889447799,10.649745921914311,0.0
67,31,112,10.04390367710332,0.2837313043645894,10.6606700406771,0.0
67,32,112,10.016816996646924,0.3082498821436958,10.6606700406771,0.0
67,33,112,9.997095980393897,0.3263087717562378,10.769763289801416,0.0
67,34,112,9.988412836669452,0.31070962398183843,10.769763289801416,0.0
67,35,112,9.980917942639618,0.31619416144072615,10.701900606091844,0.0
67,36,112,9.962365077031242,0.3273851500177678,10.762771906899399,0.0
67,37,112,9.94739679678997,0.29627032826619554,10.762771906899399,0.0
67,38,112,9.970963785462537,0.28933679588028066,10.567583569401505,0.0
67,39,112,9.969428203540655,0.24984567309960312,10.567583569401505,0.0
67,40,112,10.040062529063,0.27400177427099254,10.722133494950302,0.0
67,41,112,10.074252835236717,0.3171890358766058,10.722133494950302,0.0
67,42,112,10.058779477902288,0.314569766975095,10.631809636373244,0.0
67,43,112,10.053852163050516,0.33365075055771615,10.885575899334345,0.0
67,44,112,10.060683569959277,0.32475436984962835,10.885575899334345,0.0
67,45,112,10.036799700715068,0.2921520591420684,10.611376048514584,0.0
67,46,112,9.997094700559082,0.2973287974974053,10.68385051397856,0.0
68,0,111,9.998004695238398,0.28693386015948985,10.70585187800182,0.0
68,1,111,9.992105492032332,0.2800022580445198,10.759997840258436,0.0
68,2,111,10.023376369407385,0.26807877328401897,10.759997840258436,0.0
68,3,111,10.00072374307964,0.29365502376382047,10.692529739321271,0.0
68,4,111,9.966299655885509,0.3165890570063037,10.749686272077255,0.0
68,5,111,9.92931104361215,0.34572594129682727,10.749686272077255,0.0
68,6,111,9.933711558777532,0.3486435164006879,10.832978506452307,0.0
68,7,111,10.014017469052135,0.3244505108369506,10.832978506452307,0.0
68,8,111,10.053237666002504,0.32532040310471394,10.869208130286676,0.0
68,9,111,9.987971096281857,0.32871311816632115,10.869208130286676,0.0
68,10,111,10.025081919562782,0.3193039394812607,10.78330498209639,0.0
68,11,111,10.08317568526809,0.3121235573487764,10.72191292110348,0.0
68,12,111,9.984917489256052,0.3196902785971882,10.578620838540177,0.0
68,13,111,10.01632224127028,0.32229708478346364,10.58256619261985,0.0
68,14,111,10.080583219754095,0.3175806726798175,10.661500976676226,0.0
68,15,111,10.031144854705857,0.3135679584552179,10.661500976676226,0.0
68,16,111,9.970939788705973,0.33485777146518836,10.667262123069916,0.0
68,17,111,9.996177680236222,0.3198139358545239,10.667262123069916,0.0
68,18,111,10.001125389855588,0.30558683276597187,10.81166250254474,0.0
68,19,111,9.980934342456106,0.30991039872545967,10.81166250254474,0.0
68,20,111,10.029389118980733,0.27743686743644624,10.682693803302204,0.0
68,21,111,10.055695667704482,0.26319965546979596,10.540746246150679,0.0
68,22,111,10.027824677546098,0.25867658089797857,10.574176458715424,0.0
68,23,111,9.995668141661458,0.2625945796718701,10.577427312767187,0.0
68,24,111,9.983131087380078,0.25782374106254236,10.577427312767187,0.0
68,25,111,9.958554649867336,0.28238477445334803,10.494833596541234,0.0
68,26,111,9.963422701817345,0.3009115036764976,10.553826621501651,0.0
68,27,111,10.011131978746441,0.27878174074279743,10.553826621501651,0.0
68,28,111,10.009540741722233,0.2677026323232269,10.588492559362173,0.0
68,29,111,9.976169278639567,0.2743488815767315,10.588492559362173,0.0
68,30,111,10.025848921673536,0.33649943971170787,10.992511731805747,0.0
68,31,111,10.080990954748696,0.3256660079680488,10.992511731805747,0.0
68,32,111,10.050393083864057,0.2669517879779806,10.706189431022109,0.0
68,33,111,9.98223469945585,0.31221229358507835,10.710680219834051,0.0
68,34,111,9.95111254805899,0.30919905689909344,10.710680219834051,0.0
68,35,111,10.000155023460685,0.26557515285869165,10.506627403327787,0.0
68,36,111,10.021973340391202,0.2819000342236161,10.629809932077332,0.0
68,37,111,9.995160676284529,0.29948526064440933,10.629809932077332,0.0
68,38,111,9.996346821400227,0.3387594561439005,10.609886797895252,0.0
68,39,111,9.969877742869866,0.3211946486637218,10.609886797895252,0.0
68,40,111,9.94091675220499,0.26531690020009135,10.460392951630027,0.0
68,41,111,10.007348818836643,0.3034122181262375,10.616256930796549,0.0
68,42,111,9.994755788585964,0.31945790353485204,10.616256930796549,0.0
68,43,111,9.928981744098634,0.29339784950999825,10.455257913535926,0.0
68,44,111,9.945634600958334,0.2813362355679546,10.56355387576744,0.0
68,45,111,9.984310089264024,0.28014606206190484,10.63159572061367,0.0
68,46,111,10.027689173755356,0.26497867597540065,10.63159572061367,0.0
69,0,110,10.014122892313026,0.2802762700663109,10.699326774209169,0.0
69,1,110,9.989125105025243,0.30765702907818726,10.699326774209169,0.0
69,2,110,9.949068389148927,0.2840965358749676,10.629381811350733,0.0
69,3,110,9.971782325624815,0.2553809633454788,10.661348574830964,0.0
69,4,110,10.050217197509447,0.2883773167798268,10.685300986546165,0.0
69,5,110,10.07563313610914,0.2901842636377703,10.685300986546165,0.0
69,6,110,10.087751053110601,0.294480440467609,10.739756201129984,0.0
69,7,110,10.035104595873316,0.3047176010004278,10.739756201129984,0.0
69,8,110,9.994055838807848,0.2633439780024209,10.717784102460032,0.0
69,9,110,10.027051725697646,0.3199395072670254,10.810392645589086,0.0
69,10,110,10.02429136686815,0.3413019507493586,10.810392645589086,0.0
69,11,110,10.013156909677601,0.3315138357197609,10.823231916629663,0.0
69,12,110,9.994235722398447,0.3127651413206032,10.823231916629663,0.0
69,13,110,9.990646104950063,0.28354655467082684,10.659678055583253,0.0
69,14,110,10.002189476451386,0.2889761949681649,10.72157866338577,0.0
69,15,110,10.044927716744112,0.27431546984286814,10.72157866338577,0.0
69,16,110,10.061985531233022,0.275871898413092,10.639050018537876,0.0
69,17,110,10.057850006891993,0.25236447031644643,10.639050018537876,0.0
69,18,110,9.966305257907033,0.2675269219209111,10.394990325096927,0.0
69,19,110,9.918023464824481,0.2537561480461961,10.398310347436427,0.0
69,20,110,10.084810863485421,0.2514630342972656,10.57489715206461,0.0
69,21,110,10.092400786096242,0.29706787674576157,10.57489715206461,0.0
69,22,110,9.980433756445128,0.3252466829385932,10.67201336029121,0.0
69,23,110,9.960743907304037,0.31491909365860615,10.67201336029121,0.0
69,24,110,10.057435581248868,0.30270249333068605,10.63873711848774,0.0
69,25,110,10.075389151457184,0.2897653934656811,10.821902044389685,0.0
69,26,110,9.997299490579614,0.25508750121853296,10.821902044389685,0.0
69,27,110,10.032184883173965,0.25300991730750644,10.800644956343769,0.0
69,28,110,10.058341566165018,0.28800302341670325,10.800644956343769,0.0
69,29,110,10.027367796834033,0.29607709776857055,10.6493243640026,0.0
69,30,110,9.956070541959209,0.28440549820159206,10.620103857152774,0.0
69,31,110,9.991746114832786,0.3006443019426848,10.738855147272442,0.0
69,32,110,10.021454160682888,0.29176214329978856,10.738855147272442,0.0
69,33,110,9.93755926276343,0.29230995265722565,10.709501991134783,0.0
69,34,110,9.976134087991252,0.31575814651543194,10.709501991134783,0.0
69,35,110,10.057973848422495,0.29706730395618164,10.692075867937223,0.0
69,36,110,10.056123851120077,0.2724804238378347,10.692075867937223,0.0
69,37,110,10.013869633825864,0.30102578662735446,10.773738238028516,0.0
69,38,110,9.983903266998118,0.3231782895142656,10.773738238028516,0.0
69,39,110,9.980224864605319,0.28785369043896253,10.636045755683666,0.0
69,40,110,10.00979253209445,0.27630437221039345,10.57709206804654,0.0
69,41,110,10.01970081381088,0.2871918286197675,10.57709206804654,0.0
69,42,110,10.032403292140149,0.3088148529954383,10.820342110725937,0.0
69,43,110,10.0430528289597,0.29247558753677083,10.820342110725937,0.0
69,44,110,9.959029618516313,0.281760761807825,10.707986580483087,0.0
69,45,110,9.95825748298088,0.2750258391368058,10.556843967236286,0.0
69,46,110,10.060389479608391,0.25217365433247474,10.779354991625016,0.0
70,0,109,10.025286401354874,0.28552676873735294,10.569795700354979,0.0
70,1,109,10.00809072238799,0.26802042175125834,10.559177948933145,0.0
70,2,109,10.013544821250363,0.3134189731441576,10.823531933214314,0.0
70,3,109,10.056429826961601,0.32828415330391464,10.823531933214314,0.0
70,4,109,10.036961189329693,0.2709280623537747,10.673691245166067,0.0
70,5,109,9.957299241230256,0.24622684677532278,10.504175487005774,0.0
70,6,109,9.93069659659341,0.23465356104797672,10.525996142277117,0.0
70,7,109,9.914516046816443,0.28528685938537185,10.768032138134801,0.0
70,8,109,9.960175105845206,0.29504590530929425,10.850448975850366,0.0
70,9,109,9.990526287879629,0.30804763548382447,10.850448975850366,0.0
70,10,109,10.008164946770746,0.32367622011984143,10.798763442009545,0.0
70,11,109,9.972445410333858,0.2550697444186254,10.798763442009545,0.0
70,12,109,9.969967100792568,0.2720591985233399,10.686765913054954,0.0
70,13,109,9.996454831456122,0.30903729112484185,10.686765913054954,0.0
70,14,109,9.952220203224396,0.29137419670577536,10.652748439949251,0.0
70,15,109,10.007613440270365,0.28264278903560447,10.652748439949251,0.0
70,16,109,10.0082436373665,0.2983086121529488,10.8591876739044,0.0
70,17,109,9.998211536211683,0.27939770000502256,10.8591876739044,0.0
70,18,109,9.994645882147594,0.2651580684251421,10.529443909489165,0.0
70,19,109,9.958906360134966,0.281436239134813,10.529443909489165,0.0
70,20,109,9.943110224628999,0.2835761898041614,10.49811144057826,0.0
70,21,109,9.99665472910806,0.31847751397040636,10.506283899192079,0.0
70,22,109,10.025402041236385,0.29399472954452205,10.506283899192079,0.0
70,23,109,10.006160359532089,0.2723060410398983,10.60226148843148,0.0
70,24,109,10.021051348469047,0.29652904773714606,10.60226148843148,0.0
70,25,109,10.019113185838645,0.31760700516939844,10.580778507225915,0.0
70,26,109,9.981299617201197,0.31934857848640014,10.656254276401356,0.0
70,27,109,9.93743680174758,0.27828409857689534,10.656254276401356,0.0
70,28,109,9.96186004586,0.28539416411783125,10.631046291065845,0.0
70,29,109,10.01208118744798,0.3117540649718363,10.661932383499643,0.0
70,30,109,10.074517381803144,0.2899906218409829,10.661932383499643,0.0
70,31,109,10.088904433494577,0.27338301547844424,10.591325301006808,0.0
70,32,109,10.063904271976673,0.26358348120692177,10.54159365743975,0.0
70,33,109,10.097095448912112,0.24842947116669276,10.628688170206846,0.0
70,34,109,10.05918687860691,0.2799205641261129,10.628688170206846,0.0
70,35,109,9.994841854936931,0.30259449139740263,10.773901546008567,0.0
70,36,109,10.036986958958673,0.32193442153910273,10.773901546008567,0.0
70,37,109,10.069129712209728,0.3250238695234613,10.835005007480026,0.0
70,38,109,10.017118962402767,0.2878622368678036,10.835005007480026,0.0
70,39,109,9.984255246340505,0.25293942466757163,10.5585238786874,0.0
70,40,109,10.015780308049814,0.2389572014205872,10.5585238786874,0.0
70,41,109,10.032285755317751,0.23793791315015647,10.493174483552911,0.0
70,42,109,9.94973762116575,0.2858269277289363,10.565316381191149,0.0
70,43,109,9.910991561700309,0.30913521961895696,10.749250630266445,0.0
70,44,109,9.946740911664122,0.29740529872199845,10.749250630266445,0.0
70,45,109,9.942972871382384,0.2838376405670013,10.64972292781633,0.0
70,46,109,9.96897033503761,0.3170081575245178,10.64972292781633,0.0
71,0,108,10.01348850651249,0.2753917669390358,10.655984729653332,0.0
71,1,108,9.986684895302897,0.2970399320188587,10.655984729653332,0.0
71,2,108,10.010562187544354,0.3118528195229824,10.798144010819128,0.0
71,3,108,10.027856452171399,0.28411048924100246,10.798144010819128,0.0
71,4,108,10.026573087332572,0.26145199598554125,10.653801710810308,0.0
71,5,108,9.974059747190912,0.30097099311434233,10.61018438362191,0.0
71,6,108,9.942351460412022,0.3092655531231008,10.401529582322624,0.0
71,7,108,10.023317728762766,0.2845580071950113,10.498131287197806,0.0
71,8,108,10.015678442214368,0.2738440058537458,10.625444766948405,0.0
71,9,108,10.005595551667959,0.267660351014981,10.625444766948405,0.0
71,10,108,10.04327916516283,0.24682216456942363,10.46835712733515,0.0
71,11,108,10.057844058305472,0.2668308248374252,10.80212757755472,0.0
71,12,108,10.037577145367964,0.2893497684373076,10.861346336380413,0.0
71,13,108,10.023456889798412,0.3103954021579202,10.861346336380413,0.0
71,14,108,10.023190108198833,0.3032555163092795,10.756840162167983,0.0
71,15,108,9.998394678053177,0.2682881791742619,10.668237370318053,0.0
71,16,108,9.983599412258709,0.3167232577011716,10.935486111973063,0.0
71,17,108,10.017632345437434,0.3123802693186197,10.935486111973063,0.0
71,18,108,10.062856537016135,0.24882569310965585,10.647158337036826,0.0
71,19,108,10.051123798802099,0.24593423520826574,10.601625681412974,0.0
71,20,108,10.042786632451215,0.2821373136581126,10.60345577129787,0.0
71,21,108,10.046936959642354,0.31701017767711825,10.619259960954125,0.0
71,22,108,9.995088727502266,0.26244791917065924,10.619259960954125,0.0
71,23,108,9.93716614538516,0.26819547339369987,10.518575369635414,0.0
71,24,108,9.970134631202493,0.32886268049655093,10.60326223174823,0.0
71,25,108,9.996769854998123,0.315941010685848,10.60326223174823,0.0
71,26,108,9.975322342828251,0.3233728444945721,10.926967106692494,0.0
71,27,108,9.94775027595938,0.30369404606666994,10.926967106692494,0.0
71,28,108,10.010596380448305,0.29029203641328793,10.52641465197851,0.0
71,29,108,10.062178562249475,0.26203733501168447,10.52641465197851,0.0
71,30,108,10.00494812634097,0.24000581591901998,10.434912486939302,0.0
71,31,108,10.024192968335074,0.31228903284589726,10.873935395068349,0.0
71,32,108,10.036896811228521,0.33150249384642927,10.873935395068349,0.0
71,33,108,10.025037341625787,0.3072101624412537,10.699511342040365,0.0
71,34,108,10.0183995142336,0.3123716773815229,10.699511342040365,0.0
71,35,108,9.93878966527168,0.3168804401975062,10.525832067363869,0.0
71,36,108,9.958135035292289,0.33162652587500724,10.663532886265173,0.0
71,37,108,9.988176754165165,0.30440536880335367,10.663532886265173,0.0
71,38,108,9.949537169027945,0.25662344934742387,10.647033002776865,0.0
71,39,108,9.95842561159829,0.271357446241628,10.643332048349995,0.0
71,40,108,9.935566628439567,0.2980573187165699,10.643332048349995,0.0
71,41,108,9.992175881063629,0.322681064741743,10.856062711519899,0.0
71,42,108,10.077644009348713,0.32098616542697556,10.856062711519899,0.0
71,43,108,10.02437167281931,0.3094351628837056,10.646433440424923,0.0
71,44,108,9.964328254798314,0.2887518621745567,10.622792760809462,0.0
71,45,108,9.995385237816736,0.27697044731981046,10.663114812273102,0.0
71,46,108,10.01440372055534,0.28577576874580074,10.665166362400548,0.0
72,0,107,9.955472683681366,0.306565427658486,10.655045966921364,0.0
72,1,107,9.934541761131463,0.313175309911162,10.66819896487814,0.0
72,2,107,9.984471664753244,0.2920282674665861,10.66819896487814,0.0
72,3,107,9.960182723524628,0.264016565792871,10.66454802591979,0.0
72,4,107,9.979746852820542,0.24585697552131686,10.669280392418578,0.0
72,5,107,10.040439627102545,0.27598630146813274,10.669280392418578,0.0
72,6,107,10.016025771490682,0.2727856853339446,10.595880639385962,0.0
72,7,107,9.987175584361971,0.27589212557422926,10.791377680139476,0.0
72,8,107,10.049127829670963,0.32401875804377755,11.18768117800536,0.0
72,9,107,10.037139828376691,0.35466351480889824,11.18768117800536,0.0
72,10,107,10.065314545769153,0.3446111394306577,10.726450267830039,0.0
72,11,107,10.089837755401984,0.3209099219517339,10.726450267830039,0.0
72,12,107,10.037572679393197,0.3107236973962063,10.617177138142509,0.0
72,13,107,10.047302260895236,0.28030074439268876,10.724743872445545,0.0
72,14,107,10.044126217701168,0.29522553637889726,11.037139020731775,0.0
72,15,107,10.00247757159401,0.3316539508879606,11.037139020731775,0.0
72,16,107,9.97760187733638,0.30406364182352885,10.51460041826346,0.0
72,17,107,10.02045487164232,0.2953546479035028,10.841597227799934,0.0
72,18,107,10.039888707124586,0.3075379408730281,10.841597227799934,0.0
72,19,107,9.988874179475431,0.3136358318339326,10.695099071839422,0.0
72,20,107,9.999311526015436,0.32601541223657476,10.749395508504758,0.0
72,21,107,10.031895113390021,0.2838169590134208,10.749395508504758,0.0
72,22,107,9.98722359692062,0.2590860564491258,10.516114195403723,0.0
72,23,107,9.947704150205121,0.26779075164085037,10.408567988253804,0.0
72,24,107,9.956947770424684,0.2824486521653242,10.560113959638935,0.0
72,25,107,9.936049772953426,0.2949396961823563,10.560113959638935,0.0
72,26,107,9.976524736132708,0.3113533492231601,10.814560268351599,0.0
72,27,107,10.019480984252382,0.28539869640017335,10.814560268351599,0.0
72,28,107,9.9796579241855,0.2701769220642993,10.711479669237088,0.0
72,29,107,9.967709859285838,0.34308560682420874,10.711479669237088,0.0
72,30,107,10.013944545377928,0.33240314248602615,10.865826630079543,0.0
72,31,107,10.038296961546568,0.27708774700072364,10.865826630079543,0.0
72,32,107,9.996982770405838,0.2894145355830443,10.519791782194176,0.0
72,33,107,9.989825874081504,0.28429289454433726,10.616365215769127,0.0
72,34,107,10.053413371252025,0.32751143199164967,11.048043418918056,0.0
72,35,107,10.02819959668668,0.31932604034583634,11.048043418918056,0.0
72,36,107,9.970440925451278,0.30732040495236196,10.513129290025518,0.0
72,37,107,10.001241987930628,0.3141567394039315,10.513129290025518,0.0
72,38,107,10.04118188711098,0.28636012821510415,10.760305966123875,0.0
72,39,107,10.019174290698317,0.3133265560089175,10.796942388885206,0.0
72,40,107,9.933780000762841,0.3199613612732936,10.796942388885206,0.0
72,41,107,9.927352449347433,0.3320791248088255,10.660627402224353,0.0
72,42,107,9.984013339899846,0.31276346643449077,10.651774490332988,0.0
72,43,107,10.029227114623927,0.27452373845238004,10.651774490332988,0.0
72,44,107,10.035766967216043,0.3154307201719722,10.986426653402189,0.0
72,45,107,10.032882940288495,0.30226288686780284,10.986426653402189,0.0
72,46,107,10.021081961422214,0.256860703902074,10.55505501677841,0.0
73,0,106,10.008096765802396,0.3518247015682992,10.750476708070126,0.0
73,1,106,9.981197032774292,0.34205105697382515,10.720484726878194,0.0
73,2,106,10.021367143368703,0.32937690342171966,10.655895455888055,0.0
73,3,106,10.078904523834241,0.3389627748181223,10.981682586799934,0.0
73,4,106,10.02552849562836,0.33880459576707317,10.981682586799934,0.0
73,5,106,9.949253905601331,0.27112993446779804,10.517151748878481,0.0
73,6,106,9.940754432541809,0.2351535222364004,10.515813696949149,0.0
73,7,106,9.977820866707045,0.30174793538700256,10.760950259447776,0.0
73,8,106,9.990091238728931,0.34436072447760335,10.760950259447776,0.0
73,9,106,9.964160222262588,0.3248945402693924,10.639251059643628,0.0
73,10,106,9.978558701323172,0.3146442677544123,10.696955067688123,0.0
73,11,106,10.051539782160296,0.3149842950535472,10.83147334189787,0.0
73,12,106,10.04386378051649,0.3065777257025851,10.83147334189787,0.0
73,13,106,9.987774437049536,0.3140745398906109,10.787415607687942,0.0
73,14,106,9.952879606874399,0.3140831104611686,10.747740373715134,0.0
73,15,106,10.00456763899527,0.28115656227793123,10.534936917313654,0.0
73,16,106,9.98715359209903,0.30118204646196245,10.534936917313654,0.0
73,17,106,9.94668210303189,0.3707263136395335,10.886956613660589,0.0
73,18,106,10.011845536560164,0.3705567821602594,10.886956613660589,0.0
73,19,106,10.041329443045736,0.32021178084630386,10.510630193727046,0.0
73,20,106,10.049638255665313,0.33255538511809,10.637441706629762,0.0
73,21,106,10.010718692601003,0.3216992692162286,10.637441706629762,0.0
73,22,106,10.007806824491581,0.2934688448725045,10.601879347889355,0.0
73,23,106,10.056279164591666,0.28729905661674326,10.601879347889355,0.0
73,24,106,10.04396598849053,0.3037042040178465,10.517243209798693,0.0
73,25,106,10.01940524895219,0.30319812565902854,10.563280861194531,0.0
73,26,106,10.0493540390307,0.28481021710167453,10.800794177294453,0.0
73,27,106,9.99254850683819,0.3006474064652598,10.800794177294453,0.0
73,28,106,9.950769364084502,0.2869920744531414,10.586817685332472,0.0
73,29,106,9.997276332063018,0.2544762786301968,10.586817685332472,0.0
73,30,106,10.022359251015292,0.2922752786447653,10.811403567772274,0.0
73,31,106,9.991443647290687,0.33321044030704783,10.811403567772274,0.0
73,32,106,9.991013830281155,0.32845732537994576,10.86660242184743,0.0
73,33,106,10.041897689899306,0.2993782959743512,10.86660242184743,0.0
73,34,106,10.014904264108798,0.31216912987047135,10.62308457652227,0.0
73,35,106,10.020086640522086,0.32436567634958796,10.62308457652227,0.0
73,36,106,10.058861743876298,0.2906175671672369,10.707027307550629,0.0
73,37,106,10.076854916181906,0.28851700491426885,10.784907255421603,0.0
73,38,106,10.055333747253924,0.32156613633744296,10.947158789258413,0.0
73,39,106,10.04332082661882,0.29819114877662656,10.947158789258413,0.0
73,40,106,10.040729767534662,0.2795068718900452,10.685572819352107,0.0
73,41,106,9.999412765933517,0.286525581164431,10.685572819352107,0.0
73,42,106,9.990092299472922,0.3022154363110359,10.858500138863041,0.0
73,43,106,10.005524358993911,0.2986577105721563,10.858500138863041,0.0
73,44,106,9.962642058449394,0.2752555500829899,10.560351466895897,0.0
73,45,106,9.946499583501774,0.29693003206142454,10.529618841675388,0.0
73,46,106,9.977548459283613,0.29060117623959314,10.676329705328738,0.0
74,0,105,9.974772643119532,0.2680376572608529,10.536663863294605,0.0
74,1,105,9.958178038904716,0.2851939512169253,10.536663863294605,0.0
74,2,105,9.997589607892335,0.26088753093745365,10.58368602544182,0.0
74,3,105,10.012075697234675,0.26992890322777974,10.94419142693585,0.0
74,4,105,9.979417641476672,0.2710058689810962,10.94419142693585,0.0
74,5,105,9.964680487162466,0.24076240182879077,10.62332698351369,0.0
74,6,105,9.966568921792566,0.2483488096256144,10.462686846738157,0.0
74,7,105,9.978980684570926,0.28426803719149585,10.641145354699283,0.0
74,8,105,10.009186288698347,0.29871605325051215,10.641145354699283,0.0
74,9,105,9.990391791996489,0.3030211501697447,10.594312609822985,0.0
74,10,105,9.957408505420133,0.32723197765552103,10.935493955435128,0.0
74,11,105,9.964521577697033,0.3221009954545518,10.935493955435128,0.0
74,12,105,10.011096278497616,0.28929346914775117,10.586826995515459,0.0
74,13,105,10.054680302111535,0.2783713901395923,10.568134880564308,0.0
74,14,105,9.990885955338415,0.2770233227603034,10.568134880564308,0.0
74,15,105,9.961769216611586,0.25412959946861086,10.60689831803808,0.0
74,16,105,9.98582736202976,0.27137381955845785,10.611783184264786,0.0
74,17,105,9.975910546818406,0.2732901723346165,10.611783184264786,0.0
74,18,105,10.003353400266699,0.26528840359464034,10.595640986710833,0.0
74,19,105,10.02755465231682,0.31781468893247145,10.696192855806338,0.0
74,20,105,10.026584577529928,0.3067754688152679,10.696192855806338,0.0
74,21,105,10.018056475901206,0.2672489725044769,10.519373589133256,0.0
74,22,105,9.991361137980709,0.2904167475688878,10.519373589133256,0.0
74,23,105,9.99940379847875,0.27880376032062126,10.693810010520075,0.0
74,24,105,10.065480152798017,0.30154025727393785,10.904044862073716,0.0
74,25,105,10.101784226613566,0.35005692036327024,10.938529666676178,0.0
74,26,105,10.0181627763623,0.34227374195333393,10.938529666676178,0.0
74,27,105,9.976784951425214,0.27358776296367815,10.67469243679634,0.0
74,28,105,9.954958033652396,0.2975624092832538,10.46581308895357,0.0
74,29,105,9.96493763079063,0.3125018963080293,10.75721759488186,0.0
74,30,105,10.003301118243622,0.31533816136529536,10.842873430282628,0.0
74,31,105,9.980082740253811,0.31779283351564,10.901902447427796,0.0
74,32,105,10.00804713030184,0.2915196130814346,10.901902447427796,0.0
74,33,105,10.052172924868943,0.27032811714281635,10.606765440236344,0.0
74,34,105,9.986253096758444,0.29149010708148376,10.539131915675547,0.0
74,35,105,9.951801525561118,0.2763836493249508,10.466087412145006,0.0
74,36,105,10.02084556477559,0.24332835819190862,10.460805242849062,0.0
74,37,105,10.010012632085465,0.2432801685870572,10.613357093262874,0.0
74,38,105,10.010556983051092,0.3050725979340957,10.613357093262874,0.0
74,39,105,10.045598688066564,0.33501877686144255,10.701504238168102,0.0
74,40,105,10.010702690692858,0.33253324774733933,10.871819428599974,0.0
74,41,105,10.014601787048191,0.3065914223856954,10.871819428599974,0.0
74,42,105,10.014888351863227,0.242524464098394,10.52310227337772,0.0
74,43,105,9.967128951327693,0.2640401944005405,10.504467555081154,0.0
74,44,105,10.005993347896712,0.3166909685482279,10.785327781062287,0.0
74,45,105,10.021107081751333,0.32106334803463255,10.785327781062287,0.0
74,46,105,10.020566576889859,0.2899732820215507,10.585840226775776,0.0
75,0,104,10.01297402495081,0.31572629517425843,10.52897942972464,0.0
75,1,104,10.016770921992835,0.3149132309788724,10.688407673039617,0.0
75,2,104,10.007442548621547,0.31409180295386613,10.688407673039617,0.0
75,3,104,9.99025419657995,0.3082574680099993,10.516766766424801,0.0
75,4,104,10.034808964878296,0.31839138134543155,10.726550455319346,0.0
75,5,104,10.07351694767345,0.33397721420357596,10.726550455319346,0.0
75,6,104,10.032126924382199,0.3402309723787432,10.869561974195896,0.0
75,7,104,10.012383454499247,0.3317484642089526,10.869561974195896,0.0
75,8,104,10.001343929977416,0.302969483046293,10.553020137388815,0.0
75,9,104,10.035009829880039,0.28167834103607214,10.61244183195524,0.0
75,10,104,10.040046495224164,0.28197084653754323,10.61244183195524,0.0
75,11,104,9.995271966102774,0.2976143143940947,10.701815661181852,0.0
75,12,104,10.023259887092278,0.29722780712479907,10.738233060982083,0.0
75,13,104,10.041859245313496,0.2517806625233968,10.738233060982083,0.0
75,14,104,10.025056506318856,0.23573203453339603,10.645537357818869,0.0
75,15,104,10.039680608692594,0.2918704931993895,10.677150666613858,0.0
75,16,104,10.046440748531104,0.3221180615863999,10.677150666613858,0.0
75,17,104,9.962530982342367,0.2985143655339245,10.630613476733203,0.0
75,18,104,9.935780745972414,0.26881092410719803,10.528643897315902,0.0
75,19,104,10.011911079739882,0.3137082651066777,10.760404037958832,0.0
75,20,104,10.046748900886396,0.31638764760311916,10.760404037958832,0.0
75,21,104,10.020530359810921,0.3380990670311996,10.613775983072108,0.0
75,22,104,9.989637059025066,0.33922993547988683,10.631282796139294,0.0
75,23,104,9.990944974792797,0.3027215212810908,10.654621027487012,0.0
75,24,104,10.021653881753204,0.31831240950674583,10.692683848754786,0.0
75,25,104,9.969864142593938,0.33315130991183484,10.692683848754786,0.0
75,26,104,9.947491439024764,0.34203686103278524,10.63341615496174,0.0
75,27,104,9.951664356903207,0.3392028155451943,10.711955151798714,0.0
75,28,104,9.916019670156572,0.31497703592204956,10.711955151798714,0.0
75,29,104,9.98581096625375,0.3165227932261198,10.711435480772602,0.0
75,30,104,9.999653466588809,0.3181931304099188,10.711435480772602,0.0
75,31,104,10.014481916086252,0.29093865802719543,10.568427859001526,0.0
75,32,104,10.027573735882289,0.23753049971020015,10.516567463477617,0.0
75,33,104,10.037452033931645,0.2988221430986216,10.87008882235227,0.0
75,34,104,10.035043921496015,0.3191980352182983,10.87008882235227,0.0
75,35,104,9.98724052502975,0.3186385562653633,10.689381442167955,0.0
75,36,104,10.009240060234324,0.3289336172329094,10.689381442167955,0.0
75,37,104,10.023555391905562,0.2885663300724281,10.850567114107115,0.0
75,38,104,10.019272987852833,0.3096450601746033,10.850567114107115,0.0
75,39,104,10.000164924039579,0.31152122373199004,10.67774689547989,0.0
75,40,104,9.948191201273382,0.3174137407504329,10.660215618286301,0.0
75,41,104,9.915503500964947,0.3338020904658546,10.55228292607079,0.0
75,42,104,9.949687539394874,0.30520947048542146,10.6098136255115,0.0
75,43,104,10.00309624570901,0.29104228200451226,10.6098136255115,0.0
75,44,104,10.052358788842618,0.3126672232616835,10.840896623896645,0.0
75,45,104,10.025766539650148,0.29802616794695874,10.840896623896645,0.0
75,46,104,9.995415980833453,0.2583256386026015,10.541894812283099,0.0
76,0,103,9.975258124823315,0.29157884660794564,10.560267265641064,0.0
76,1,103,9.939210846343407,0.29917466673360943,10.678491977524107,0.0
76,2,103,10.007027335345223,0.3210717052201357,10.857082191233337,0.0
76,3,103,9.991076622289471,0.31870487133372233,10.857082191233337,0.0
76,4,103,9.989224353022532,0.3317610720875054,10.652542991188959,0.0
76,5,103,10.0034204269454,0.3413507712956844,10.652542991188959,0.0
76,6,103,9.984104548095623,0.3250653258456895,10.61451021474206,0.0
76,7,103,10.031791210850205,0.2917811334725636,10.61451021474206,0.0
76,8,103,10.02952247022813,0.24438211009815605,10.607780834089294,0.0
76,9,103,10.0242118798268,0.29304511988716136,10.607780834089294,0.0
76,10,103,10.041775134239192,0.28019256775737533,10.52440978208279,0.0
76,11,103,9.984020146141589,0.276252272220629,10.478022687209664,0.0
76,12,103,9.969115252363428,0.3487950252870802,10.640063121099674,0.0
76,13,103,10.043272100830098,0.3413741913653063,10.760136701768833,0.0
76,14,103,10.039817252707024,0.31787061605093014,10.760136701768833,0.0
76,15,103,10.011562048256797,0.2985923116700444,10.693236620602905,0.0
76,16,103,10.008678740068504,0.2634966683456205,10.504670080829337,0.0
76,17,103,10.012236134301775,0.3020182696744141,10.62972566927594,0.0
76,18,103,9.994995415699261,0.29936796623561834,10.62972566927594,0.0
76,19,103,9.998156546799999,0.28755347437653606,10.794513960745794,0.0
76,20,103,9.997176576855335,0.2957542104702115,10.794513960745794,0.0
76,21,103,9.978905783749477,0.28194923460478094,10.67721044884757,0.0
76,22,103,9.990969968208708,0.27640620354424833,10.67721044884757,0.0
76,23,103,10.003624091433366,0.2965975197703248,10.753309354574785,0.0
76,24,103,10.0414469651459,0.3207893902719518,10.868059582712323,0.0
76,25,103,10.004572368318522,0.30282572646723593,10.868059582712323,0.0
76,26,103,9.982770606422747,0.29647122991855546,10.684329097368071,0.0
76,27,103,10.082932029212596,0.3185801541731249,10.864113151087752,0.0
76,28,103,10.051798543077133,0.3076828841574842,10.864113151087752,0.0
76,29,103,9.99592703122901,0.3042593341312448,10.939489555782991,0.0
76,30,103,10.012790494160605,0.30458259078305694,10.939489555782991,0.0
76,31,103,9.959624230216388,0.2925486279566554,10.70400046100173,0.0
76,32,103,9.939922509323246,0.28760773603459894,10.51999496645325,0.0
76,33,103,10.00583939881254,0.26242957189021604,10.677262767554808,0.0
76,34,103,10.038836594041053,0.2779712680895571,10.677262767554808,0.0
76,35,103,10.01004311349588,0.3097836757224767,10.730003458854478,0.0
76,36,103,9.948974694101286,0.3175069092055843,10.730003458854478,0.0
76,37,103,9.92890378534044,0.3015813797430068,10.546163950763614,0.0
76,38,103,10.0059470125258,0.29183460027776575,10.546163950763614,0.0
76,39,103,10.000285362186165,0.3347732452718211,10.669465023205614,0.0
76,40,103,9.962996900398297,0.3100034373239801,10.669465023205614,0.0
76,41,103,9.994252594045989,0.21223778302748053,10.519610616952198,0.0
76,42,103,10.040653428635586,0.24236368658759902,10.612782869024466,0.0
76,43,103,10.026664475068989,0.30081616805876166,10.767867683849019,0.0
76,44,103,10.01055053451185,0.3320354573398074,10.822846123178534,0.0
76,45,103,10.010170065336956,0.33312355664132764,10.822846123178534,0.0
76,46,103,10.006918361866783,0.2904713490559974,10.455579075377072,0.0
77,0,102,10.02963727635477,0.25902727948522547,10.55265461270972,0.0
77,1,102,10.048512060667088,0.31521353025400367,10.689132546985554,0.0
77,2,102,10.031707797319289,0.31500419912826333,10.689132546985554,0.0
77,3,102,9.977585735563133,0.2663296200791729,10.551165998893469,0.0
77,4,102,9.972153907241193,0.2781880241451953,10.481025495206133,0.0
77,5,102,10.042054086893472,0.28127851342978805,10.749562763134817,0.0
77,6,102,10.020502387094382,0.30018661863748786,10.749562763134817,0.0
77,7,102,9.985254567380824,0.31789625665651433,10.776043475169331,0.0
77,8,102,10.061676777911108,0.31083801222124924,10.776043475169331,0.0
77,9,102,10.024894343268764,0.2862000138813752,10.60901230959913,0.0
77,10,102,9.98892097123356,0.2546880856910583,10.536115089764813,0.0
77,11,102,9.991046887289803,0.2511523176796198,10.536115089764813,0.0
77,12,102,10.03162734445518,0.2836832789217272,10.535262898585732,0.0
77,13,102,10.058863081739426,0.2699007208487266,10.600536346581734,0.0
77,14,102,9.977540352333705,0.2392709508349716,10.600536346581734,0.0
77,15,102,9.97274256099968,0.24094032945604513,10.637317107710563,0.0
77,16,102,9.945962401584648,0.22587211046815486,10.637317107710563,0.0
77,17,102,9.98544936005428,0.27638572170314957,10.54487044599577,0.0
77,18,102,10.011469881748933,0.3231966397607206,10.580966844031577,0.0
77,19,102,9.959825289319683,0.31704728948552036,10.580966844031577,0.0
77,20,102,9.965420940743117,0.2841288645613636,10.516276805122201,0.0
77,21,102,9.974124872108705,0.2826643481074675,10.522830587388878,0.0
77,22,102,9.981174865970864,0.3023333495255604,10.522830587388878,0.0
77,23,102,9.990723638552252,0.3333502684938445,10.738706901019796,0.0
77,24,102,9.96691589043248,0.31853451181521864,10.738706901019796,0.0
77,25,102,9.98989198968281,0.29023269078994196,10.517528187075463,0.0
77,26,102,10.023693641041035,0.30870362651339844,10.599829031548905,0.0
77,27,102,10.035370072982719,0.29478220394497295,10.627647582446734,0.0
77,28,102,9.997835828789736,0.31383459970341687,10.627647582446734,0.0
77,29,102,9.9627627444335,0.30175572776762855,10.584241495879493,0.0
77,30,102,10.01431102745161,0.28919800595049466,10.822098337174872,0.0
77,31,102,10.002404053033498,0.31547959967040645,10.822098337174872,0.0
77,32,102,10.003721500238727,0.3189839336559748,10.828456384338361,0.0
77,33,102,10.041267568011575,0.2744766488884304,10.828456384338361,0.0
77,34,102,10.024214624613089,0.2641928134158104,10.735848289799362,0.0
77,35,102,9.994106065590191,0.31539832209358,10.58982151042475,0.0
77,36,102,9.94511871594004,0.34660071580869267,10.598365078298626,0.0
77,37,102,9.95945392067327,0.3248348143573513,10.598365078298626,0.0
77,38,102,10.01103171158353,0.2977608575787023,10.74575075546887,0.0
77,39,102,10.025337561586689,0.3240576252222228,10.923194927398244,0.0
77,40,102,10.048743998294821,0.30426053990771257,10.923194927398244,0.0
77,41,102,10.053352508841135,0.2842072389763571,10.515866529649395,0.0
77,42,102,10.047983674922941,0.29194211644312396,10.558829242894449,0.0
77,43,102,10.018378269414224,0.27318912731059336,10.690526981570786,0.0
77,44,102,9.97638513004194,0.30677631892111534,10.690526981570786,0.0
77,45,102,10.016259750097268,0.3506651395956738,10.68168704295667,0.0
77,46,102,10.025220877596025,0.3494579342777985,10.68168704295667,0.0
78,0,101,9.926211007307213,0.2846940040237499,10.642217663867008,0.0
78,1,101,9.950976337327928,0.3500276399419047,10.878052656224419,0.0
78,2,101,10.063316320742128,0.3175119563040831,10.878052656224419,0.0
78,3,101,10.011569775682641,0.2672003451431367,10.596361519732318,0.0
78,4,101,9.988570654088834,0.25823209098661704,10.596361519732318,0.0
78,5,101,10.041677545715897,0.3080069806123336,10.769482061095063,0.0
78,6,101,10.049955591500064,0.34554223434305226,10.899800108370822,0.0
78,7,101,9.991653949383217,0.32970709022526934,10.899800108370822,0.0
78,8,101,9.999309208837674,0.30781404231700865,10.78787030899668,0.0
78,9,101,10.014935421339203,0.2532459615515861,10.78787030899668,0.0
78,10,101,10.030754000268017,0.21904309474810266,10.490266910416995,0.0
78,11,101,9.976637155025431,0.32856672179640894,10.490266910416995,0.0
78,12,101,9.955933857932346,0.3323739378437686,10.597309760130491,0.0
78,13,101,10.057076136878301,0.2811813274771966,10.597309760130491,0.0
78,14,101,10.041651446157418,0.3283845959526395,10.590648512066895,0.0
78,15,101,9.997445445474776,0.29318830385384026,10.590648512066895,0.0
78,16,101,9.997964792166792,0.22911583265176197,10.415456962104418,0.0
78,17,101,10.00454270603694,0.23943095242734733,10.539729211587042,0.0
78,18,101,9.9830042880821,0.2639027222643117,10.539729211587042,0.0
78,19,101,10.024906149851368,0.28814423711109305,10.62639973245816,0.0
78,20,101,10.037408098560972,0.28761661764625046,10.627011628021062,0.0
78,21,101,9.988144588984012,0.27937069451146923,10.627011628021062,0.0
78,22,101,9.96736124371559,0.2811411210017137,10.840542922956852,0.0
78,23,101,9.94401550447863,0.3083009370892322,10.840542922956852,0.0
78,24,101,9.967251587655754,0.2979621307711984,10.612223106360457,0.0
78,25,101,9.995784722419073,0.2914447949526304,10.612223106360457,0.0
78,26,101,9.934706189946308,0.2931534135923501,10.626702182237258,0.0
78,27,101,9.924612695163104,0.28249951253516004,10.664417169123471,0.0
78,28,101,9.986859262225934,0.27436873046464816,10.664417169123471,0.0
78,29,101,9.995752591808005,0.26578444635592785,10.430295185783525,0.0
78,30,101,9.996585479602384,0.2932170711376858,10.62337964209477,0.0
78,31,101,9.987792509781407,0.2895731945605023,10.62337964209477,0.0
78,32,101,9.980823115002188,0.2768477174246486,10.578200786782745,0.0
78,33,101,9.994704203300918,0.26964010660216126,10.578200786782745,0.0
78,34,101,10.047997659589464,0.28940659206870967,10.753218748334838,0.0
78,35,101,10.057499374512778,0.3189538720349379,10.753218748334838,0.0
78,36,101,10.027647148732052,0.30464258552444545,10.603448521348923,0.0
78,37,101,10.034320123072176,0.3088238149903416,10.699760298522353,0.0
78,38,101,10.010348263176306,0.3129168338507792,10.699760298522353,0.0
78,39,101,9.999351212027545,0.2887400633476266,10.535906030043849,0.0
78,40,101,10.013370613635294,0.27878728052869456,10.597388882130682,0.0
78,41,101,10.003734369883539,0.2864689444580289,10.713369503854679,0.0
78,42,101,9.96034326419028,0.30018693860965673,10.713369503854679,0.0
78,43,101,9.983607067111288,0.29824304039569904,10.634529450295966,0.0
78,44,101,10.007075342848797,0.28346073812072803,10.756031824443612,0.0
78,45,101,9.979451556521525,0.27694698039992854,10.756031824443612,0.0
78,46,101,10.033870511644412,0.3155774972141475,10.655291920819861,0.0
79,0,100,9.912296257575568,0.2841017644580588,10.554666480733513,0.0
79,1,100,9.98225778930654,0.25895379736471635,10.554666480733513,0.0
79,2,100,9.953377812752489,0.300896120691447,10.58080500892096,0.0
79,3,100,9.96230393366215,0.36275161310103715,10.92055354101193,0.0
79,4,100,10.035017867577748,0.33908604005741694,10.92055354101193,0.0
79,5,100,10.044223637439439,0.2725747103814842,10.829362315808167,0.0
79,6,100,10.03428185103893,0.31012963116997944,10.722578213817258,0.0
79,7,100,10.025606935033576,0.343646537202737,11.056188116829604,0.0
79,8,100,9.999596913203048,0.30214257532670297,11.056188116829604,0.0
79,9,100,10.03691274760317,0.28642535635398536,10.680617670810387,0.0
79,10,100,10.009831026369346,0.3254050905360962,10.917942854565455,0.0
79,11,100,9.939057939561922,0.3187637635614472,10.917942854565455,0.0
79,12,100,9.960048405335147,0.2912569749297787,10.601879613555097,0.0
79,13,100,9.987648857538046,0.27002037121629047,10.601879613555097,0.0
79,14,100,9.987218357337893,0.2571005278091067,10.509843937508254,0.0
79,15,100,10.019882495530691,0.2796667917348326,10.756282860194808,0.0
79,16,100,9.990728150859285,0.3250055681366177,10.756282860194808,0.0
79,17,100,9.963183491082777,0.3372944167353912,10.564238767733347,0.0
79,18,100,9.99197411522965,0.3130628277175006,10.57703437078815,0.0
79,19,100,9.983707459189038,0.35002853106932563,10.833436058154991,0.0
79,20,100,9.982811840606612,0.3712396505168672,10.901896861988499,0.0
79,21,100,9.991269854087102,0.3074691550658404,10.901896861988499,0.0
79,22,100,9.973780729274015,0.2847121088198707,10.65844775559591,0.0
79,23,100,9.932476449893132,0.3020530732259589,10.65844775559591,0.0
79,24,100,9.938567544980915,0.28642827081371386,10.714921328390837,0.0
79,25,100,9.974859161047227,0.24148348968874747,10.714921328390837,0.0
79,26,100,9.99716190801197,0.280878345686018,10.609534319272267,0.0
79,27,100,10.031117988797014,0.31119427475857686,10.609534319272267,0.0
79,28,100,10.01946602636132,0.2857426188978538,10.60101237258571,0.0
79,29,100,10.022178012804524,0.2608657514101218,10.727026277117588,0.0
79,30,100,9.974042307365966,0.2681125082728794,10.727026277117588,0.0
79,31,100,9.9372119801103,0.31909549798295134,10.755283983254108,0.0
79,32,100,10.028756035018581,0.33652096736837933,10.755283983254108,0.0
79,33,100,10.064216740542296,0.2843414792191176,10.586075891189413,0.0
79,34,100,10.037303196512083,0.2613038365445103,10.656982238425396,0.0
79,35,100,10.014445633756614,0.2621643593782465,10.656982238425396,0.0
79,36,100,9.96366500361109,0.25773169742901103,10.439867427416951,0.0
79,37,100,9.98726551864533,0.2615340577013898,10.7407778705085,0.0
79,38,100,10.021198823838462,0.2672267796901361,10.7407778705085,0.0
79,39,100,10.007112318748328,0.2658723334910853,10.524727504112281,0.0
79,40,100,10.015352947725347,0.25057161076214013,10.383465437701473,0.0
79,41,100,9.984860781257925,0.2861290820875907,10.649507651765873,0.0
79,42,100,9.979216184044766,0.32997330233796973,10.649507651765873,0.0
79,43,100,9.981033550134766,0.311450694269343,10.623129949747623,0.0
79,44,100,9.97311743060777,0.2847413261830316,10.472316430569302,0.0
79,45,100,9.960487651280909,0.28090082381556974,10.484450669440852,0.0
79,46,100,9.94651979994338,0.2899217468182187,10.536966334199883,0.0
80,0,99,9.992089415598118,0.3174097877907558,10.730110636943413,0.0
80,1,99,9.976652385323785,0.3062113186762175,10.689475374351815,0.0
80,2,99,9.980269030403582,0.30880608557116035,10.689475374351815,0.0
80,3,99,10.048560354278132,0.3440733404179428,10.957598480600527,0.0
80,4,99,10.049236122352651,0.3158499078879072,10.957598480600527,0.0
80,5,99,9.990364132799645,0.3024902513637372,10.522407247754723,0.0
80,6,99,9.961956792340509,0.32453081768170816,10.749566197972944,0.0
80,7,99,9.980370225293166,0.3245088599218387,10.749566197972944,0.0
80,8,99,10.072545673650284,0.30749404252772866,10.82774675055493,0.0
80,9,99,10.084122785979144,0.2684155127393108,10.82774675055493,0.0
80,10,99,10.00260948031242,0.27479214063790797,10.634163459394333,0.0
80,11,99,9.97495231562866,0.31211002396357573,10.78968752806955,0.0
80,12,99,9.974890068923404,0.310152757251601,10.78968752806955,0.0
80,13,99,9.980672422048928,0.28722239596078036,10.638478687789398,0.0
80,14,99,9.99030924880634,0.2969723902152022,10.638478687789398,0.0
80,15,99,9.992101154851436,0.2803977646446277,10.594912532593472,0.0
80,16,99,10.006787464657586,0.2615529141628689,10.594912532593472,0.0
80,17,99,10.013762753590244,0.2515106888922721,10.529699654881593,0.0
80,18,99,10.010281875164571,0.26708535464541244,10.529699654881593,0.0
80,19,99,9.994606339998494,0.3105695668628611,10.71981871195222,0.0
80,20,99,10.016562114334976,0.32931012100756596,10.71981871195222,0.0
80,21,99,9.975871021508208,0.31405256798687026,10.622960825399593,0.0
80,22,99,9.97955141298204,0.28275503349645265,10.59191711149764,0.0
80,23,99,9.994016430304033,0.31787544399147194,10.59191711149764,0.0
80,24,99,9.983368748806885,0.31953240162295476,10.559583479730652,0.0
80,25,99,10.001947668038145,0.314846544989157,10.728067428448265,0.0
80,26,99,10.000410028345039,0.3111116389950453,10.728067428448265,0.0
80,27,99,10.007984628161953,0.281399401215978,10.707756134380988,0.0
80,28,99,9.99356255137364,0.2911074049050179,10.707756134380988,0.0
80,29,99,9.957166170887714,0.27149301585078844,10.516043717438187,0.0
80,30,99,10.00068291828588,0.2560657370156177,10.646787692506468,0.0
80,31,99,10.021674676030726,0.2824839701249269,10.646787692506468,0.0
80,32,99,9.980897096103924,0.28698717982384003,10.554383828043932,0.0
80,33,99,9.939397614537272,0.3182708280230815,10.517902725380143,0.0
80,34,99,9.929104391924731,0.3434293319029535,10.71163161556019,0.0
80,35,99,9.992762925721507,0.3064384053543875,10.71163161556019,0.0
80,36,99,10.041669230410875,0.28602610502910875,10.786140705818337,0.0
80,37,99,10.010425334638391,0.2851752779171579,10.786140705818337,0.0
80,38,99,10.020922174915182,0.2885117288895217,10.778373364618053,0.0
80,39,99,10.0783611546277,0.2656670466646366,10.778373364618053,0.0
80,40,99,10.103128971438018,0.23952237717422029,10.644409740375991,0.0
80,41,99,10.098248325061942,0.22440863828594537,10.644409740375991,0.0
80,42,99,10.030409804901005,0.29604160538210295,10.711018121419972,0.0
80,43,99,9.991791411619726,0.3228012470690455,10.711018121419972,0.0
80,44,99,9.960372517859463,0.29434319666583025,10.631163625557502,0.0
80,45,99,9.942775950704606,0.3067614786044435,10.675507726487142,0.0
80,46,99,9.958912252452187,0.28622869431682024,10.71821455183924,0.0
81,0,98,10.015055892278049,0.3208929879487349,10.907114890649044,0.0
81,1,98,10.00742125268709,0.32228653168256644,10.907114890649044,0.0
81,2,98,10.000223892765172,0.2874893907965522,10.528070696491302,0.0
81,3,98,9.988296923328791,0.2880653789979425,10.823706480618299,0.0
81,4,98,9.994780573839412,0.28882525669148656,10.823706480618299,0.0
81,5,98,9.998235365013272,0.33207176504147706,10.938580313527368,0.0
81,6,98,9.976042368775392,0.34352019109063864,10.938580313527368,0.0
81,7,98,9.982718265788785,0.30679606883408894,10.52667447377375,0.0
81,8,98,10.008924966026665,0.2596913086822857,10.523430716659975,0.0
81,9,98,10.06729470136995,0.29431890272774996,10.928858894875631,0.0
81,10,98,10.024109965536157,0.3085377035060985,10.928858894875631,0.0
81,11,98,9.955654731656313,0.275132981410532,10.52177122610711,0.0
81,12,98,10.02390342712704,0.295398203939452,10.626534563970921,0.0
81,13,98,10.037291048815261,0.27821693639196626,10.626534563970921,0.0
81,14,98,9.996606303384361,0.2499406461908956,10.48777202287762,0.0
81,15,98,10.01770138392069,0.2620200861293348,10.566193382381746,0.0
81,16,98,10.052248880807031,0.29213692594169266,10.566193382381746,0.0
81,17,98,9.996547131772804,0.31799339005052035,10.550609011680141,0.0
81,18,98,9.946093297056596,0.30225689550952206,10.550609011680141,0.0
81,19,98,10.033978449486947,0.31258497169253174,10.721133067735297,0.0
81,20,98,10.06108014630604,0.33884315985214497,10.721133067735297,0.0
81,21,98,10.045014929301413,0.3281745775163093,10.687257655781742,0.0
81,22,98,10.025429982162787,0.2957354455268602,10.687257655781742,0.0
81,23,98,10.023043335127364,0.2915775984351853,10.694715582542543,0.0
81,24,98,10.081728495673982,0.3107487350080652,10.766579246384628,0.0
81,25,98,10.035798633090929,0.3185506557484666,10.766579246384628,0.0
81,26,98,9.993080414722918,0.2915893041068162,10.750081582551992,0.0
81,27,98,10.022771175259429,0.32047733099043973,10.895824271311763,0.0
81,28,98,9.987636050733284,0.3254750520102775,10.895824271311763,0.0
81,29,98,9.945809016743198,0.251395554447766,10.633874852672658,0.0
81,30,98,9.95368216427214,0.28513784744340276,10.547354505802808,0.0
81,31,98,9.968299024036485,0.3000348121289153,10.547354505802808,0.0
81,32,98,9.989797101996128,0.25028830567433225,10.512790699908953,0.0
81,33,98,10.005079571827888,0.23716413508100834,10.51429416243317,0.0
81,34,98,10.002923102851996,0.24165862545091207,10.51429416243317,0.0
81,35,98,10.065119538702753,0.3032970101929935,10.731699555685546,0.0
81,36,98,10.083577296439142,0.30329001136189765,10.731699555685546,0.0
81,37,98,10.069912561782445,0.2661974097368119,10.656330936235694,0.0
81,38,98,10.08508483669878,0.27339214376542,10.676758942936608,0.0
81,39,98,10.024670955914658,0.2564316118490087,10.676758942936608,0.0
81,40,98,9.917425382649261,0.23061838909189022,10.402045942156487,0.0
81,41,98,9.89592643084791,0.2548446538014949,10.504003657453596,0.0
81,42,98,9.941289211146186,0.27706047940330014,10.505423747575312,0.0
81,43,98,9.94575889798123,0.2553618441976176,10.505423747575312,0.0
81,44,98,9.961422887883485,0.26008024332040425,10.49945184968436,0.0
81,45,98,9.957585822172826,0.3145692022240354,10.622120509176492,0.0
81,46,98,9.970210439961301,0.29623287342359816,10.622120509176492,0.0
82,0,97,10.013566578402482,0.2954275973334586,10.498460081468277,0.0
82,1,97,10.0004742946996,0.2981548696961131,10.720833785828535,0.0
82,2,97,10.018469339610103,0.28759669064272514,10.720833785828535,0.0
82,3,97,10.050269980577871,0.2548599722899821,10.67166358847041,0.0
82,4,97,10.006420018058225,0.2811188082712113,10.67166358847041,0.0
82,5,97,9.949850667153552,0.30481119513490884,10.527957464944457,0.0
82,6,97,10.007555108208111,0.31102716051072754,10.744164040091205,0.0
82,7,97,9.994604521984266,0.29487610033188955,10.744164040091205,0.0
82,8,97,10.018323964154662,0.26731619236170717,10.626955795254977,0.0
82,9,97,10.063482318806091,0.27498999787776723,10.650291902972231,0.0
82,10,97,9.965614127698915,0.2955813649078002,10.650291902972231,0.0
82,11,97,9.934303681546796,0.27038609605364056,10.62017604720166,0.0
82,12,97,9.961203678317565,0.27110223719502113,10.74630645939969,0.0
82,13,97,9.9902481145448,0.3191734589453006,10.74630645939969,0.0
82,14,97,9.97774954507109,0.30960138011711363,10.63908115380364,0.0
82,15,97,9.987514042603422,0.263332687644787,10.549397629300763,0.0
82,16,97,10.0736358564621,0.2795079579543687,10.592219156637848,0.0
82,17,97,10.083186852426413,0.30604051708951885,10.684350936351366,0.0
82,18,97,10.047475457462566,0.3258232861120239,10.733757418843442,0.0
82,19,97,10.02213941153797,0.3143379344046191,10.733757418843442,0.0
82,20,97,10.071746230427443,0.3043449529981184,10.658417191932504,0.0
82,21,97,10.059894075105076,0.3215036094672206,10.835277368896746,0.0
82,22,97,9.978957591350076,0.34157134389477667,10.835277368896746,0.0
82,23,97,9.959880291711393,0.34062116544573423,10.82791984885574,0.0
82,24,97,10.026829076723246,0.347388660668246,10.854627203203115,0.0
82,25,97,10.043357290736093,0.3174447749105639,10.854627203203115,0.0
82,26,97,10.005941912000218,0.2929140008207567,10.751593850214782,0.0
82,27,97,10.01961239390957,0.31203366055149967,10.751593850214782,0.0
82,28,97,9.988974845271953,0.30375588719727803,10.739564602771503,0.0
82,29,97,10.01153988925805,0.3129741656595687,10.689306804149934,0.0
82,30,97,9.99370698927058,0.28799001443670436,10.597222184430851,0.0
82,31,97,9.946049554443942,0.27521484638910054,10.5213084562922,0.0
82,32,97,9.98543555242572,0.3230566330530035,10.687655763011085,0.0
82,33,97,10.06935072751491,0.3329298910357179,10.831172439116001,0.0
82,34,97,10.055243779667272,0.32171628993264645,10.831172439116001,0.0
82,35,97,9.974773379539958,0.3208165202233526,10.710205809523176,0.0
82,36,97,10.00821419679271,0.29239056050966056,10.472307351448173,0.0
82,37,97,10.022164179907767,0.2604099070001932,10.504752043921094,0.0
82,38,97,9.933189707808648,0.29349207871488003,10.504752043921094,0.0
82,39,97,9.987674482663673,0.31816112418175213,10.712088702087359,0.0
82,40,97,9.96728791312951,0.289309756010925,10.712088702087359,0.0
82,41,97,9.958845176789673,0.2843256501157605,10.535434595251642,0.0
82,42,97,10.067687186208039,0.26738288128717125,10.556194479067106,0.0
82,43,97,10.065015402574476,0.279928495462002,10.772559868016579,0.0
82,44,97,10.009225943460292,0.2740177167449199,10.772559868016579,0.0
82,45,97,9.964308141285986,0.271347616767723,10.716191628034183,0.0
82,46,97,10.041433192865437,0.3092321443116051,10.716191628034183,0.0
83,0,96,9.929795513074124,0.31693916423614527,10.533549282616633,0.0
83,1,96,9.963419726565595,0.31832432360478974,10.533549282616633,0.0
83,2,96,9.95655337818988,0.305191719397525,10.664583413003209,0.0
83,3,96,9.995821860142906,0.2833329277473852,10.670870789046296,0.0
83,4,96,10.02269134705009,0.31448652861619714,10.670870789046296,0.0
83,5,96,10.015554972261384,0.28405603280298486,10.615007936214134,0.0
83,6,96,10.008711120959575,0.23356073280885226,10.454447475896497,0.0
83,7,96,10.003436484190205,0.2832403920521529,10.618635189070465,0.0
83,8,96,9.98094981854889,0.28647442293029407,10.618635189070465,0.0
83,9,96,9.996890428974385,0.28202109834883443,10.634831402796044,0.0
83,10,96,10.002108098618546,0.30781750728962987,10.704747950683824,0.0
83,11,96,10.026025115319806,0.30777607817331804,10.704747950683824,0.0
83,12,96,9.942541173820096,0.2860727502065175,10.567724401378495,0.0
83,13,96,9.979919096392784,0.2680816818652765,10.631482318858646,0.0
83,14,96,10.04087146670941,0.2679930075037536,10.631482318858646,0.0
83,15,96,9.97087981189121,0.27388444351704094,10.596260805139353,0.0
83,16,96,10.002471736164654,0.28781705505310784,10.617858050355764,0.0
83,17,96,10.011229571539204,0.2844291744901755,10.617858050355764,0.0
83,18,96,10.039437201575092,0.2727767155171601,10.591257490507887,0.0
83,19,96,10.01642048819392,0.27576591635417824,10.591257490507887,0.0
83,20,96,9.959325914794565,0.28043073972034366,10.543430482564624,0.0
83,21,96,10.005638550845148,0.3061302769699243,10.723409662963984,0.0
83,22,96,10.028713556669603,0.3056080909726394,10.729820067813879,0.0
83,23,96,10.003101941276928,0.2801899031207643,10.729820067813879,0.0
83,24,96,9.988957305366295,0.29732866774144207,10.606665753467125,0.0
83,25,96,10.002827977094574,0.30235495907856524,10.606665753467125,0.0
83,26,96,10.009220475096075,0.2793819482012627,10.688733265159568,0.0
83,27,96,9.956825726004935,0.26187804959759864,10.688733265159568,0.0
83,28,96,9.95246396670177,0.2710625375774052,10.599179345654251,0.0
83,29,96,9.990992602518993,0.28795491158643305,10.907173161221678,0.0
83,30,96,9.99792138320199,0.2933667824183101,10.907173161221678,0.0
83,31,96,10.005851737656121,0.3110670370532507,10.751458164610257,0.0
83,32,96,9.98748914568187,0.3102926530789796,10.751458164610257,0.0
83,33,96,9.949719403029494,0.28090857207477254,10.73662367313934,0.0
83,34,96,9.975332988571274,0.28693662632175443,10.581857074499345,0.0
83,35,96,9.997735697134868,0.291726076239821,10.601902108785207,0.0
83,36,96,9.946482605795206,0.3071245507454474,10.601902108785207,0.0
83,37,96,9.956986844199108,0.31153272951823074,10.621578983120498,0.0
83,38,96,10.00801225429629,0.2515787871125938,10.621578983120498,0.0
83,39,96,9.992979083307507,0.22756882182827615,10.66931550864014,0.0
83,40,96,10.04748255985529,0.29941596813839244,10.97499816966979,0.0
83,41,96,10.116387406758944,0.3270045826755862,10.97499816966979,0.0
83,42,96,10.076114075916218,0.3327447405728135,10.851208193851516,0.0
83,43,96,10.041548666612316,0.3220444964990162,10.702809665145002,0.0
83,44,96,10.0585515078404,0.3204661672318927,10.628129189660914,0.0
83,45,96,10.050929163707634,0.339478474378114,10.944303668765665,0.0
83,46,96,9.968352755721098,0.3211496318421042,10.944303668765665,0.0
84,0,95,9.991290513232132,0.2673821708658519,10.759487051090767,0.0
84,1,95,9.957901631144194,0.3164844611872653,10.474738901175323,0.0
84,2,95,9.932355084329084,0.3163728555898607,10.593155324477898,0.0
84,3,95,9.955471079745191,0.2884562358675477,10.593155324477898,0.0
84,4,95,9.958007914125737,0.2861854364784226,10.566506209742077,0.0
84,5,95,9.938645716870102,0.2511831472989639,10.536395391915901,0.0
84,6,95,9.978914803186075,0.2688154569301763,10.706555416771057,0.0
84,7,95,10.013661917128962,0.3356857337260752,10.706555416771057,0.0
84,8,95,9.990017823145633,0.30994393539069276,10.592976818867943,0.0
84,9,95,9.980798556873705,0.2700053950367639,10.47281220275884,0.0
84,10,95,9.956392234044209,0.2775622614091266,10.593926951391786,0.0
84,11,95,9.922651484609881,0.28480073580553444,10.713997395256536,0.0
84,12,95,9.989509451211642,0.3322585060503398,10.863934979055676,0.0
84,13,95,10.034714149129599,0.29579210260861827,10.863934979055676,0.0
84,14,95,9.94940294831536,0.26472299768782936,10.62086479013228,0.0
84,15,95,9.95824917590667,0.2947220332407929,10.801324738389487,0.0
84,16,95,9.984999614020383,0.2824442707726597,10.801324738389487,0.0
84,17,95,9.945429408184463,0.2783568944317049,10.551533970180902,0.0
84,18,95,10.022724937374447,0.27613605965973803,10.66570280796761,0.0
84,19,95,10.040121107822747,0.2523551059158811,10.66570280796761,0.0
84,20,95,10.031529051981105,0.30510661746940193,10.762578102572247,0.0
84,21,95,10.077917969845009,0.32116317171121656,10.762578102572247,0.0
84,22,95,10.03702791528215,0.31257443956594777,10.868895040489472,0.0
84,23,95,10.041968563582296,0.2950429572974117,10.868895040489472,0.0
84,24,95,10.088134534031866,0.2755747982320974,10.796706136226785,0.0
84,25,95,10.031070661825217,0.2906043294142833,10.784719057982723,0.0
84,26,95,10.00018913380929,0.32502489645888355,10.699255595296723,0.0
84,27,95,10.039571270822748,0.3186990594495687,10.699255595296723,0.0
84,28,95,10.015049485942708,0.30235327679114954,10.623838353365528,0.0
84,29,95,9.942005205804396,0.31212783762421736,10.623838353365528,0.0
84,30,95,9.959563106136343,0.29376833649847006,10.643303430580938,0.0
84,31,95,10.016635166894329,0.28769829714126804,10.643303430580938,0.0
84,32,95,9.959233474273095,0.3240982815991425,10.52775847353203,0.0
84,33,95,9.928172687940105,0.34106684035184404,10.52775847353203,0.0
84,34,95,10.029906437890713,0.3069167729644322,10.596586244096693,0.0
84,35,95,10.099156671916022,0.27081942372662443,10.794846874047705,0.0
84,36,95,10.064044434976921,0.2740532185719348,10.794846874047705,0.0
84,37,95,10.022057820483639,0.2782860194464144,10.845932385096916,0.0
84,38,95,10.010005826450655,0.28413719761381373,10.845932385096916,0.0
84,39,95,10.019943917260955,0.27844863966101385,10.772185876352783,0.0
84,40,95,10.01166235837216,0.29947201508616184,10.772185876352783,0.0
84,41,95,10.03590266928002,0.32117663395431395,10.972533405616282,0.0
84,42,95,10.040079424853369,0.29792636563528585,10.972533405616282,0.0
84,43,95,9.992646304568606,0.2891135910509905,10.577177628343035,0.0
84,44,95,9.975194846008886,0.3117278658179444,10.652424017770057,0.0
84,45,95,9.991079513745577,0.29814736816312404,10.946019849253965,0.0
84,46,95,9.996714833265468,0.268884094782399,10.946019849253965,0.0
85,0,94,10.04369469944302,0.24916359677953143,10.685790267425524,0.0
85,1,94,10.035912473496042,0.2694382002937278,10.53615210275418,0.0
85,2,94,9.972550507024406,0.2966571841044751,10.652924467767406,0.0
85,3,94,10.018690608477923,0.3100565092339245,10.9022967798281,0.0
85,4,94,10.046188756136456,0.31489037978442375,10.9022967798281,0.0
85,5,94,10.007274078491132,0.2982861481917586,10.596112048580531,0.0
85,6,94,9.985850555245856,0.27029768983705715,10.594235990555719,0.0
85,7,94,10.03325395902746,0.2848943376973024,10.648730323889493,0.0
85,8,94,10.002224518562032,0.30424337496906817,10.648730323889493,0.0
85,9,94,9.941708085512785,0.28722823240083406,10.71893812477244,0.0
85,10,94,10.003150149031061,0.27916082207731135,10.71893812477244,0.0
85,11,94,10.012642197468244,0.2704174957632405,10.750426650482474,0.0
85,12,94,9.961235541003704,0.3034648777987246,10.750426650482474,0.0
85,13,94,9.928802292202976,0.3372854190448006,10.678396911260702,0.0
85,14,94,9.931586069039781,0.3260706771528882,10.575784506122348,0.0
85,15,94,9.982178450165389,0.31291377571984463,10.597992810441585,0.0
85,16,94,10.038814836099451,0.29385509873528276,10.597992810441585,0.0
85,17,94,10.045048049807725,0.2995992031541356,10.712055804391058,0.0
85,18,94,10.051154249064346,0.30746597515979657,10.775005973496532,0.0
85,19,94,10.013191492201093,0.3217409548274084,10.775005973496532,0.0
85,20,94,9.99671047757106,0.3338648460847026,10.687556640844914,0.0
85,21,94,10.017395703637094,0.3085395603108371,10.778543197187128,0.0
85,22,94,9.958054680440402,0.2989474926815997,10.778543197187128,0.0
85,23,94,9.953307448763399,0.2939568765391608,10.54407122805101,0.0
85,24,94,9.992625101780781,0.318617430164043,10.749905096045824,0.0
85,25,94,10.035929233002673,0.3261627412605056,10.749905096045824,0.0
85,26,94,10.00339968647182,0.32698992979269814,10.743133990882386,0.0
85,27,94,9.970351857026566,0.3145262238780823,10.743133990882386,0.0
85,28,94,10.015453370341982,0.3189326800803832,10.607894118668405,0.0
85,29,94,10.02639673172324,0.3290984733139896,10.682701180133707,0.0
85,30,94,9.976348191948395,0.3164425312176857,10.682701180133707,0.0
85,31,94,9.961754016116876,0.33325016152296966,10.745047116988887,0.0
85,32,94,9.996386816088025,0.28944799955036227,10.745047116988887,0.0
85,33,94,9.984105817358417,0.22917889776680278,10.541067186984261,0.0
85,34,94,9.990174972116368,0.2623312484350915,10.541067186984261,0.0
85,35,94,10.008328531585562,0.3126626641912437,10.579953638361419,0.0
85,36,94,10.05176160471846,0.3054510991898147,10.7743919476886,0.0
85,37,94,10.037533732286636,0.25172017307452593,10.7743919476886,0.0
85,38,94,9.993905244418942,0.275309937618136,10.648636227790519,0.0
85,39,94,10.078680500174109,0.3070820744305815,10.648636227790519,0.0
85,40,94,10.08192130142889,0.27747815921795715,10.650447057891565,0.0
85,41,94,10.05139240958087,0.306666208804496,10.804893021859035,0.0
85,42,94,10.113736791296347,0.297585231075605,10.804893021859035,0.0
85,43,94,10.053228314460206,0.2965123097599722,10.802767053781801,0.0
85,44,94,9.990601169421764,0.34679120082371995,10.802767053781801,0.0
85,45,94,10.017039684395451,0.35855431172548535,10.72045286101696,0.0
85,46,94,10.062542581880338,0.32195095453381783,10.589650852263562,0.0
86,0,93,9.934709110974472,0.29337060289017436,10.552918307678752,0.0
86,1,93,9.962665682662896,0.3113213579959547,10.604869712631512,0.0
86,2,93,10.001348459644104,0.28991297481682693,10.604869712631512,0.0
86,3,93,10.032298132360202,0.2722665139050422,10.510264372670916,0.0
86,4,93,10.029585688281365,0.262527155625607,10.514483411913256,0.0
86,5,93,10.045218330573482,0.2811580497841518,10.584324878497068,0.0
86,6,93,10.080859388925333,0.304392647826429,10.793450112751186,0.0
86,7,93,10.036697907144262,0.32366558877394414,10.793450112751186,0.0
86,8,93,9.945195631199638,0.30972832017430135,10.734569816154316,0.0
86,9,93,9.98804675520604,0.3125539984876467,10.646936198216457,0.0
86,10,93,10.000296332207862,0.3294115213887545,10.693662361958257,0.0
86,11,93,9.979859656667365,0.2966425883067523,10.693662361958257,0.0
86,12,93,9.999134684729272,0.2650650151865682,10.536638372330518,0.0
86,13,93,9.991917359148577,0.28445810946052813,10.61848826363754,0.0
86,14,93,10.032508095570135,0.27528884831785694,10.61848826363754,0.0
86,15,93,10.024916408157885,0.25888705060860834,10.549865371597598,0.0
86,16,93,10.014052176124867,0.28515581382967475,10.706448862162073,0.0
86,17,93,9.991708661636626,0.31771721158902494,10.759099536135096,0.0
86,18,93,9.943899695065616,0.28665467400522715,10.759099536135096,0.0
86,19,93,9.906920425960932,0.272089557378831,10.410348367496157,0.0
86,20,93,9.877461958263023,0.2781108421651456,10.356622660542572,0.0
86,21,93,9.924289167333967,0.2640327807545673,10.48640393151289,0.0
86,22,93,10.008040680215462,0.2890546552765407,10.711321176399423,0.0
86,23,93,10.027840379928929,0.28714992154075164,10.711321176399423,0.0
86,24,93,9.989776609632614,0.24185546035561234,10.653512597931586,0.0
86,25,93,10.00081894831558,0.25438675063472577,10.491097245780074,0.0
86,26,93,10.00461134464533,0.2981707195696694,10.730202743980172,0.0
86,27,93,9.986425505106359,0.3172285215163545,10.730202743980172,0.0
86,28,93,9.97864735283008,0.32477645928033383,10.588916733425668,0.0
86,29,93,9.938507006263853,0.29514971266001033,10.588916733425668,0.0
86,30,93,9.976319240154096,0.2913384998136668,10.671566183198008,0.0
86,31,93,10.073863250457826,0.2781776862516377,10.671566183198008,0.0
86,32,93,10.049082303932927,0.2914070840726523,10.714226491287542,0.0
86,33,93,10.034695970176514,0.2885204243881538,10.790580549578989,0.0
86,34,93,10.025050522264861,0.2437141945148395,10.790580549578989,0.0
86,35,93,10.009633514492474,0.3028314480094994,10.690778240905685,0.0
86,36,93,10.046908053219115,0.3110724761711993,10.690778240905685,0.0
86,37,93,10.071388780679133,0.28104943873169835,10.650635941432302,0.0
86,38,93,10.027016299376463,0.2789972567205414,10.650635941432302,0.0
86,39,93,9.967312666624984,0.2826326207293452,10.531993923796584,0.0
86,40,93,9.97341288024469,0.2930086578670423,10.66982265952991,0.0
86,41,93,9.95486343776573,0.2891081456527429,10.66982265952991,0.0
86,42,93,9.982000678656057,0.26503540103939066,10.505519929965836,0.0
86,43,93,9.978428001548991,0.26249629704595334,10.846733482306396,0.0
86,44,93,9.937551213063866,0.3050702981540939,10.846733482306396,0.0
86,45,93,10.04055223482107,0.3285043225871687,10.695282511130717,0.0
86,46,93,10.06223089106289,0.31913450285629,10.578121172429833,0.0
87,0,92,9.994476982911936,0.3006700664116755,10.575860580915714,0.0
87,1,92,9.977748763131858,0.3132388539650627,10.565074434383066,0.0
87,2,92,10.028187714548492,0.2928173345979617,10.565074434383066,0.0
87,3,92,10.05289423827024,0.2611680069591469,10.538201255243214,0.0
87,4,92,10.065953827320811,0.28552716330695466,10.832766985509526,0.0
87,5,92,10.070810573844941,0.31440792055541106,10.832766985509526,0.0
87,6,92,10.04572726968653,0.30966090133810187,11.011058172409541,0.0
87,7,92,9.997144866934939,0.2915176639108346,11.011058172409541,0.0
87,8,92,9.964680267822068,0.2745224216391551,10.676107017812491,0.0
87,9,92,10.021432413631372,0.3050626284436519,10.823235631338711,0.0
87,10,92,10.055007996919425,0.2865632397638027,10.823235631338711,0.0
87,11,92,10.070810200407172,0.27245264677049946,10.686272980527699,0.0
87,12,92,10.026149580015131,0.29478401657652825,10.686272980527699,0.0
87,13,92,9.918666674144806,0.27092440161406045,10.622455829282218,0.0
87,14,92,9.919882504126969,0.26074809006996413,10.622455829282218,0.0
87,15,92,9.95262789109375,0.25400300865583664,10.507277785929757,0.0
87,16,92,9.969962143268187,0.28329879319271883,10.540406242349539,0.0
87,17,92,9.964077217733633,0.31101920147648376,10.540406242349539,0.0
87,18,92,9.980650862486815,0.31093664294239076,10.758737810098054,0.0
87,19,92,10.039822723332259,0.2986084652270832,10.758737810098054,0.0
87,20,92,10.053335366028572,0.2946463197580175,10.821299956360155,0.0
87,21,92,10.014168904254571,0.33184368931417874,10.821299956360155,0.0
87,22,92,9.902648629403133,0.34922800758733485,10.626227297193637,0.0
87,23,92,9.935445469788077,0.2993770588429879,10.557113380503372,0.0
87,24,92,9.986651971699489,0.27289782104724464,10.666291785598276,0.0
87,25,92,10.004927848522067,0.3048564550896917,10.666291785598276,0.0
87,26,92,10.05627866265046,0.3203864296743799,10.753696648883706,0.0
87,27,92,10.01457802537945,0.275638185364495,10.753696648883706,0.0
87,28,92,10.016700893039383,0.24746999653630605,10.694687760208469,0.0
87,29,92,10.056886262395214,0.27350986332166777,10.694687760208469,0.0
87,30,92,10.00734091734401,0.2884909491530535,10.66863723454215,0.0
87,31,92,9.973288023386454,0.2794476165540879,10.66863723454215,0.0
87,32,92,10.01911346293772,0.27338472211483317,10.532921356663195,0.0
87,33,92,10.063477893773896,0.27459303648440586,10.64049808017047,0.0
87,34,92,10.112567417501799,0.26496299617069846,10.654143114434017,0.0
87,35,92,10.063485749010066,0.3048223640405377,10.654143114434017,0.0
87,36,92,10.010212371885123,0.3357181220535183,10.62743728333245,0.0
87,37,92,9.994996261194414,0.34171240680018106,10.699015350616445,0.0
87,38,92,10.01330797985593,0.299175178340429,10.699015350616445,0.0
87,39,92,9.997536741870217,0.3369386016874434,10.697564597716108,0.0
87,40,92,9.981605147989265,0.3567257096904136,10.69690555415437,0.0
87,41,92,10.014095035384537,0.32377052485467395,10.663263948639168,0.0
87,42,92,10.002362254563659,0.3078167098718954,10.514510737099046,0.0
87,43,92,10.01063749137806,0.3179054029579218,10.692058052374227,0.0
87,44,92,10.009155505857777,0.29835257383194147,10.692058052374227,0.0
87,45,92,10.013758007464343,0.30900443962273527,10.795911374866192,0.0
87,46,92,10.00344365998966,0.32127864673711265,10.795911374866192,0.0
88,0,91,10.003056662337844,0.289539146372332,10.708748696370707,0.0
88,1,91,9.97747652436084,0.2885259916199403,10.660260123083445,0.0
88,2,91,10.014334394111028,0.3029927018183143,10.605415939401482,0.0
88,3,91,10.017458477945002,0.30342151814265866,10.605415939401482,0.0
88,4,91,9.958363840349328,0.3088801383270396,10.546993927803612,0.0
88,5,91,9.944462428867299,0.309168544725889,10.625666819152473,0.0
88,6,91,9.932803854935951,0.3013385075949805,10.625666819152473,0.0
88,7,91,9.96778476732812,0.299356650108695,10.743281098474162,0.0
88,8,91,10.028013132040176,0.2715515765491673,10.743281098474162,0.0
88,9,91,10.01639352251092,0.2558325069304146,10.646996767971237,0.0
88,10,91,10.042800054811208,0.3019457463978359,10.825562848803923,0.0
88,11,91,10.076632308190241,0.3020787182607928,10.825562848803923,0.0
88,12,91,10.067292460584682,0.2636990460716427,10.646468304053592,0.0
88,13,91,10.045383837924485,0.27397700273268916,10.56208600564123,0.0
88,14,91,10.027844117455635,0.2770372701631064,10.558883769249343,0.0
88,15,91,10.054751988934786,0.26098342386402446,10.528182083179358,0.0
88,16,91,10.040358658439892,0.27925534635569116,10.545654727349076,0.0
88,17,91,10.018974256362512,0.2756023807167451,10.634012790497975,0.0
88,18,91,10.024997004079667,0.2847325305041168,10.80327706450103,0.0
88,19,91,10.004381526024531,0.31725520708161997,10.836285473900197,0.0
88,20,91,10.009580632180539,0.29450988202111816,10.836285473900197,0.0
88,21,91,10.008689416898894,0.2664804541926034,10.677864361663344,0.0
88,22,91,10.049158765783897,0.3359325062619721,10.85283270614678,0.0
88,23,91,10.093838775586859,0.3309265814901191,10.85283270614678,0.0
88,24,91,10.037023879891477,0.29781821986068646,10.648098371828286,0.0
88,25,91,9.986130992504538,0.3191471308333435,10.672209636080048,0.0
88,26,91,9.988147852398708,0.28682835512526295,10.672209636080048,0.0
88,27,91,9.995642124459089,0.24744316443358164,10.693021109246494,0.0
88,28,91,10.012048578890278,0.2993846833478291,10.778193799765504,0.0
88,29,91,10.016861809806803,0.29677475752013066,10.778193799765504,0.0
88,30,91,9.985949537773257,0.24742372984029593,10.648151676087295,0.0
88,31,91,9.916733689682873,0.31838325539759577,10.601845512991906,0.0
88,32,91,9.956769325741075,0.37245708853219883,10.764685611500026,0.0
88,33,91,10.053019212421527,0.36529768187573547,10.764685611500026,0.0
88,34,91,10.030170136342898,0.34337382133255534,10.682561319893141,0.0
88,35,91,9.981541245067778,0.30192121806591987,10.626412932753459,0.0
88,36,91,10.007518606307652,0.295203881006664,10.626412932753459,0.0
88,37,91,10.035323450108304,0.30455571211592053,10.55548825896877,0.0
88,38,91,10.053503627579731,0.33615053681751467,10.916491694287306,0.0
88,39,91,10.065845166652355,0.35329982508854146,10.916491694287306,0.0
88,40,91,9.996388768405229,0.3381061253871814,10.854102461267408,0.0
88,41,91,10.008014426121962,0.28604559280795494,10.603676728260771,0.0
88,42,91,10.030895450851105,0.2854978880079697,10.631339164810015,0.0
88,43,91,9.990414406956868,0.29413081355334414,10.631339164810015,0.0
88,44,91,9.997568175718467,0.3070846777204886,10.913217293769883,0.0
88,45,91,10.015078601222772,0.2854662672509459,10.913217293769883,0.0
88,46,91,10.021985620420097,0.26493442346997,10.67037867145709,0.0
89,0,90,10.063744585974812,0.29124392959420137,10.77969352691195,0.0
89,1,90,9.975812512865176,0.3115506325626412,10.659201286167416,0.0
89,2,90,9.98468828117638,0.3418105216899121,10.800321601786713,0.0
89,3,90,9.99798743779781,0.3054871918354147,10.800321601786713,0.0
89,4,90,9.925370489476345,0.287138196062158,10.505299285666302,0.0
89,5,90,9.906638705341578,0.2695143966997036,10.505299285666302,0.0
89,6,90,9.98474920300975,0.2662020812560755,10.564376084506565,0.0
89,7,90,9.985516416932308,0.30397421360120913,10.572429024822426,0.0
89,8,90,9.989229456853804,0.30460879926430595,10.572429024822426,0.0
89,9,90,10.038903526265186,0.30775272504374124,10.65649351136352,0.0
89,10,90,10.029507582718244,0.2874458952024498,10.65649351136352,0.0
89,11,90,10.036660653325361,0.3080245984327005,10.819508254038293,0.0
89,12,90,10.021936135952448,0.3627403290891347,10.819508254038293,0.0
89,13,90,10.031394273873312,0.33984695772379153,10.893909764787654,0.0
89,14,90,10.070148684816669,0.3116115846852218,10.893909764787654,0.0
89,15,90,10.065726030498741,0.3144942767281144,10.806369611602284,0.0
89,16,90,10.028924417799999,0.3017777152021373,10.806369611602284,0.0
89,17,90,10.030020471353488,0.27530887211946553,10.65085025823649,0.0
89,18,90,9.98916249649278,0.291314005073994,10.55350645515746,0.0
89,19,90,9.948882970822838,0.2662290232094396,10.551729739939884,0.0
89,20,90,9.991952148384348,0.25054584251273654,10.715424311384043,0.0
89,21,90,9.952287227232732,0.2790361938466412,10.715424311384043,0.0
89,22,90,9.964151483756828,0.2838940190068927,10.492345055848237,0.0
89,23,90,10.04333897075935,0.26367806741361594,10.48178345591962,0.0
89,24,90,10.025579161683961,0.2587519498728299,10.477290318831015,0.0
89,25,90,10.009204799502871,0.3024555805976207,10.725615214675056,0.0
89,26,90,9.957775763828904,0.3490665862611448,11.032130720274404,0.0
89,27,90,9.970581515308886,0.37069763498469116,11.032130720274404,0.0
89,28,90,10.002878646232308,0.35773159962619316,10.764269070453967,0.0
89,29,90,9.991236693036216,0.30868224479762685,10.71506686225469,0.0
89,30,90,10.044042875306802,0.2905216803348559,10.71506686225469,0.0
89,31,90,10.042650568254125,0.3057605141782659,10.777615909510784,0.0
89,32,90,10.033094703736975,0.2859035924524548,10.777615909510784,0.0
89,33,90,10.035883899847313,0.23128662257688856,10.501182114400763,0.0
89,34,90,10.066807379593188,0.2713604300055488,10.9340523809928,0.0
89,35,90,10.090432030760036,0.29456417829038667,10.9340523809928,0.0
89,36,90,10.04368249704174,0.27555122937742166,10.854340288529981,0.0
89,37,90,9.991254550071925,0.3197170247744785,10.854340288529981,0.0
89,38,90,10.008727465047954,0.30909099647184185,10.667798223239672,0.0
89,39,90,10.074480868885338,0.27045742742796597,10.772381804062436,0.0
89,40,90,10.084971359513508,0.32174908986310163,10.772381804062436,0.0
89,41,90,10.003924488076123,0.33009359991644605,10.637513277277897,0.0
89,42,90,9.98879229112924,0.3149915801941333,10.697642301732962,0.0
89,43,90,10.044732415911914,0.3366334189433764,10.704908720491652,0.0
89,44,90,10.045544506827525,0.31455941214301253,10.80477226490887,0.0
89,45,90,10.01047935787928,0.2692265304634856,10.80477226490887,0.0
89,46,90,10.03273457761613,0.3116040219761705,11.163872223513579,0.0
90,0,89,9.975059474258158,0.2597195337609158,10.498455354558002,0.0
90,1,89,10.016992830081211,0.26375382944795717,10.588957988091128,0.0
90,2,89,10.009327164184537,0.31607798781812707,10.68468547381573,0.0
90,3,89,9.96195332477871,0.28389456909853067,10.68468547381573,0.0
90,4,89,9.987956543682126,0.26396204941683316,10.52928240401712,0.0
90,5,89,9.961693632743303,0.28071902279416194,10.52928240401712,0.0
90,6,89,9.958333860386551,0.29665336929042596,10.764669912184646,0.0
90,7,89,10.029311989259657,0.36687724388529375,10.940818527746124,0.0
90,8,89,10.040562841509008,0.3592039029590357,10.940818527746124,0.0
90,9,89,9.993430923052728,0.2969248851039084,10.701201257210936,0.0
90,10,89,9.998053268590683,0.27735022777421997,10.696051841211935,0.0
90,11,89,9.999859195903968,0.2621990379086156,10.696051841211935,0.0
90,12,89,9.926221232451446,0.2820009715997318,10.632730432086603,0.0
90,13,89,9.966863988273541,0.2979933028687781,10.632730432086603,0.0
90,14,89,10.04193805662145,0.2965109699320577,10.75321231661939,0.0
90,15,89,10.025470614061886,0.3077058881870311,10.75321231661939,0.0
90,16,89,9.969019402319592,0.3116241750429688,10.68359388300594,0.0
90,17,89,9.951864189564043,0.2972119516804813,10.68359388300594,0.0
90,18,89,9.982485263010737,0.2716984686517727,10.707556637523545,0.0
90,19,89,9.970331646685471,0.2997953746291192,10.707556637523545,0.0
90,20,89,9.964738707713725,0.2992693087414795,10.57201377048746,0.0
90,21,89,10.035539049925559,0.2922083943854407,10.643690752259417,0.0
90,22,89,10.009917901951459,0.2949902362171571,10.643690752259417,0.0
90,23,89,9.954427494609549,0.2511233714632444,10.609267585115472,0.0
90,24,89,9.97607535562809,0.24826503976927214,10.609267585115472,0.0
90,25,89,9.974929620068771,0.3359397731969287,10.731370320828699,0.0
90,26,89,9.988563226268193,0.3300856372698186,10.747325907192296,0.0
90,27,89,10.006119040418238,0.25732761617023764,10.747325907192296,0.0
90,28,89,10.034193153031588,0.272594864975686,10.574425580045448,0.0
90,29,89,10.005545226973883,0.30255846888427046,10.574425580045448,0.0
90,30,89,10.007068743257593,0.3350475960307951,10.80063702975553,0.0
90,31,89,10.028969740080363,0.32771211093300046,10.80063702975553,0.0
90,32,89,9.979686477987835,0.30876750678212,10.621182295003027,0.0
90,33,89,10.009137669707323,0.27555542936878047,10.621182295003027,0.0
90,34,89,10.018208082674033,0.28554515249691986,10.7798854095904,0.0
90,35,89,9.977334885271517,0.32467035423823176,10.7798854095904,0.0
90,36,89,9.991335596420285,0.28910287122419054,10.58822955750139,0.0
90,37,89,10.007530389454335,0.2832832389775318,10.688503936913206,0.0
90,38,89,9.980984073170726,0.3174266136654368,10.688503936913206,0.0
90,39,89,9.968219715899627,0.28537364305370816,10.537450614415022,0.0
90,40,89,9.955164185038656,0.2603203352159397,10.43159738766922,0.0
90,41,89,9.936724340156239,0.3103363353468291,10.66093461460846,0.0
90,42,89,9.991154695480159,0.2969104850465568,10.80227908343217,0.0
90,43,89,10.015252961331035,0.30541002922128085,10.80227908343217,0.0
90,44,89,9.972059932931112,0.325614567666212,10.697126410722648,0.0
90,45,89,9.958278057841325,0.3327816027187169,10.80193168692644,0.0
90,46,89,10.009705576876664,0.31413009598663194,10.80193168692644,0.0
91,0,88,10.042115477703826,0.3286210465046699,10.805895852761893,0.0
91,1,88,10.06196919717552,0.2832196419861802,10.805895852761893,0.0
91,2,88,10.101144300183552,0.2912081346172934,10.701067262471271,0.0
91,3,88,10.082396906771955,0.3113390932694345,10.701067262471271,0.0
91,4,88,10.04900199909116,0.30350802287043355,10.723308145037839,0.0
91,5,88,10.067636513034593,0.2942516237867021,10.723308145037839,0.0
91,6,88,9.982454727367793,0.2436580128099309,10.441912970116933,0.0
91,7,88,10.005663257402258,0.3003100841881028,10.70132112487986,0.0
91,8,88,10.050261583666973,0.34252791300191504,10.70132112487986,0.0
91,9,88,10.046797436685784,0.3089758338143336,10.651857804693087,0.0
91,10,88,10.057144796681255,0.28871393667507955,10.651857804693087,0.0
91,11,88,10.019941551376174,0.3026094770807073,10.640828478701891,0.0
91,12,88,10.070710422340959,0.31449343253720435,10.740780884159067,0.0
91,13,88,10.062537962171925,0.2965553490392962,10.740780884159067,0.0
91,14,88,9.943361427423644,0.2755969462271471,10.526597207732474,0.0
91,15,88,10.01543409655377,0.37641725186968733,11.326708440686321,0.0
91,16,88,10.069698882765652,0.3568920723000579,11.326708440686321,0.0
91,17,88,9.99629172219857,0.28690738774635494,10.561309765188978,0.0
91,18,88,9.947826790718347,0.29807670495576516,10.713826416095912,0.0
91,19,88,10.007533046248067,0.3598808396376698,10.905746607361127,0.0
91,20,88,10.012132813000237,0.33823335653877845,10.905746607361127,0.0
91,21,88,9.983009118907708,0.27197926534864114,10.826263083906202,0.0
91,22,88,10.064177585407515,0.31606139476919715,10.826263083906202,0.0
91,23,88,10.054040707228104,0.34730774500205897,10.723766055236903,0.0
91,24,88,10.047003842848435,0.3339285871071461,10.723766055236903,0.0
91,25,88,10.05402503154698,0.2700810227342069,10.660028729522525,0.0
91,26,88,10.069375070649492,0.23042481031583303,10.71399534488008,0.0
91,27,88,10.097922913311896,0.24017353250447254,10.753968097767647,0.0
91,28,88,10.058766813136755,0.2737533885522279,10.753968097767647,0.0
91,29,88,10.076549504261873,0.3239703397123913,11.061858166687282,0.0
91,30,88,10.091178739543096,0.32350132441767254,11.061858166687282,0.0
91,31,88,10.040183531273291,0.2901964684642283,10.66230477972291,0.0
91,32,88,10.050543115062267,0.29436852285142495,10.520731047083594,0.0
91,33,88,10.07350489299376,0.29584408563683573,10.804918048225247,0.0
91,34,88,10.117339963165348,0.30564015361470753,10.851120253198852,0.0
91,35,88,10.142161826286845,0.3101173925361826,10.851120253198852,0.0
91,36,88,10.100232018030894,0.30391692902846296,10.835459584813671,0.0
91,37,88,10.100454874929278,0.3555815877550121,10.835459584813671,0.0
91,38,88,10.13176834369631,0.36234880360752914,10.76461355332628,0.0
91,39,88,10.138976847296016,0.2998016770576808,10.760189531352331,0.0
91,40,88,10.13849535357366,0.3329299048340316,11.156227349429765,0.0
91,41,88,10.06773087168897,0.3411826759940131,11.156227349429765,0.0
91,42,88,10.04053715305124,0.3002820554458438,10.811514521265979,0.0
91,43,88,10.12782978128657,0.3333910427726902,10.811514521265979,0.0
91,44,88,10.120303711193786,0.33923838259113914,10.758269909455876,0.0
91,45,88,10.059993049311057,0.3387750531499647,10.96189051759772,0.0
91,46,88,9.979430115522907,0.33204233404955874,10.96189051759772,0.0
92,0,87,10.070184959890417,0.3288912869969205,10.90586241565077,0.0
92,1,87,10.051515073382598,0.30315797840890174,10.757054315200115,0.0
92,2,87,10.060549457516961,0.33315779406276286,10.695700358174307,0.0
92,3,87,10.089833842564405,0.3482969869683493,10.927292450330519,0.0
92,4,87,10.151806000027651,0.3120109678487206,10.937620731993775,0.0
92,5,87,10.094355329451124,0.31657817490358153,10.937620731993775,0.0
92,6,87,10.046226986133592,0.38937628571946553,10.819090021468242,0.0
92,7,87,10.100844401468315,0.38117193834399854,10.974410450860992,0.0
92,8,87,10.081323968904265,0.3523061730531155,10.974410450860992,0.0
92,9,87,10.0741428956645,0.3064199404525364,10.741901938101417,0.0
92,10,87,10.10433428408078,0.25701592239921134,10.72491606977428,0.0
92,11,87,10.151832765637396,0.2786812651603515,10.775400565281812,0.0
92,12,87,10.176195479296453,0.2912403831460486,10.775400565281812,0.0
92,13,87,10.124902498848797,0.30331884162387285,10.708077029813497,0.0
92,14,87,10.143038639363793,0.28549325908774814,10.734944277453659,0.0
92,15,87,10.154038564695643,0.3232009079138293,10.8573574688991,0.0
92,16,87,10.165572728548527,0.3616588771036451,11.108834440953244,0.0
92,17,87,10.17104340473528,0.35423694914367176,11.108834440953244,0.0
92,18,87,10.101109902816939,0.3398672924200968,10.828633361641414,0.0
92,19,87,10.078211057318727,0.3058633077367237,10.668437609636602,0.0
92,20,87,10.106492702071005,0.3259644841367455,10.641018935284057,0.0
92,21,87,10.07864013921858,0.35032142157308493,10.808821465828766,0.0
92,22,87,10.092307036062902,0.3021958967940067,10.808821465828766,0.0
92,23,87,10.131662620976403,0.3210564684997198,10.699723544791958,0.0
92,24,87,10.126840667738783,0.3547188284166473,10.77748710808645,0.0
92,25,87,10.098700324355512,0.31785693425995254,10.77748710808645,0.0
92,26,87,10.110035875037731,0.325286174832305,11.212526254369877,0.0
92,27,87,10.112217684351485,0.3131642110415722,11.212526254369877,0.0
92,28,87,10.133282170357008,0.2708648042115957,10.713286878858685,0.0
92,29,87,10.168877231299188,0.2909837379796282,10.713286878858685,0.0
92,30,87,10.102058413337438,0.32361393612172035,10.916585294640143,0.0
92,31,87,10.091721752668288,0.2967368979877798,10.916585294640143,0.0
92,32,87,10.064252494045064,0.3481631420469504,10.869056461796495,0.0
92,33,87,10.036774970919309,0.3586359739144851,10.869056461796495,0.0
92,34,87,10.029558951270264,0.33349205998541526,11.047046832003034,0.0
92,35,87,10.06208737451779,0.34150864493371447,11.047046832003034,0.0
92,36,87,10.186977232802185,0.28569910637995677,10.893869393381506,0.0
92,37,87,10.1726441507871,0.3024036771060171,11.005229126829692,0.0
92,38,87,10.10190013861268,0.358213731809884,11.005229126829692,0.0
92,39,87,10.10472567301709,0.3490218137743902,10.871835037096778,0.0
92,40,87,10.089526340248366,0.3170490127352873,10.853993105045436,0.0
92,41,87,10.097173310114423,0.3310574597034017,10.716248688769861,0.0
92,42,87,10.146091034331276,0.29857658310953045,10.749095053266174,0.0
92,43,87,10.132611875936867,0.28954290356301415,10.749095053266174,0.0
92,44,87,10.135284293083611,0.28306015959807435,10.710295066220528,0.0
92,45,87,10.128650239154524,0.2815450846521976,10.750906252185572,0.0
92,46,87,10.074856794930863,0.3205443956032395,10.917266938864877,0.0
93,0,86,10.130223265177966,0.3329801801834434,10.859829211759873,0.0
93,1,86,10.15402778808889,0.3312494547306832,10.859829211759873,0.0
93,2,86,10.18474570458691,0.34285242009220895,11.044337560224246,0.0
93,3,86,10.136247754189272,0.31926517122883064,11.044337560224246,0.0
93,4,86,10.116077148709241,0.2758441130990707,10.867061437644299,0.0
93,5,86,10.183722396521919,0.28410995072185885,10.867061437644299,0.0
93,6,86,10.202100009427415,0.30605998735192336,10.695370769522793,0.0
93,7,86,10.165211493492636,0.2825564992208295,10.695370769522793,0.0
93,8,86,10.112943059006696,0.2967707490641507,10.682311086529015,0.0
93,9,86,10.1114091165451,0.31326924447511084,10.70218235512612,0.0
93,10,86,10.124640675055813,0.26091331445911314,10.70218235512612,0.0
93,11,86,10.083606462138354,0.2898845160912346,11.033305009797346,0.0
93,12,86,10.113426958393623,0.3465165696260055,11.033305009797346,0.0
93,13,86,10.128351987726342,0.349163053362071,10.884132365172286,0.0
93,14,86,10.084595788485903,0.34672707304997485,10.884132365172286,0.0
93,15,86,10.111401741293886,0.34339414886506264,10.767518450104351,0.0
93,16,86,10.169488724182358,0.3597863682313193,10.993288520810435,0.0
93,17,86,10.19695960319713,0.3565478485740343,10.995914102195583,0.0
93,18,86,10.125202013982243,0.33343187147777703,10.995914102195583,0.0
93,19,86,10.074825089551727,0.31942928198965687,10.956820424884418,0.0
93,20,86,10.06681889056169,0.3078462185231042,10.88707424204731,0.0
93,21,86,10.116726558630495,0.3167875990684838,10.799069467958365,0.0
93,22,86,10.252272660029796,0.33154707495024655,10.802455032568844,0.0
93,23,86,10.275173884769483,0.34564140571160357,11.075637991086392,0.0
93,24,86,10.18443108503233,0.33965186503030903,11.075637991086392,0.0
93,25,86,10.170579154787259,0.3452269111073846,11.035981183181788,0.0
93,26,86,10.21476302063438,0.39135388095356993,11.128988708717179,0.0
93,27,86,10.16963258379446,0.3606760757074964,11.128988708717179,0.0
93,28,86,10.16626491278841,0.2999226987437807,10.883059856897477,0.0
93,29,86,10.18594007679565,0.34295274835902695,11.048771840323257,0.0
93,30,86,10.17104326153348,0.350698410177394,11.048771840323257,0.0
93,31,86,10.185793210571418,0.3575424152309016,10.958756741003583,0.0
93,32,86,10.196817018016059,0.35139859353358605,10.924329440751967,0.0
93,33,86,10.132875285750602,0.3161379533459473,10.80548901736088,0.0
93,34,86,10.066694213807766,0.3323116104750112,10.873924865678172,0.0
93,35,86,10.073695369987668,0.347544199660082,10.873924865678172,0.0
93,36,86,10.155823850387602,0.32002394364953035,10.795042141579561,0.0
93,37,86,10.206541466682603,0.28124755399589296,10.795042141579561,0.0
93,38,86,10.085563131367257,0.3428038962507348,10.759074940482396,0.0
93,39,86,10.110758039333144,0.37126708237635464,10.75639931759545,0.0
93,40,86,10.156895771094625,0.3919756544792764,10.818810240883757,0.0
93,41,86,10.140066005319488,0.3763423889541853,10.979271084480967,0.0
93,42,86,10.154252699960221,0.2962028847062279,10.979271084480967,0.0
93,43,86,10.122234660202558,0.28315715468114727,10.871222261408935,0.0
93,44,86,10.144799799313661,0.3394295667927091,11.265711686497113,0.0
93,45,86,10.162373263910178,0.3994546520899931,11.265711686497113,0.0
93,46,86,10.112372285257061,0.3537560642264057,10.850685156956217,0.0
94,0,85,10.253799138084132,0.27623393414316205,10.741597096890196,0.0
94,1,85,10.276905351728207,0.2713717441872743,10.870010713979378,0.0
94,2,85,10.220522135112963,0.305266148552351,10.870010713979378,0.0
94,3,85,10.178108094951037,0.3101970999087186,10.875703676820892,0.0
94,4,85,10.194606574523554,0.3292332840400596,11.329966886524753,0.0
94,5,85,10.195816915718602,0.33499350643951414,11.329966886524753,0.0
94,6,85,10.169187542228343,0.33948082172569877,10.738059369565635,0.0
94,7,85,10.149514652758045,0.3548079162808994,10.995709679342045,0.0
94,8,85,10.176475202554439,0.34162739667820385,10.995709679342045,0.0
94,9,85,10.219721958302365,0.3408610480227491,10.890850891756905,0.0
94,10,85,10.16611013973073,0.3262146835007087,10.890850891756905,0.0
94,11,85,10.178659250317128,0.31637730049474105,10.807760913822124,0.0
94,12,85,10.251523960879632,0.30310007481369494,10.807760913822124,0.0
94,13,85,10.232968949548221,0.3244365267059548,10.870068786154452,0.0
94,14,85,10.17439091539239,0.3055179329705194,10.870068786154452,0.0
94,15,85,10.138418290066042,0.3094189007866712,10.994935092553774,0.0
94,16,85,10.184481141940086,0.32201461661437053,10.994935092553774,0.0
94,17,85,10.209015096201643,0.2772172689212414,10.873279409456789,0.0
94,18,85,10.191859337085878,0.2968331267002524,10.873279409456789,0.0
94,19,85,10.221066338210688,0.31056013772858826,10.887041222725006,0.0
94,20,85,10.185971164422543,0.34954363976466113,10.887041222725006,0.0
94,21,85,10.148144146989294,0.3228285533884106,10.819486777522222,0.0
94,22,85,10.183203886331928,0.28375193298587836,10.911139491193504,0.0
94,23,85,10.199549437418813,0.3074230151348217,10.911139491193504,0.0
94,24,85,10.196072040034284,0.3148461947998507,10.883853634471373,0.0
94,25,85,10.211837320321507,0.3408182884654695,11.035889561624257,0.0
94,26,85,10.245177048165294,0.3597105570857115,11.224151947965547,0.0
94,27,85,10.209564747644688,0.3595347022759574,11.224151947965547,0.0
94,28,85,10.203105107043031,0.3353832780795139,10.94847240806494,0.0
94,29,85,10.247344583133584,0.30603406592479226,10.94847240806494,0.0
94,30,85,10.22585453090485,0.38654328752211964,11.105687826550835,0.0
94,31,85,10.136343537935293,0.4439933418427937,11.105687826550835,0.0
94,32,85,10.142071686677404,0.40632699016396295,11.174870967921574,0.0
94,33,85,10.231995118672112,0.36746620941080177,11.174870967921574,0.0
94,34,85,10.185636276168006,0.34855075691247267,10.89209148884603,0.0
94,35,85,10.186688514335877,0.34138233470585405,11.112059445980504,0.0
94,36,85,10.211794005177666,0.30113956929129987,11.112059445980504,0.0
94,37,85,10.205055989364018,0.3115596124271532,10.827713618457329,0.0
94,38,85,10.19683758098863,0.37866588734073864,10.958536602123905,0.0
94,39,85,10.138952666935038,0.36045645527225945,10.958536602123905,0.0
94,40,85,10.106807114027843,0.34287046432302903,11.064772584420265,0.0
94,41,85,10.151071104399504,0.3403462001598417,11.064772584420265,0.0
94,42,85,10.16460326683554,0.36203253292938026,10.827177865352139,0.0
94,43,85,10.22290848370484,0.4046146460019164,11.14147414672268,0.0
94,44,85,10.342098504195548,0.3237253621452591,11.14147414672268,0.0
94,45,85,10.28687907762917,0.3169789884189218,10.993646965028047,0.0
94,46,85,10.257476303754506,0.3681488965658217,10.993646965028047,0.0
95,0,84,10.202775285733908,0.31082430050631754,10.873588098929869,0.0
95,1,84,10.174932405844292,0.3693453034773023,11.051170824428135,0.0
95,2,84,10.19426796498314,0.3634159347653306,11.051170824428135,0.0
95,3,84,10.247031905056122,0.3323407641259547,11.112501418730268,0.0
95,4,84,10.297909042981017,0.33489229503724244,11.112501418730268,0.0
95,5,84,10.300994881774674,0.30859819067440375,11.142459443636128,0.0
95,6,84,10.283535235902947,0.3421665971620133,11.142459443636128,0.0
95,7,84,10.286687882478839,0.3819478960568069,11.138322084099181,0.0
95,8,84,10.304402065939255,0.39840409892168854,11.138322084099181,0.0
95,9,84,10.315259828309202,0.3782393966245358,11.023767484747488,0.0
95,10,84,10.293294547781889,0.2991912997914298,11.009617579603962,0.0
95,11,84,10.240817882791669,0.2758410221420318,11.184507748209853,0.0
95,12,84,10.305064452085428,0.3588991923865656,11.184507748209853,0.0
95,13,84,10.32176857885661,0.3656759841504291,11.176463388571703,0.0
95,14,84,10.280557167153315,0.36966398027172687,11.085397884167275,0.0
95,15,84,10.23988766520887,0.41375682580781914,11.085397884167275,0.0
95,16,84,10.231689668492105,0.40137921525538384,11.070217083592063,0.0
95,17,84,10.267700668163165,0.36756921307999124,11.070217083592063,0.0
95,18,84,10.24865342909572,0.3648788422562866,10.862607388039121,0.0
95,19,84,10.255095102732122,0.355698734579238,10.92088495435263,0.0
95,20,84,10.237364557883904,0.3521637439650185,10.92088495435263,0.0
95,21,84,10.221734911655481,0.3337422893005495,10.718861886782026,0.0
95,22,84,10.280827523146618,0.31899043801030263,10.967412304971251,0.0
95,23,84,10.31270057249191,0.31277751566412954,10.967412304971251,0.0
95,24,84,10.2916870326193,0.313044296547393,10.964044764062834,0.0
95,25,84,10.2833668419017,0.35871715117987135,11.038233045446793,0.0
95,26,84,10.280932571159887,0.3531573660982733,11.038233045446793,0.0
95,27,84,10.286077820414015,0.34442778631419935,10.964765875966247,0.0
95,28,84,10.284960331239771,0.365380909679695,11.205670506541665,0.0
95,29,84,10.238015112390126,0.3450874199212641,11.205670506541665,0.0
95,30,84,10.208425387292598,0.3154381842573694,10.978241974843877,0.0
95,31,84,10.217388086480565,0.2843548354036024,10.831689329977554,0.0
95,32,84,10.292652470176103,0.38391397285979023,11.409760527643037,0.0
95,33,84,10.285842186109136,0.45133599656954226,11.409760527643037,0.0
95,34,84,10.26744862778752,0.397946344865345,11.300686893583341,0.0
95,35,84,10.314855320105076,0.37713545457498665,11.300686893583341,0.0
95,36,84,10.276762408314212,0.3460792357116798,11.235760420438957,0.0
95,37,84,10.260351872240125,0.3704212700134377,11.422429728539853,0.0
95,38,84,10.232949562858245,0.3877146389219276,11.422429728539853,0.0
95,39,84,10.251134959404217,0.3521571064521075,11.205332353158527,0.0
95,40,84,10.306285867686086,0.38905485343700946,11.205332353158527,0.0
95,41,84,10.25542818460448,0.35876646040298493,11.097591721087548,0.0
95,42,84,10.176895783850108,0.2763842184575404,10.795312434112372,0.0
95,43,84,10.257391524311252,0.32578169659458145,10.998613725080673,0.0
95,44,84,10.27413168207654,0.36842602770503324,10.998613725080673,0.0
95,45,84,10.187053428920294,0.3895627949357533,11.1455108188398,0.0
95,46,84,10.25977538190918,0.3631523239189183,11.1455108188398,0.0
96,0,83,10.34312386702321,0.3128777442893473,11.2383992537381,0.0
96,1,83,10.272390842216268,0.3498851471980615,11.2383992537381,0.0
96,2,83,10.276070552205683,0.3378617928233894,11.266076595559515,0.0
96,3,83,10.31985676615234,0.3251725740922915,11.266076595559515,0.0
96,4,83,10.294651515102316,0.31808884166843626,11.002383838677197,0.0
96,5,83,10.289731823753879,0.3406150244691324,11.002383838677197,0.0
96,6,83,10.300305406622352,0.3633693024003996,10.982047174102782,0.0
96,7,83,10.347457708794837,0.3634508473128621,11.103581669771245,0.0
96,8,83,10.368633750252291,0.3338500431452173,11.103581669771245,0.0
96,9,83,10.273097722816733,0.33178048979854374,10.929220642417523,0.0
96,10,83,10.251226937583018,0.3170344483722096,10.802002064485409,0.0
96,11,83,10.37307817562792,0.3618660871544071,11.316503742998096,0.0
96,12,83,10.390244740200242,0.38467431259572094,11.316503742998096,0.0
96,13,83,10.315302795186664,0.33601731515938343,11.141442657381265,0.0
96,14,83,10.290611675861514,0.3007001456460145,10.8840990705474,0.0
96,15,83,10.275718794503128,0.3385746097294432,11.184747871760884,0.0
96,16,83,10.270189447655692,0.3801404190801527,11.211632841607589,0.0
96,17,83,10.33032650599223,0.3663256962932197,11.211632841607589,0.0
96,18,83,10.353511540466073,0.3202642024761399,11.11891287220939,0.0
96,19,83,10.328663906552189,0.3219264878697532,11.03873913065817,0.0
96,20,83,10.297301043033055,0.37584570365160774,11.088805388136523,0.0
96,21,83,10.260536432545063,0.38998376026325166,11.099180409436075,0.0
96,22,83,10.302002704257303,0.3825446427416044,11.099180409436075,0.0
96,23,83,10.250299479650716,0.35830442303474475,11.012782984763318,0.0
96,24,83,10.207227481491836,0.31364370622837096,10.856601094561716,0.0
96,25,83,10.250586804768796,0.33976157351009806,11.139543096546353,0.0
96,26,83,10.297314523971695,0.3754307110758446,11.283253815717323,0.0
96,27,83,10.365170803979717,0.39461023325381267,11.550706594887762,0.0
96,28,83,10.382328763082242,0.4190107317127693,11.550706594887762,0.0
96,29,83,10.319049643424052,0.41505281046810294,11.489003579134346,0.0
96,30,83,10.277581386974102,0.3431329064484573,11.180495405455929,0.0
96,31,83,10.303381148835568,0.3460473737987489,11.100663220103188,0.0
96,32,83,10.371427825604306,0.407529896660383,11.224614185584185,0.0
96,33,83,10.357158736188483,0.42256437337000513,11.224614185584185,0.0
96,34,83,10.299562847824214,0.37829842131375513,11.17019330601213,0.0
96,35,83,10.299481877663851,0.3727848407051815,11.063203508616722,0.0
96,36,83,10.325860621692208,0.432200154278532,11.260404376347893,0.0
96,37,83,10.418299022289222,0.42973509564117157,11.431952777544373,0.0
96,38,83,10.416976194096899,0.41704023285698655,11.587044640600048,0.0
96,39,83,10.341034432746826,0.37462944676558035,11.587044640600048,0.0
96,40,83,10.308276712485428,0.34047431196148414,11.0215067634544,0.0
96,41,83,10.316937005476916,0.3418047946365725,11.0215067634544,0.0
96,42,83,10.270353244645069,0.391953151668363,11.207450919373905,0.0
96,43,83,10.265492328555867,0.4050864986753302,11.207450919373905,0.0
96,44,83,10.354051096674855,0.36207148051659027,11.206896186886558,0.0
96,45,83,10.384861685625149,0.32144735656780654,10.982935901309569,0.0
96,46,83,10.345196774474655,0.34497560435785,11.245232026878195,0.0
97,0,82,10.27060101648055,0.35305065765507704,11.044677391324218,0.0
97,1,82,10.32192860229039,0.3811687156464765,11.102889504219117,0.0
97,2,82,10.370531064195092,0.41213469573844635,11.199243984071297,0.0
97,3,82,10.358789080233258,0.46027221776247706,11.199243984071297,0.0
97,4,82,10.329344629852866,0.4421067292657609,11.054740206914255,0.0
97,5,82,10.33786147561167,0.38888767528813906,11.101986077676798,0.0
97,6,82,10.403681426144571,0.35899050418677014,11.204817297740044,0.0
97,7,82,10.348368392922481,0.3454634880680542,11.204817297740044,0.0
97,8,82,10.316635808818928,0.3435184959651344,10.96219633923484,0.0
97,9,82,10.409086628867998,0.39964091796602047,11.254267087289156,0.0
97,10,82,10.431251591326047,0.3864987382840314,11.454504528927608,0.0
97,11,82,10.405972189110244,0.36705129853839563,11.454504528927608,0.0
97,12,82,10.422680209190252,0.3509976968547748,11.137632133745264,0.0
97,13,82,10.329214351535592,0.3665623230316397,11.137632133745264,0.0
97,14,82,10.285340500163466,0.36057695726283906,11.072737544645623,0.0
97,15,82,10.320645747121063,0.33890617630183945,11.072737544645623,0.0
97,16,82,10.381412888478994,0.35436597450790436,11.083526759128462,0.0
97,17,82,10.389051857078323,0.3722171161113849,11.083526759128462,0.0
97,18,82,10.419025949604398,0.395937813423903,11.517391903314248,0.0
97,19,82,10.328987198343274,0.39215353461598595,11.517391903314248,0.0
97,20,82,10.259801807899404,0.34230210897711105,11.06987586221377,0.0
97,21,82,10.343644516843995,0.37672114412522495,11.250449249256045,0.0
97,22,82,10.393106473547345,0.39083413747465906,11.250449249256045,0.0
97,23,82,10.478871239860325,0.3922490210976312,11.354827040818838,0.0
97,24,82,10.449338345716024,0.3865465201652816,11.354827040818838,0.0
97,25,82,10.367664372523295,0.3148006206047903,11.010673065844129,0.0
97,26,82,10.339344147111255,0.3300396362556554,11.254809264700368,0.0
97,27,82,10.380632503536845,0.42173834370598007,11.405553129772073,0.0
97,28,82,10.370499322753147,0.41667621933411386,11.405553129772073,0.0
97,29,82,10.352418571894853,0.43719786102313196,11.506258847601371,0.0
97,30,82,10.39740979181896,0.39555533457634945,11.506258847601371,0.0
97,31,82,10.379442540463687,0.32266900700727796,10.982569348988177,0.0
97,32,82,10.342497742690163,0.3589524939373282,11.084412481305446,0.0
97,33,82,10.403176587405024,0.35336063371899107,11.084412481305446,0.0
97,34,82,10.403883078038724,0.358740768123862,11.040562996256364,0.0
97,35,82,10.36529280240565,0.3332333359040642,11.180059137217235,0.0
97,36,82,10.373081120986535,0.34264330570877816,11.180059137217235,0.0
97,37,82,10.39196388613028,0.3756566789319626,11.465590122165858,0.0
97,38,82,10.428647527898054,0.4087561287728889,11.465590122165858,0.0
97,39,82,10.377990607926533,0.3524382829497567,11.087909783941097,0.0
97,40,82,10.28656318226781,0.34265359212237095,11.119260897589227,0.0
97,41,82,10.297466605775996,0.3864401477043001,11.119260897589227,0.0
97,42,82,10.349390294913704,0.41254712993969456,11.731767369368997,0.0
97,43,82,10.327831017710592,0.4263768178119939,11.731767369368997,0.0
97,44,82,10.27668298129341,0.34805813799216045,11.079984621538635,0.0
97,45,82,10.322883993672257,0.33041386027868674,11.333614430706742,0.0
97,46,82,10.36046216491527,0.3255299277181031,11.333614430706742,0.0
98,0,81,10.455084346455674,0.34656895830568857,11.251902640768881,0.0
98,1,81,10.437284291159267,0.3445994794158948,11.393785523035433,0.0
98,2,81,10.462862707222483,0.3682783735626601,11.393785523035433,0.0
98,3,81,10.474826307779972,0.33064631663587574,11.11646020132182,0.0
98,4,81,10.462094430626113,0.341344218257523,11.4848593084089,0.0
98,5,81,10.425653648347273,0.3819895528774189,11.598996728737246,0.0
98,6,81,10.399159853957462,0.42086374195280035,11.598996728737246,0.0
98,7,81,10.373540403901941,0.4430878655934448,11.31022424793964,0.0
98,8,81,10.460542289256104,0.39212452021666055,11.31022424793964,0.0
98,9,81,10.503627805179569,0.3674295129338658,11.183088674620032,0.0
98,10,81,10.495352428602782,0.35633181388797736,11.517054907397174,0.0
98,11,81,10.457917576765968,0.3498834815251989,11.517054907397174,0.0
98,12,81,10.352212550071341,0.3869732276424698,11.138617850386854,0.0
98,13,81,10.372294941191274,0.4658933793481674,11.640967876241517,0.0
98,14,81,10.441162890720431,0.4612401086473984,11.640967876241517,0.0
98,15,81,10.369814492842478,0.3774758462737295,11.229661758744545,0.0
98,16,81,10.30496297408488,0.36243453961412164,11.039126572423228,0.0
98,17,81,10.389153821424834,0.3796773850850723,11.324647885457765,0.0
98,18,81,10.485490415721546,0.40113980202409877,11.324647885457765,0.0
98,19,81,10.415578646418208,0.3888274531050304,11.121210755430452,0.0
98,20,81,10.354855039127488,0.3740898722544852,11.223255847695043,0.0
98,21,81,10.433871200908689,0.376855295637349,11.407998092736932,0.0
98,22,81,10.401427502888112,0.3606839466185737,11.407998092736932,0.0
98,23,81,10.35789586807663,0.3530627339787346,11.30082838933318,0.0
98,24,81,10.371979145452745,0.3360282670750489,11.130013820273664,0.0
98,25,81,10.341290619025388,0.3204337178702687,11.196945891155163,0.0
98,26,81,10.267364115254383,0.34199617814618416,11.196945891155163,0.0
98,27,81,10.266472728840661,0.3493379232487323,11.04071961884135,0.0
98,28,81,10.363609949217153,0.3782658762526182,11.372448709838872,0.0
98,29,81,10.406365737257051,0.3808597445735023,11.372448709838872,0.0
98,30,81,10.485141033511567,0.3483917925490511,11.39768285057963,0.0
98,31,81,10.478023391045358,0.46039056213999485,11.39768285057963,0.0
98,32,81,10.416350681475949,0.4553717945915506,11.35393448534777,0.0
98,33,81,10.419542315273784,0.37781714255639326,11.523381307699708,0.0
98,34,81,10.377792312358027,0.42442890600714495,11.523381307699708,0.0
98,35,81,10.410839535378248,0.4067204866793672,11.187421746314502,0.0
98,36,81,10.431945687444836,0.4155972418100485,11.40952162717202,0.0
98,37,81,10.36729771789293,0.44996055998546214,11.40952162717202,0.0
98,38,81,10.370123884834545,0.41472699609274394,11.127198177167903,0.0
98,39,81,10.396392186135948,0.4329919956086352,11.451938287283223,0.0
98,40,81,10.403976472000073,0.4149611720333766,11.451938287283223,0.0
98,41,81,10.425472123607955,0.410988702957167,11.255174491000432,0.0
98,42,81,10.40029369198231,0.44519276043312545,11.255174491000432,0.0
98,43,81,10.411862886724464,0.40165512177721746,11.230396015109946,0.0
98,44,81,10.437760976773184,0.4269760999514524,11.413861701116886,0.0
98,45,81,10.389354393362165,0.38656092183025803,11.413861701116886,0.0
98,46,81,10.382762703920084,0.3303196716408561,11.156841320053779,0.0
99,0,80,10.539934263959987,0.4056177015517828,11.334067705608469,0.0
99,1,80,10.447592338557744,0.4081821131328975,11.334067705608469,0.0
99,2,80,10.426491553941126,0.41788701143273815,11.213719927959378,0.0
99,3,80,10.474456224531911,0.44400905806990437,11.49007020518655,0.0
99,4,80,10.465802495057995,0.41491177399621715,11.49007020518655,0.0
99,5,80,10.46142783937647,0.4019475744599444,11.510877287420517,0.0
99,6,80,10.452742091296232,0.42977953551563713,11.510877287420517,0.0
99,7,80,10.407242703516285,0.36275782393287354,11.106482909890351,0.0
99,8,80,10.434334327455682,0.3309586333304046,11.24126595345302,0.0
99,9,80,10.459443704813898,0.37552664730463686,11.24126595345302,0.0
99,10,80,10.456338655531567,0.41016816792549443,11.363798819030835,0.0
99,11,80,10.452374885175178,0.4104334395535895,11.363798819030835,0.0
99,12,80,10.47100432917428,0.37234382182596165,11.165718022865075,0.0
99,13,80,10.459697958223458,0.3714430586804626,11.212350924600246,0.0
99,14,80,10.438430146871237,0.3742479159374723,11.317710997215613,0.0
99,15,80,10.413092417925213,0.3816521056490929,11.317710997215613,0.0
99,16,80,10.399764797046235,0.3412415805173664,11.05713309456596,0.0
99,17,80,10.451934604443656,0.37604207888840185,11.151340110276829,0.0
99,18,80,10.45681741607303,0.411871160144309,11.151340110276829,0.0
99,19,80,10.450264158433166,0.37817068157756734,11.284217739960074,0.0
99,20,80,10.447255051984332,0.398296297227322,11.284217739960074,0.0
99,21,80,10.465703349258469,0.40440857033182476,11.25321147625574,0.0
99,22,80,10.551578748989762,0.4378860803072161,11.615459587972033,0.0
99,23,80,10.52605446428023,0.4739175142187697,11.615459587972033,0.0
99,24,80,10.49477969838215,0.42869964616024825,11.321719491145581,0.0
99,25,80,10.501505240657753,0.36706506345190604,11.321719491145581,0.0
99,26,80,10.414125097414756,0.3781997981260796,11.222658282934438,0.0
99,27,80,10.466347909156951,0.4140985392526738,11.222658282934438,0.0
99,28,80,10.517619557879314,0.40013429477761997,11.144829625243808,0.0
99,29,80,10.442626315677842,0.3970934046716162,11.083256909758672,0.0
99,30,80,10.495829627600425,0.3623872276427161,11.210717756782541,0.0
99,31,80,10.50421850786788,0.38233563369863566,11.347964359690708,0.0
99,32,80,10.438219753882338,0.3741973448747091,11.347964359690708,0.0
99,33,80,10.425283995147783,0.33347085985069796,11.360856683068583,0.0
99,34,80,10.399353946918623,0.4450601848343945,11.360856683068583,0.0
99,35,80,10.421578951479805,0.45999329175696624,11.25307434776881,0.0
99,36,80,10.492512330226381,0.3941929857001431,11.482598579372793,0.0
99,37,80,10.503734319404698,0.3700293558266441,11.482598579372793,0.0
99,38,80,10.35198106607908,0.36825325965796774,11.26273757362037,0.0
99,39,80,10.299252582488046,0.4301292653299819,11.166535368756932,0.0
99,40,80,10.430860303949945,0.45499056188090226,11.569899032289214,0.0
99,41,80,10.542664871276036,0.3961824564472361,11.569899032289214,0.0
99,42,80,10.48245479273459,0.4024126733638562,11.50321461923886,0.0
99,43,80,10.457674490971392,0.38580541179039013,11.285737935503061,0.0
99,44,80,10.485328255744843,0.3691133033069319,11.421555011640743,0.0
99,45,80,10.438120975431904,0.41054562882163176,11.421555011640743,0.0
99,46,80,10.447494589590757,0.41349546404892645,11.200629941173109,0.0
100,0,79,10.507217438848054,0.41388990309948287,11.560295577187423,0.0
100,1,79,10.478985403496004,0.37979018724453173,11.325930173879497,0.0
100,2,79,10.49621695069835,0.38325318101944944,11.58232362935246,0.0
100,3,79,10.51530432334388,0.37044139253643676,11.58232362935246,0.0
100,4,79,10.464769923661454,0.37118129230604696,11.385437246444793,0.0
100,5,79,10.446876464674627,0.4235753922864471,11.420591412898832,0.0
100,6,79,10.452528295145537,0.3897027159788805,11.420591412898832,0.0
100,7,79,10.438309722621634,0.3622902699548586,11.316431456493499,0.0
100,8,79,10.43893787612621,0.41445330372390904,11.470117059686075,0.0
100,9,79,10.474217928378827,0.4378307830717645,11.470117059686075,0.0
100,10,79,10.5305529176738,0.4554746938811694,11.54332005785153,0.0
100,11,79,10.563848541737917,0.41598023051190497,11.54332005785153,0.0
100,12,79,10.499956391848777,0.4626260741108802,11.272874628473211,0.0
100,13,79,10.490562783454738,0.5350308395061631,11.573875751110165,0.0
100,14,79,10.573323044538967,0.4784206783343345,11.614495507722387,0.0
100,15,79,10.55616325610229,0.44547538182464935,11.721343693941314,0.0
100,16,79,10.496793130281551,0.42484472544283797,11.721343693941314,0.0
100,17,79,10.564328213758056,0.411268607660971,11.495438541346061,0.0
100,18,79,10.56843537705911,0.4408493385733987,11.495438541346061,0.0
100,19,79,10.494417797126504,0.39609764042784146,11.397148688269397,0.0
100,20,79,10.533796478922484,0.42229128841463404,11.52368820885611,0.0
100,21,79,10.512431263385333,0.4549252873106138,11.52368820885611,0.0
100,22,79,10.49627065014549,0.41200540737264846,11.401246954731077,0.0
100,23,79,10.505857343362536,0.40014760631893176,11.721015344754326,0.0
100,24,79,10.492118140616043,0.37227090812449143,11.721015344754326,0.0
100,25,79,10.516059371256649,0.40824152234004635,11.31165832659764,0.0
100,26,79,10.616433478728634,0.4660864024065886,11.91903127596515,0.0
100,27,79,10.60306744652951,0.4504475782627319,11.91903127596515,0.0
100,28,79,10.521711580580261,0.3913411700060616,11.452200073926294,0.0
100,29,79,10.522436081367733,0.3925994510487476,11.361253864809068,0.0
100,30,79,10.502824099928834,0.3779487711609043,11.361253864809068,0.0
100,31,79,10.54978297504714,0.34061010315549173,11.228056394260587,0.0
100,32,79,10.568722361098503,0.3785536537906059,11.251777965379928,0.0
100,33,79,10.519820370338346,0.41733921574901445,11.428208050826212,0.0
100,34,79,10.530789099037843,0.47279556885225676,11.428208050826212,0.0
100,35,79,10.623506404608454,0.4376612008652092,11.557364429867095,0.0
100,36,79,10.5625297106788,0.37291548638105704,11.557364429867095,0.0
100,37,79,10.452767942427242,0.36106182583214674,11.21134376350704,0.0
100,38,79,10.478182240760313,0.34858363505056067,11.21134376350704,0.0
100,39,79,10.533550662216646,0.3788570065684571,11.615624099749649,0.0
100,40,79,10.461613109771243,0.4294916725908297,11.615624099749649,0.0
100,41,79,10.379163224332475,0.41564281231419015,11.174029667428387,0.0
100,42,79,10.43533138771533,0.4128076877294862,11.223239183314169,0.0
100,43,79,10.489052802395372,0.4525094537273546,11.78285143208104,0.0
100,44,79,10.508538759096561,0.4388335263307732,11.78285143208104,0.0
100,45,79,10.568976180273795,0.3852825663576948,11.42480906504262,0.0
100,46,79,10.592885835537007,0.4014944687380274,11.42480906504262,0.0
101,0,78,10.487779913925195,0.4243286959441498,11.309626880138778,0.0
101,1,78,10.565670157458067,0.48428161757471094,11.732487034268122,0.0
101,2,78,10.597437082222058,0.5086242144873542,11.732487034268122,0.0
101,3,78,10.564651755361268,0.45977483402690217,11.442723503737675,0.0
101,4,78,10.552618926991721,0.38622906199912443,11.442723503737675,0.0
101,5,78,10.507991211070982,0.38143955928935386,11.746746159679642,0.0
101,6,78,10.530367301501627,0.36722719469286774,11.746746159679642,0.0
101,7,78,10.530156717690554,0.40573327820912525,11.177108156572277,0.0
101,8,78,10.498124877772725,0.47501558828804197,11.27465564102695,0.0
101,9,78,10.5105740923125,0.4746529655156858,11.328808776763983,0.0
101,10,78,10.538810462943713,0.4059728855411999,11.328808776763983,0.0
101,11,78,10.586193560856222,0.39513189585694025,11.57323669987679,0.0
101,12,78,10.552115085102551,0.4093243950582276,11.57323669987679,0.0
101,13,78,10.581314627308265,0.44038037348470266,11.579347113884737,0.0
101,14,78,10.621169811943219,0.4815996302131371,11.945094583631827,0.0
101,15,78,10.612078311695575,0.4610440803553912,11.945094583631827,0.0
101,16,78,10.527576176722995,0.4979127957019893,11.80628799548345,0.0
101,17,78,10.513034575661582,0.4839325384854131,11.655705100075568,0.0
101,18,78,10.595307263095743,0.39102289853323713,11.655705100075568,0.0
101,19,78,10.587946502698683,0.36054340481487096,11.34536744518339,0.0
101,20,78,10.637203192143943,0.37552174191071624,11.34536744518339,0.0
101,21,78,10.518930245807669,0.42563148930312444,11.337186692360449,0.0
101,22,78,10.467705459170167,0.4744430126903584,11.854488972359825,0.0
101,23,78,10.551144638569,0.5111396715967904,11.946580288096799,0.0
101,24,78,10.529617485145188,0.48785192717397163,11.946580288096799,0.0
101,25,78,10.540685734471289,0.45941105217014444,11.420280920361321,0.0
101,26,78,10.55422960019614,0.4090757204208444,11.420280920361321,0.0
101,27,78,10.577271397392476,0.40373107954109816,11.343845184674773,0.0
101,28,78,10.530190014181672,0.40744460151219014,11.343845184674773,0.0
101,29,78,10.508780196740934,0.41506462915323006,11.611509853940687,0.0
101,30,78,10.511233265938627,0.4140292384423846,11.611509853940687,0.0
101,31,78,10.54443869472793,0.39421795890500344,11.376586610168129,0.0
101,32,78,10.56586689916973,0.4747912879770936,11.692595618453847,0.0
101,33,78,10.507160709313679,0.4542771885566502,11.692595618453847,0.0
101,34,78,10.545228780213941,0.3828652772440754,11.259409966204556,0.0
101,35,78,10.542344627853117,0.372364350587759,11.19349467618422,0.0
101,36,78,10.508147554009565,0.3949788829051711,11.491216653893462,0.0
101,37,78,10.502588743319485,0.3859198927691039,11.491216653893462,0.0
101,38,78,10.56426914483876,0.391267325194982,11.585415886582066,0.0
101,39,78,10.62799082337488,0.4192678448062343,11.585415886582066,0.0
101,40,78,10.629400398279211,0.4169612817969505,11.897473234285885,0.0
101,41,78,10.611601971389582,0.4791986147672928,12.060352491137955,0.0
101,42,78,10.58733192925271,0.4967433523733458,12.060352491137955,0.0
101,43,78,10.57008181245909,0.42117420677254036,11.71686783893089,0.0
101,44,78,10.578304979799896,0.45328912773985985,11.55898356294921,0.0
101,45,78,10.59962131347234,0.49923003360944285,11.55898356294921,0.0
101,46,78,10.58750993638805,0.4530752178787027,11.542280636491853,0.0
102,0,77,10.59216767798938,0.44152088007731327,11.51627000715025,0.0
102,1,77,10.647067401169128,0.45977666279677687,11.550373106049205,0.0
102,2,77,10.643678899334365,0.4541100002498304,11.775844315182361,0.0
102,3,77,10.553616932731634,0.46947925420238634,11.775844315182361,0.0
102,4,77,10.598097651353187,0.4429173086264509,11.468955585519586,0.0
102,5,77,10.700182243568529,0.3580616828421962,11.4272539614561,0.0
102,6,77,10.642065316555927,0.4119629837232526,11.664849403881167,0.0
102,7,77,10.598789225006696,0.4068750392494448,11.664849403881167,0.0
102,8,77,10.620707108334297,0.4617043922046492,11.944681963806866,0.0
102,9,77,10.624466163664302,0.500302383466701,11.944681963806866,0.0
102,10,77,10.653589928285843,0.40129834939111997,11.733605202168897,0.0
102,11,77,10.600512163594754,0.3876592287503515,11.733605202168897,0.0
102,12,77,10.547742493286357,0.4477769508988104,11.543742655175304,0.0
102,13,77,10.5329006946393,0.49047113205808746,11.595992225951377,0.0
102,14,77,10.513692158593383,0.512834452792643,12.027783365367627,0.0
102,15,77,10.528313919799427,0.476455003784868,12.027783365367627,0.0
102,16,77,10.641434019606724,0.3866908576235971,11.475168532926324,0.0
102,17,77,10.675151380070078,0.37274858098716557,11.64149609221553,0.0
102,18,77,10.62014778091031,0.3985699406158725,11.64149609221553,0.0
102,19,77,10.624023059851602,0.3846439143634687,11.474699279459555,0.0
102,20,77,10.607194499209117,0.4141922137252589,11.309018047430042,0.0
102,21,77,10.672960045903398,0.4224451523774698,11.311899157497454,0.0
102,22,77,10.683734614782498,0.3914820077448409,11.431414325867616,0.0
102,23,77,10.624005434608344,0.3867420525444645,11.431414325867616,0.0
102,24,77,10.589498802253763,0.4412652746796573,11.46376121410559,0.0
102,25,77,10.576966523302211,0.4539318417071339,11.694816559866439,0.0
102,26,77,10.627121724566761,0.4107465494278979,11.762947828752278,0.0
102,27,77,10.576074167488173,0.42690884453450384,11.762947828752278,0.0
102,28,77,10.44577816528703,0.4213693074805437,11.285020539910574,0.0
102,29,77,10.443978227319676,0.42440987743506564,11.285020539910574,0.0
102,30,77,10.537557635490929,0.42312467168385487,11.569829451993053,0.0
102,31,77,10.674229279558622,0.4267180214013056,11.659967164710054,0.0
102,32,77,10.661502699327697,0.40257253020122485,11.659967164710054,0.0
102,33,77,10.583519264763867,0.4174030755007581,11.64664644031242,0.0
102,34,77,10.607541572684944,0.4407499716843857,11.64664644031242,0.0
102,35,77,10.635775672438347,0.447419041601169,11.856231469980852,0.0
102,36,77,10.568538999276475,0.44790554528283366,11.856231469980852,0.0
102,37,77,10.570463416676127,0.40549469212783296,11.357660679492584,0.0
102,38,77,10.592915038241177,0.41710427638640074,11.464656886302253,0.0
102,39,77,10.545132296337542,0.43337081205717476,11.464656886302253,0.0
102,40,77,10.572608708737867,0.4152281403745616,11.339888031017958,0.0
102,41,77,10.566134869657516,0.3875885972830823,11.438064619132598,0.0
102,42,77,10.597188808173115,0.43971865701194257,11.657629356367503,0.0
102,43,77,10.60711014788757,0.43215940826547394,11.657629356367503,0.0
102,44,77,10.570256659884107,0.4375087825252263,11.734546170259,0.0
102,45,77,10.669382151669343,0.4936501187383794,11.746740144615563,0.0
102,46,77,10.593380138797784,0.5168218581087181,11.746740144615563,0.0
103,0,76,10.696207700830561,0.4866263895368883,11.8522038973029,0.0
103,1,76,10.709259283710974,0.4872292399748749,11.8522038973029,0.0
103,2,76,10.767615640760171,0.5020177143313866,11.951198103525108,0.0
103,3,76,10.740304889400393,0.4637977834990647,11.951198103525108,0.0
103,4,76,10.631603726336834,0.4150682797804989,11.5092424560967,0.0
103,5,76,10.683135050902267,0.4749169204141337,11.912829958255074,0.0
103,6,76,10.62004627274681,0.471634093158503,11.912829958255074,0.0
103,7,76,10.636445380747116,0.4650331967368349,11.891646627117083,0.0
103,8,76,10.642897645750075,0.49200659914927636,11.891646627117083,0.0
103,9,76,10.612781288267843,0.44258880659678773,11.772439671787522,0.0
103,10,76,10.632359759067215,0.42058689194446813,11.671225784686685,0.0
103,11,76,10.590225012128075,0.4947267174486113,11.41572943906945,0.0
103,12,76,10.674994213394106,0.49701193084287676,11.602967380541186,0.0
103,13,76,10.693793204891808,0.3870644034945457,11.602967380541186,0.0
103,14,76,10.651460822562687,0.4374676237194517,11.673323186019877,0.0
103,15,76,10.606991727367676,0.5335565326972037,11.673323186019877,0.0
103,16,76,10.561135801205799,0.47474281816120417,11.874892029910878,0.0
103,17,76,10.621787245206805,0.4359020733782583,11.874892029910878,0.0
103,18,76,10.675750276986921,0.4301936761293093,11.513450295129799,0.0
103,19,76,10.72659800495924,0.40000706078995735,11.605863502853747,0.0
103,20,76,10.756784053549895,0.3697815478001967,11.605863502853747,0.0
103,21,76,10.68716625988462,0.40200823268346403,11.337242384530587,0.0
103,22,76,10.651572099675521,0.4000529700483883,11.491404771744183,0.0
103,23,76,10.63327492407292,0.3955018936450206,11.491404771744183,0.0
103,24,76,10.54814988119494,0.4480515659950856,11.426564115878898,0.0
103,25,76,10.623702741748506,0.4319902552509294,11.542948351173653,0.0
103,26,76,10.729742477841548,0.4740696832232487,11.75130204383112,0.0
103,27,76,10.667544192098651,0.5152682418245234,11.75130204383112,0.0
103,28,76,10.642529374410554,0.4507499122694529,11.689646947588328,0.0
103,29,76,10.70667827862415,0.4418545759989389,11.531011793364076,0.0
103,30,76,10.714026646762061,0.43627019835333797,11.694907678066778,0.0
103,31,76,10.682666623579458,0.4243001870128931,11.694907678066778,0.0
103,32,76,10.65460055191104,0.42727115295032614,11.611705137347169,0.0
103,33,76,10.681700919572462,0.4925823635631808,11.84375587983357,0.0
103,34,76,10.689183024653643,0.4997554339028438,11.84375587983357,0.0
103,35,76,10.702656654212838,0.46864531792627534,11.521835739907388,0.0
103,36,76,10.65121426122405,0.4868814199172064,11.521835739907388,0.0
103,37,76,10.569836600231197,0.42691525378916895,11.358428537443013,0.0
103,38,76,10.620157862315425,0.41460548624920657,11.435275811934279,0.0
103,39,76,10.68699656717602,0.4704920521769207,11.711985609097749,0.0
103,40,76,10.61763625543561,0.51192600945722,11.711985609097749,0.0
103,41,76,10.563405988436786,0.5045618137834007,11.6142387288891,0.0
103,42,76,10.663709361520867,0.5181713222184149,11.85722738099781,0.0
103,43,76,10.695334607105625,0.4818983218270466,11.85722738099781,0.0
103,44,76,10.684749183873663,0.4533812217726694,11.784213765573366,0.0
103,45,76,10.707280147568943,0.48694106467917075,11.784213765573366,0.0
103,46,76,10.738631231275484,0.48877585098261683,11.73519426813412,0.0
104,0,75,10.659041433960358,0.44841636284663633,11.531400321379389,0.0
104,1,75,10.675455209557848,0.49974449666124615,11.640170449790977,0.0
104,2,75,10.7572292040225,0.48612301072886566,11.640170449790977,0.0
104,3,75,10.793273402726603,0.426654937946545,11.664214727548828,0.0
104,4,75,10.722273995009221,0.4226334458090428,11.664214727548828,0.0
104,5,75,10.715292835780495,0.48042640881625204,12.101864295011719,0.0
104,6,75,10.732901628740981,0.47105547331445824,12.101864295011719,0.0
104,7,75,10.6150802819975,0.4642123730365045,11.479014480178126,0.0
104,8,75,10.566851874397202,0.4542805098346204,11.557420764680234,0.0
104,9,75,10.622967302806297,0.40160349227278375,11.576504587236158,0.0
104,10,75,10.67124454705721,0.4325285341243982,11.637474591683636,0.0
104,11,75,10.706479553049071,0.4809984306355333,12.110014784438919,0.0
104,12,75,10.722529866910838,0.48688891264068435,12.110014784438919,0.0
104,13,75,10.822354712793045,0.4867024258989426,11.833876067756256,0.0
104,14,75,10.867720821818187,0.4285462959692364,11.679257994913154,0.0
104,15,75,10.757714169455085,0.47127550402364776,11.91938295209798,0.0
104,16,75,10.7407746643216,0.4703071885885029,11.91938295209798,0.0
104,17,75,10.772098413132698,0.4076339088594669,11.81134749391738,0.0
104,18,75,10.776879914425933,0.42989712299029487,11.81134749391738,0.0
104,19,75,10.711554361550759,0.4469378307489531,11.72018610983505,0.0
104,20,75,10.68792266202609,0.48069425345657246,11.455302903839064,0.0
104,21,75,10.687855321495036,0.42215859833607616,11.445687396921063,0.0
104,22,75,10.657721647437446,0.39292727232853214,11.525999865313631,0.0
104,23,75,10.648666829575836,0.4599203503121287,11.525999865313631,0.0
104,24,75,10.693846706301617,0.47747384119532127,11.723625830269242,0.0
104,25,75,10.786287889159093,0.46692547174347065,12.43200203950189,0.0
104,26,75,10.826352314883069,0.43007172400972216,12.43200203950189,0.0
104,27,75,10.720652879596505,0.4370670282108658,11.54336541964273,0.0
104,28,75,10.692548550259833,0.5010128275907325,11.832090081135298,0.0
104,29,75,10.778527331031936,0.5187643913649989,12.116670438686205,0.0
104,30,75,10.763844889340975,0.4558725924054591,12.116670438686205,0.0
104,31,75,10.720998973080917,0.4467009727097073,11.5528929493793,0.0
104,32,75,10.725973478995689,0.4492942070082222,11.55910054849275,0.0
104,33,75,10.738636965602227,0.4753593020834963,11.656232087308577,0.0
104,34,75,10.823408254365818,0.44719140880137215,11.779918149288637,0.0
104,35,75,10.843749618906568,0.37865095047103636,11.779918149288637,0.0
104,36,75,10.74906258732122,0.43784324342536307,11.666490629770017,0.0
104,37,75,10.681718303240755,0.46676373238375246,11.666490629770017,0.0
104,38,75,10.69125268727192,0.46473877165523325,11.51126124315788,0.0
104,39,75,10.753570171378822,0.45780876432221074,11.73687270747243,0.0
104,40,75,10.703908619585844,0.4665588458022109,11.73687270747243,0.0
104,41,75,10.70846771125352,0.46071690260816356,12.09437160165696,0.0
104,42,75,10.750269709937939,0.42786368584657575,12.09437160165696,0.0
104,43,75,10.734706187918027,0.44433285390810834,11.946163875824343,0.0
104,44,75,10.771397155766413,0.4356546871659232,11.946163875824343,0.0
104,45,75,10.829761030397563,0.41846893844729044,11.725674202861557,0.0
104,46,75,10.81642744553446,0.47858787788585344,11.672958437184095,0.0
105,0,74,10.684460942077775,0.43899895144803386,11.82976345902848,0.0
105,1,74,10.674041862561657,0.4684525335932017,11.82976345902848,0.0
105,2,74,10.734472646462333,0.4643370662602214,11.78147936888901,0.0
105,3,74,10.796998969633398,0.471065414668614,11.763950164424328,0.0
105,4,74,10.794175080382484,0.5190646922439845,12.013385766481916,0.0
105,5,74,10.809348618055514,0.513148856607251,12.013385766481916,0.0
105,6,74,10.802149311618559,0.4554232145923494,11.789778885113273,0.0
105,7,74,10.853635777152125,0.44013362295820496,11.915542102073827,0.0
105,8,74,10.875437537231006,0.45918214523438217,11.915542102073827,0.0
105,9,74,10.780164574007065,0.4231208861358108,11.600980424431617,0.0
105,10,74,10.833762388708378,0.4408091607962784,11.955389690841933,0.0
105,11,74,10.817863500558808,0.45654556690397563,11.955389690841933,0.0
105,12,74,10.76301769290549,0.42663560306640264,11.721431129347275,0.0
105,13,74,10.858343949956609,0.4104180041881931,11.731764125089205,0.0
105,14,74,10.78596796051488,0.503425046703645,12.015012797965351,0.0
105,15,74,10.755115449595369,0.5525191211180055,12.015012797965351,0.0
105,16,74,10.802514383729275,0.467351392503537,11.657682595408442,0.0
105,17,74,10.726550834604664,0.44763929886993575,11.657682595408442,0.0
105,18,74,10.780701022992305,0.452116130012223,11.961773520489583,0.0
105,19,74,10.791060895913848,0.45592405465765423,11.961773520489583,0.0
105,20,74,10.744545267587267,0.5285273568530191,11.831645091099691,0.0
105,21,74,10.749219613402634,0.5012510913517565,11.831645091099691,0.0
105,22,74,10.82346444470857,0.4134978170016072,11.668616069185779,0.0
105,23,74,10.780665689544676,0.42076878203531476,11.668616069185779,0.0
105,24,74,10.733744577602161,0.43674271894381617,11.806401522060304,0.0
105,25,74,10.756698593914164,0.46622009188481117,11.971717938877303,0.0
105,26,74,10.658599470245422,0.47581375078563404,11.971717938877303,0.0
105,27,74,10.637213079272048,0.5512903287177673,12.067413552310056,0.0
105,28,74,10.692584454083503,0.5499385636385761,12.067413552310056,0.0
105,29,74,10.668902395086025,0.47253744497742467,11.647115052493731,0.0
105,30,74,10.712639773937882,0.443613659522814,11.615047872204386,0.0
105,31,74,10.801711123141466,0.48292469509029257,11.82623739681665,0.0
105,32,74,10.774298012128273,0.5197791567903416,11.82623739681665,0.0
105,33,74,10.748241018190148,0.48904366207434236,11.70103219587227,0.0
105,34,74,10.707192087254244,0.44395724425377503,11.652703379128113,0.0
105,35,74,10.732038554682772,0.4561636100987793,12.10827723033448,0.0
105,36,74,10.762400126466876,0.47945601918542236,12.10827723033448,0.0
105,37,74,10.724431622111842,0.4979329120988602,11.926040170362949,0.0
105,38,74,10.760174354322002,0.537578395075497,11.926040170362949,0.0
105,39,74,10.783737961836124,0.48067312657103134,11.79711470075436,0.0
105,40,74,10.80143514507822,0.41844441378370734,11.663306823829828,0.0
105,41,74,10.80412005863211,0.4223519969569442,11.860610030719709,0.0
105,42,74,10.676915187690437,0.47111213237177463,11.860610030719709,0.0
105,43,74,10.677098113967432,0.5024827297629545,11.877184443352194,0.0
105,44,74,10.733062233696295,0.446561691737295,11.877184443352194,0.0
105,45,74,10.701835865949,0.40064089216692556,11.777482785171891,0.0
105,46,74,10.774188679464723,0.45079274417245857,11.779131967359598,0.0
106,0,73,10.791779825997345,0.4771815658103854,12.049348126644457,0.0
106,1,73,10.74290960941641,0.4779838940078921,11.856373963866172,0.0
106,2,73,10.721691519951678,0.4794229042200531,11.773948420977893,0.0
106,3,73,10.755115393262141,0.42043226845945136,11.635040638031583,0.0
106,4,73,10.768256258310844,0.4022345120651563,11.672501940087075,0.0
106,5,73,10.72584614800035,0.4679410033669702,12.257344891380797,0.0
106,6,73,10.809644509644965,0.5002415673885244,12.257344891380797,0.0
106,7,73,10.838165464212791,0.47224570585662473,11.71505940289248,0.0
106,8,73,10.824574296993596,0.5001317119926406,12.138291040416714,0.0
106,9,73,10.849228215351882,0.5115097690588621,12.138291040416714,0.0
106,10,73,10.756163194728686,0.5041270576019528,11.964530191845215,0.0
106,11,73,10.767731915015188,0.4555739752673878,11.707349712537082,0.0
106,12,73,10.956630526526725,0.4976738654040057,12.216179970524994,0.0
106,13,73,10.98945509083761,0.5836777430036625,12.216179970524994,0.0
106,14,73,10.791422161481956,0.5425557338743752,11.934429132548864,0.0
106,15,73,10.736240345539429,0.5149347874529385,11.936206794273112,0.0
106,16,73,10.842543548288374,0.49208133303672236,11.936206794273112,0.0
106,17,73,10.826652107837008,0.44300795509736324,11.813975407201902,0.0
106,18,73,10.831400537006838,0.4429417607722376,11.705830274141972,0.0
106,19,73,10.788033891957586,0.5901915398783881,12.232175799354057,0.0
106,20,73,10.769052616129235,0.6595426106688762,12.232175799354057,0.0
106,21,73,10.871778902715091,0.5428254028184895,12.136191265849329,0.0
106,22,73,10.916483022418367,0.4422348326939334,12.136191265849329,0.0
106,23,73,10.923719527690425,0.4134214726799536,11.717087220298515,0.0
106,24,73,10.86209220964412,0.4422701318413762,11.799951402007968,0.0
106,25,73,10.86209459727119,0.49231970666319524,11.993228385747074,0.0
106,26,73,10.843334272944178,0.4913825623749183,11.993228385747074,0.0
106,27,73,10.846389395372148,0.41182704547974136,11.706989220031883,0.0
106,28,73,10.854442749533423,0.4537688987261773,12.111541094790649,0.0
106,29,73,10.818336193789085,0.5141345379108804,12.111541094790649,0.0
106,30,73,10.82134174240538,0.45998598188341056,11.742878441759832,0.0
106,31,73,10.8833822422345,0.4501476222274617,11.877479999335666,0.0
106,32,73,10.959318003003714,0.47041328667913135,12.058649947817612,0.0
106,33,73,10.931167493284963,0.43307413727731303,12.058649947817612,0.0
106,34,73,10.799971817736683,0.39644034078454676,11.745406329003895,0.0
106,35,73,10.74402001938023,0.4599375813645969,11.745406329003895,0.0
106,36,73,10.745910047979331,0.47016939070018676,11.571412349060383,0.0
106,37,73,10.724004721775055,0.46468339904342465,11.613324044227076,0.0
106,38,73,10.730719597108147,0.4721087763872186,11.645027395451738,0.0
106,39,73,10.773150481503157,0.4754313010411583,11.736929988623658,0.0
106,40,73,10.859333936310989,0.47651989237187253,12.301913676024402,0.0
106,41,73,10.817519520225108,0.4684203974087378,12.301913676024402,0.0
106,42,73,10.78351130270098,0.5488801530665229,11.993447787998264,0.0
106,43,73,10.774158775052172,0.5217892567358151,11.991761132277873,0.0
106,44,73,10.7513519428958,0.47868672689261027,11.985625328423737,0.0
106,45,73,10.848559910683464,0.44746548085173765,11.985625328423737,0.0
106,46,73,10.94036288332835,0.4231735230997437,11.884292087953153,0.0
107,0,72,10.792394660930567,0.45153206798742773,11.805183671927544,0.0
107,1,72,10.8035081068579,0.4636154119399305,11.805183671927544,0.0
107,2,72,10.940481486826375,0.5056487863510407,11.966532766298776,0.0
107,3,72,11.046521624759658,0.5364439529339621,12.558947245164257,0.0
107,4,72,10.913085432655931,0.558710463376724,12.558947245164257,0.0
107,5,72,10.82534590841274,0.4624348882850587,11.78796650331773,0.0
107,6,72,10.846911874049036,0.39394090590638553,11.615071492435588,0.0
107,7,72,10.856181836946133,0.5022277544769357,11.869528220119632,0.0
107,8,72,10.900988896469567,0.590912891614892,12.192594598943966,0.0
107,9,72,10.954878849714587,0.5679071129670351,12.192594598943966,0.0
107,10,72,11.017064190380061,0.4352114593832742,12.156066066660838,0.0
107,11,72,10.967801414766143,0.44077398291797976,11.868222945042522,0.0
107,12,72,10.875584626705425,0.5058559569005292,11.868222945042522,0.0
107,13,72,10.900609699412875,0.46655691187167525,12.074685915269963,0.0
107,14,72,10.829567876399492,0.48180827969766493,12.074685915269963,0.0
107,15,72,10.803539338849834,0.4497393969106434,11.815002034868774,0.0
107,16,72,10.962084081818189,0.39439009418239046,11.815002034868774,0.0
107,17,72,10.913250271644618,0.4829675407063636,12.05701467499683,0.0
107,18,72,10.873286781634043,0.5176201363002332,12.05701467499683,0.0
107,19,72,10.928806252187544,0.4993376474982208,11.879471801282445,0.0
107,20,72,10.94013933494451,0.4558895762071445,11.879471801282445,0.0
107,21,72,10.89575794717283,0.4528316678991807,11.991126602324382,0.0
107,22,72,10.854837472328173,0.5109322831124953,11.991126602324382,0.0
107,23,72,10.814637695035492,0.4743228868415886,11.838037768261598,0.0
107,24,72,10.843302447866632,0.5079906014901665,12.001382600528158,0.0
107,25,72,10.927060030909209,0.5546334679425479,12.348321173973902,0.0
107,26,72,10.852071151791469,0.5371358400303506,12.361728224244173,0.0
107,27,72,10.861953282226963,0.5433496903936581,12.361728224244173,0.0
107,28,72,10.851788721391008,0.49309564676952705,11.81820658869147,0.0
107,29,72,10.841576302428843,0.43575901942329337,11.919123084981718,0.0
107,30,72,10.869551840593472,0.4406067892964039,11.919123084981718,0.0
107,31,72,10.875845761340416,0.44751253415124986,11.876730145939339,0.0
107,32,72,10.914055321838466,0.425353062736653,11.876730145939339,0.0
107,33,72,10.88248839635239,0.42595381065026533,11.850856533913348,0.0
107,34,72,10.843767789905552,0.5206717462663262,11.863207394134045,0.0
107,35,72,10.827008427897708,0.5326063502375059,12.210665260769227,0.0
107,36,72,10.952329044699637,0.44885671997797283,12.210665260769227,0.0
107,37,72,10.867702017398745,0.48525486063868617,12.188417584353566,0.0
107,38,72,10.834569700704508,0.4698476301481054,11.779388577168543,0.0
107,39,72,10.92617617899277,0.4483087293897751,11.788000676683033,0.0
107,40,72,10.822171467161919,0.49295908113070397,11.788000676683033,0.0
107,41,72,10.776645385275652,0.5024228732578733,11.752717043851183,0.0
107,42,72,10.789256942461499,0.5201287594006992,11.799904640966739,0.0
107,43,72,10.890216149949396,0.5816075054249166,12.431758193892213,0.0
107,44,72,10.962812375513899,0.5191056106945598,12.431758193892213,0.0
107,45,72,10.915280836747458,0.43711617651835183,11.775648436378948,0.0
107,46,72,10.902409087256656,0.4768584081751289,12.168665969483369,0.0
108,0,71,10.944320768339464,0.4802085876955084,11.966710730072474,0.0
108,1,71,10.96548534859736,0.5188961314000029,12.372948519344757,0.0
108,2,71,10.948801570700784,0.4822142504763136,12.372948519344757,0.0
108,3,71,10.883295121630422,0.458443289017317,11.803829854555419,0.0
108,4,71,10.933875638661256,0.5335886297880357,11.905136408787534,0.0
108,5,71,10.990605119448078,0.5068076138718852,12.182532081860655,0.0
108,6,71,10.974731975582174,0.4639639562794586,12.182532081860655,0.0
108,7,71,10.92905382430712,0.43234074470172085,11.977547451741623,0.0
108,8,71,10.838243795489861,0.45401676576831146,11.906231129085844,0.0
108,9,71,10.821266892201319,0.5077619557973903,11.906231129085844,0.0
108,10,71,10.94323402494732,0.5591319276858188,12.104963200701569,0.0
108,11,71,10.973700923754116,0.5505460637011474,12.104963200701569,0.0
108,12,71,10.930639959989279,0.4890769834836222,11.95941897956716,0.0
108,13,71,10.911189829928901,0.5675319929533614,11.95941897956716,0.0
108,14,71,10.868745180938559,0.5411625386756467,11.733825522542203,0.0
108,15,71,10.767269039145145,0.4043331910673001,11.733825522542203,0.0
108,16,71,10.761047380034658,0.46045216442655745,11.990764557471666,0.0
108,17,71,10.834109678651215,0.47888559231181255,11.990764557471666,0.0
108,18,71,10.876211177675884,0.47415120600648514,11.80121567623971,0.0
108,19,71,10.973376328372035,0.5215987759468923,12.369576657597996,0.0
108,20,71,11.00886861951043,0.4857468869377053,12.369576657597996,0.0
108,21,71,10.941561108330738,0.415866293584975,11.742410159863296,0.0
108,22,71,10.84728378875947,0.5122163905695196,12.027223083757972,0.0
108,23,71,10.905228253547431,0.5592883491055212,12.170553874914209,0.0
108,24,71,10.968748601283416,0.4942195011247633,12.170553874914209,0.0
108,25,71,11.016665943944886,0.5248420043600878,12.07370044750186,0.0
108,26,71,11.090432225091948,0.5239045530459461,12.19613251997361,0.0
108,27,71,11.02585178847193,0.4529173239174845,12.19613251997361,0.0
108,28,71,10.956724564492538,0.4605268801805449,11.915828230716174,0.0
108,29,71,11.024499830961165,0.5425375256754253,12.15318225960184,0.0
108,30,71,11.062161527432867,0.5662475536665055,12.311530016509247,0.0
108,31,71,11.020405960422787,0.5444104521605808,12.311530016509247,0.0
108,32,71,10.970419764922461,0.5264652988448166,11.913097432174476,0.0
108,33,71,10.932712162520193,0.47794885223418354,11.912905670690296,0.0
108,34,71,10.944968352846804,0.4091483604510326,11.829302790237303,0.0
108,35,71,10.940544443504976,0.4259024776940622,11.829302790237303,0.0
108,36,71,10.884437192349381,0.4999928248221721,12.177652665031431,0.0
108,37,71,10.96159445717196,0.5725760082434659,12.422273055954323,0.0
108,38,71,11.049005796465822,0.5355731348941205,12.422273055954323,0.0
108,39,71,10.98763305205936,0.48603676408926044,12.044762344640366,0.0
108,40,71,10.91280877206962,0.442783779792135,12.044762344640366,0.0
108,41,71,10.91234951722111,0.4631789967121771,12.07014243851031,0.0
108,42,71,10.956669416719159,0.5193838065540868,12.07014243851031,0.0
108,43,71,10.9744934513229,0.4666908277132002,11.863436993224678,0.0
108,44,71,10.873457489268256,0.4372849148560348,11.715607787340867,0.0
108,45,71,10.90748769286916,0.5246406119104016,12.551089672321812,0.0
108,46,71,10.884059905272911,0.5850990760604663,12.551089672321812,0.0
109,0,70,11.043110448399501,0.5014966045717895,12.39595772756578,0.0
109,1,70,11.071066046445468,0.6098423514036977,12.410690542348412,0.0
109,2,70,11.034562479053479,0.5933835514639532,12.410690542348412,0.0
109,3,70,10.983966962662905,0.4792832570337669,11.876204341832997,0.0
109,4,70,10.977721882917558,0.44243833976938063,11.904028744304686,0.0
109,5,70,10.912225924136,0.5142680473559494,11.904028744304686,0.0
109,6,70,10.981256833699751,0.5062160900568639,12.02798322252597,0.0
109,7,70,10.90852321027746,0.5401946377838933,12.358472532159114,0.0
109,8,70,10.840152005563429,0.5248015571444338,12.358472532159114,0.0
109,9,70,10.95094416987275,0.531817759674898,12.535626942247179,0.0
109,10,70,10.925157595521437,0.5123331086772566,12.535626942247179,0.0
109,11,70,10.984070742832857,0.49629461786727525,12.24514145567788,0.0
109,12,70,11.012876332014969,0.601143603207557,12.24514145567788,0.0
109,13,70,11.033468823948258,0.5721690541109943,12.134298156347569,0.0
109,14,70,11.011868019143355,0.4705523110224406,11.942956899765326,0.0
109,15,70,10.95661938157968,0.5397941617945212,12.359139682037394,0.0
109,16,70,11.045786576306133,0.5880172176274985,12.405438723665133,0.0
109,17,70,10.977890834360561,0.5293361179335706,12.405438723665133,0.0
109,18,70,10.909250617283876,0.5173920375727206,11.864475103852751,0.0
109,19,70,10.937697567099832,0.48834562223908917,11.864475103852751,0.0
109,20,70,10.983013905786443,0.4910620014127072,11.983329968954386,0.0
109,21,70,11.034677634574214,0.5379615230872447,12.102470283327666,0.0
109,22,70,10.941580959595163,0.561969403396081,12.102470283327666,0.0
109,23,70,10.911888519456713,0.5193790970898851,11.963475172696162,0.0
109,24,70,10.946923653124689,0.469916646035751,11.963475172696162,0.0
109,25,70,10.915932657520708,0.5107489571941014,12.00238284313166,0.0
109,26,70,10.991980854735417,0.5372319461734845,12.163007999473136,0.0
109,27,70,11.094991624430257,0.5337481907922514,12.327312176633576,0.0
109,28,70,11.081675047710208,0.5495524509111456,12.327312176633576,0.0
109,29,70,11.057490771473786,0.5352696642048899,12.124507649623734,0.0
109,30,70,11.053704182304747,0.515729284700392,12.124507649623734,0.0
109,31,70,11.008759035459976,0.5409950268420965,12.1152171124043,0.0
109,32,70,10.980585899987974,0.566688134154485,12.35186193600176,0.0
109,33,70,11.046812364358683,0.5275968721678219,12.35186193600176,0.0
109,34,70,11.154053404984268,0.5017143099594618,12.080573647757396,0.0
109,35,70,11.045089183100222,0.5803395585853783,12.059081712717472,0.0
109,36,70,10.984567013017129,0.56448773282532,11.993856123791195,0.0
109,37,70,10.894501805120019,0.5260563618908495,11.993856123791195,0.0
109,38,70,10.879406880616424,0.5361241405908346,12.258568292468107,0.0
109,39,70,11.027020046638434,0.6013139607460536,12.554228717498683,0.0
109,40,70,11.03907626350179,0.5676893299597208,12.554228717498683,0.0
109,41,70,10.989210747620628,0.5577296320463977,12.296088649935589,0.0
109,42,70,11.017702162804145,0.6503991957960906,12.797958033529877,0.0
109,43,70,11.030212599022239,0.634757898703939,12.797958033529877,0.0
109,44,70,10.980297195670106,0.5480123356141082,12.159497068489328,0.0
109,45,70,10.972744216341765,0.504201001155486,12.064076141084156,0.0
109,46,70,10.943995130615267,0.5063955952199245,12.191398115633929,0.0
110,0,69,11.110011641191829,0.5719886179165018,12.616163245074496,0.0
110,1,69,11.057915769968348,0.5983372419189269,12.403472503302645,0.0
110,2,69,10.999026623893348,0.6365365079064993,12.403472503302645,0.0
110,3,69,11.04074626293862,0.5793966084996527,12.685813386789933,0.0
110,4,69,11.074058599588367,0.5383164157517567,12.685813386789933,0.0
110,5,69,11.132572142140473,0.5446348576244469,12.262902234312932,0.0
110,6,69,11.130030391307544,0.5088031518620965,12.262902234312932,0.0
110,7,69,11.015851149766931,0.5539674767627584,12.462590185278293,0.0
110,8,69,10.884168086646607,0.5524952147397382,12.462590185278293,0.0
110,9,69,10.947421404223785,0.47859882687590966,12.11580352402351,0.0
110,10,69,11.046322624463413,0.4705847297405407,12.229135673180872,0.0
110,11,69,11.0189413122876,0.5169718391297701,12.229135673180872,0.0
110,12,69,11.030876905795,0.5028430682048852,11.938436134434859,0.0
110,13,69,11.067657062972588,0.5406085699060472,13.400165519917161,0.0
110,14,69,10.939756430184884,0.6020024546512007,13.400165519917161,0.0
110,15,69,10.975977278430026,0.5811271655732625,11.937310122622208,0.0
110,16,69,11.168183368644616,0.5476775782443726,12.91407786900028,0.0
110,17,69,11.08670594235486,0.5348172519580302,12.91407786900028,0.0
110,18,69,10.962821047595575,0.51740154226409,12.196859437380638,0.0
110,19,69,10.915702620727386,0.5357739713280005,12.393466415217917,0.0
110,20,69,10.97758393404425,0.5436333579018829,12.393466415217917,0.0
110,21,69,11.033767544016513,0.49756396590764773,12.24941616999679,0.0
110,22,69,11.013660890700278,0.4363757228311806,11.80876487383213,0.0
110,23,69,11.012521575959152,0.47911944658460126,11.989570107903143,0.0
110,24,69,11.047080085058907,0.5258710813644359,12.152704482227167,0.0
110,25,69,11.087346137246254,0.49409628652138743,12.168213978394002,0.0
110,26,69,11.008114828924244,0.5123822882392757,12.168213978394002,0.0
110,27,69,10.879358466682513,0.5410719170421642,12.133746205824908,0.0
110,28,69,10.933495954802858,0.54759497853015,12.218060436463333,0.0
110,29,69,10.92853656337562,0.5266824500031184,12.218060436463333,0.0
110,30,69,10.943124698957652,0.5532741146221681,12.0361560163415,0.0
110,31,69,11.092232628544016,0.5668263802716625,12.338190947779799,0.0
110,32,69,11.15948218615998,0.490761740114789,12.338190947779799,0.0
110,33,69,11.110814447059278,0.4832223428171563,12.269129651634172,0.0
110,34,69,11.026915821189526,0.5252745116136001,12.035240918094681,0.0
110,35,69,11.055773898928473,0.5128329623473582,12.035240918094681,0.0
110,36,69,11.117455055927676,0.48625775933055854,12.023537091578044,0.0
110,37,69,11.113934307361587,0.5098377643006554,12.262724368374258,0.0
110,38,69,11.028816795285604,0.5319606269152436,12.262724368374258,0.0
110,39,69,10.99864663714353,0.5416058547719192,12.221581306044673,0.0
110,40,69,11.012874333005175,0.5355341333068449,12.221581306044673,0.0
110,41,69,10.991373040180331,0.5519921467067409,11.811613211639887,0.0
110,42,69,10.914634742342924,0.5680549044829107,11.907058113844062,0.0
110,43,69,10.91410139159981,0.5239439797838019,11.924514865625916,0.0
110,44,69,10.949241452784989,0.5175489300161473,11.924514865625916,0.0
110,45,69,10.994377315265236,0.5448933649531751,12.474199894662421,0.0
110,46,69,11.058659722866018,0.5534242457467496,12.474199894662421,0.0
111,0,68,10.961093744150416,0.549509159883475,12.3230597610987,0.0
111,1,68,10.959774063374208,0.5525958126553971,12.240078095249023,0.0
111,2,68,11.119267473873002,0.5968598438416258,12.248116159622871,0.0
111,3,68,11.142102202795153,0.5552452653484423,12.248116159622871,0.0
111,4,68,11.072585955534073,0.4694379055255862,12.114315943908212,0.0
111,5,68,11.055845192685272,0.5046614373898078,11.99333039602878,0.0
111,6,68,11.123873051805235,0.5004709785053602,11.99333039602878,0.0
111,7,68,11.098384131413843,0.5290611948972279,11.980877295517864,0.0
111,8,68,11.165372313596793,0.5332306895970621,11.923792603628723,0.0
111,9,68,11.266444591012624,0.5393256986931654,12.799669711078495,0.0
111,10,68,11.112828582927701,0.5758051677238842,12.799669711078495,0.0
111,11,68,11.045764632397587,0.5040928491173426,12.074319281652322,0.0
111,12,68,11.091077266176008,0.5853935578934766,12.272777987103598,0.0
111,13,68,11.122892520660459,0.599102917067776,12.272777987103598,0.0
111,14,68,11.069787644602895,0.5102647130068398,12.05784133328244,0.0
111,15,68,10.969102444252519,0.5156003895626605,12.51037124941138,0.0
111,16,68,10.937522791430455,0.5440629628419504,12.51037124941138,0.0
111,17,68,10.93449830630215,0.528096202807126,12.207480147803668,0.0
111,18,68,10.958496195137624,0.5579115404862047,12.203119081129612,0.0
111,19,68,11.06815688501426,0.5694554140146141,12.560729269100023,0.0
111,20,68,11.127462423446747,0.5127220489658186,12.560729269100023,0.0
111,21,68,11.083882810436624,0.4551132427395888,12.296753017547822,0.0
111,22,68,11.106150041747094,0.5053558291638824,12.114164346363275,0.0
111,23,68,11.035257508718585,0.5704823962999572,12.339801725829433,0.0
111,24,68,10.948069037816484,0.583850343627015,12.339801725829433,0.0
111,25,68,11.028711185038874,0.6004573832710671,12.212213783384488,0.0
111,26,68,11.047373439422538,0.5753512406802161,12.1888324980372,0.0
111,27,68,10.978044227824858,0.562885332014046,11.924906789334198,0.0
111,28,68,11.024557554024787,0.47918953190950675,11.894785072539467,0.0
111,29,68,11.021420937724962,0.5119882884088567,12.274650728839708,0.0
111,30,68,10.922677403352997,0.547544074060398,12.274650728839708,0.0
111,31,68,11.047131294304137,0.5277207459053526,12.426348049180405,0.0
111,32,68,11.160184399607868,0.5215294966105545,12.426348049180405,0.0
111,33,68,11.065881793036946,0.5133028004166608,11.887694084980675,0.0
111,34,68,11.021619163846418,0.5525376871888619,11.974920351959941,0.0
111,35,68,11.100392724443552,0.5925675099410707,12.605440218487628,0.0
111,36,68,11.244110898342822,0.5964159590959692,12.70382886771526,0.0
111,37,68,11.195799343435345,0.5334528445350997,12.70382886771526,0.0
111,38,68,10.942682067527176,0.5080044466095022,11.790864457379987,0.0
111,39,68,10.927388585063747,0.521744131627658,11.931326080860824,0.0
111,40,68,11.15321943792134,0.48629806448223967,11.980650586397577,0.0
111,41,68,11.201360466467655,0.4837582485239152,12.204994242730278,0.0
111,42,68,11.171314256405818,0.4981179511030725,12.204994242730278,0.0
111,43,68,11.17262438445827,0.5145266851608205,12.398566407732124,0.0
111,44,68,11.090686068674339,0.5381420247492149,12.430559806061298,0.0
111,45,68,10.988988694385073,0.5541482986334275,12.430559806061298,0.0
111,46,68,11.021816635042219,0.5848072817516716,12.311151126611513,0.0
112,0,67,11.268219488219456,0.4931526990199219,12.270795374126813,0.0
112,1,67,11.129927056533353,0.5773463517415872,12.194243017881053,0.0
112,2,67,11.185809771420443,0.6058896107955324,12.194243017881053,0.0
112,3,67,11.180256932516723,0.519001758078342,12.04850358578324,0.0
112,4,67,11.060838090523463,0.5499678841547144,12.01433631039965,0.0
112,5,67,11.085385042559384,0.5424712861179188,12.03877025486593,0.0
112,6,67,11.121601153493451,0.43164314895153216,12.03877025486593,0.0
112,7,67,11.222798000980177,0.482584706709383,12.50244065385678,0.0
112,8,67,11.205182701172895,0.5596380155942129,13.075748370393871,0.0
112,9,67,11.08622320899029,0.5672559611576287,13.075748370393871,0.0
112,10,67,11.005454098086961,0.6032889868601977,12.156440780772446,0.0
112,11,67,11.06930555003006,0.6450813477368742,12.59945693362071,0.0
112,12,67,11.253843155723473,0.5875239262056546,12.689874159938222,0.0
112,13,67,11.308779799165745,0.5536131976608313,12.689874159938222,0.0
112,14,67,11.236889368903944,0.5762413440196519,12.408146932568032,0.0
112,15,67,11.191490852539994,0.5359844952935449,12.403370902687023,0.0
112,16,67,11.17619672227132,0.5244901556845745,12.219430615991493,0.0
112,17,67,11.11066380656554,0.5351941559011753,12.326135425965756,0.0
112,18,67,11.150737440042839,0.6046577057543249,12.806553213386335,0.0
112,19,67,11.306671144347542,0.6070242862867805,12.806553213386335,0.0
112,20,67,11.223642402970013,0.5817390940981986,12.613795380655846,0.0
112,21,67,11.007951276367272,0.5437705469937681,12.613795380655846,0.0
112,22,67,11.026029376370346,0.48267126776655567,12.00954614724975,0.0
112,23,67,11.094210953274006,0.5209867298954416,12.435153642339833,0.0
112,24,67,11.024349854602495,0.6342133230965296,12.435153642339833,0.0
112,25,67,11.047378875068581,0.573134587768303,12.318729362144438,0.0
112,26,67,11.07662914495732,0.48618471022772347,11.943599998644828,0.0
112,27,67,11.060450656543974,0.5971072386001878,12.2675595602001,0.0
112,28,67,11.064725209562585,0.6109429737568868,12.2675595602001,0.0
112,29,67,11.076948268315734,0.5803491757926998,12.18636890532499,0.0
112,30,67,11.143544089330002,0.5541110767277951,12.27024047232048,0.0
112,31,67,11.19179992327217,0.5807981041535313,12.456678756521415,0.0
112,32,67,11.173179987575457,0.5868034360615685,12.456678756521415,0.0
112,33,67,11.130811719546799,0.502579712072307,12.236965850432265,0.0
112,34,67,11.221430844514606,0.4866535016462633,12.652565760491955,0.0
112,35,67,11.133849883743578,0.47993199669138104,12.652565760491955,0.0
112,36,67,10.958372715498177,0.48586065644312276,12.242376666467843,0.0
112,37,67,10.97728706763843,0.5447621129274421,12.242376666467843,0.0
112,38,67,11.036690880444663,0.565244013108815,12.386661423184377,0.0
112,39,67,11.062229424243116,0.5514083019568582,12.386661423184377,0.0
112,40,67,11.062791100604725,0.47494763418126584,12.093666962354916,0.0
112,41,67,10.990975486820634,0.49307834963630537,11.946253738754953,0.0
112,42,67,10.92951626745477,0.5660894374790182,11.946253738754953,0.0
112,43,67,11.011899928123423,0.6102275415765059,12.648264748001232,0.0
112,44,67,11.100516152432874,0.5195051930735066,12.648264748001232,0.0
112,45,67,11.12991513747485,0.4314684222375263,12.185064119617817,0.0
112,46,67,11.161940318354505,0.5142447209218035,12.170420281926626,0.0
113,0,66,11.039039710404257,0.5356557980338864,12.067272528893627,0.0
113,1,66,11.147122646185725,0.596443877447413,12.532007757782761,0.0
113,2,66,11.268576632136902,0.5347179935454961,12.532007757782761,0.0
113,3,66,11.289385317420322,0.5095323350856167,12.703457229945574,0.0
113,4,66,11.247426173911656,0.5569318689302896,12.703457229945574,0.0
113,5,66,11.21767306097651,0.6037343255128208,12.38452867921885,0.0
113,6,66,11.18572739627958,0.6039268816417893,12.346132961616338,0.0
113,7,66,11.218325769891308,0.5520707420490211,12.193673695658218,0.0
113,8,66,11.281276979272445,0.47839303904672054,12.193673695658218,0.0
113,9,66,11.248726632611032,0.519367841140952,12.493896050374667,0.0
113,10,66,11.19144833399068,0.5871546950649612,12.640714429475288,0.0
113,11,66,11.248749874495015,0.651403435420068,12.750319964620463,0.0
113,12,66,11.232645180599844,0.6977529122898193,12.765090790287312,0.0
113,13,66,11.263848530339347,0.9196728995146045,16.638569862995105,0.016666666666666666
113,14,66,11.338071812003266,0.9017973967170554,16.638569862995105,0.016666666666666666
113,15,66,11.109306165077447,0.612985681252796,12.238023530085275,0.0
113,16,66,11.156739192936056,0.6103300438331773,12.33916630767522,0.0
113,17,66,11.255819966701784,0.6044731748038984,12.33916630767522,0.0
113,18,66,11.116433189292712,0.6035351387288429,12.56478652535621,0.0
113,19,66,11.089428093029074,0.6117404405720769,12.571049432843864,0.0
113,20,66,11.169028650750484,0.6115716627061077,12.571049432843864,0.0
113,21,66,11.21419882982516,0.5942088908254146,12.56770781398339,0.0
113,22,66,11.122834618630007,0.5582021510885827,12.56770781398339,0.0
113,23,66,11.093552839614066,0.5456296118129048,12.324948615480832,0.0
113,24,66,11.146133896437531,0.5332398917489626,12.324948615480832,0.0
113,25,66,11.182988839775705,0.5573150880971751,12.496740481418872,0.0
113,26,66,11.218204390137439,0.6201108846735272,12.992077590770881,0.0
113,27,66,11.208974411789516,0.6758842047171941,12.992077590770881,0.0
113,28,66,11.13196140032445,0.6404783675976498,12.731095211263447,0.0
113,29,66,11.176035707840422,0.5970339874419976,12.300811808753508,0.0
113,30,66,11.257201879001995,0.6591141925280447,12.833210317180438,0.0
113,31,66,11.232317804985309,0.59196601146062,12.833210317180438,0.0
113,32,66,11.108846800713769,0.48668425410509064,12.320120599852057,0.0
113,33,66,11.12799333909309,0.5645808676738786,12.378728525740494,0.0
113,34,66,11.15455286804282,0.6145702562125382,12.40190469727335,0.0
113,35,66,11.154159251150709,0.6176899330437999,13.380768171460664,0.0
113,36,66,11.298862364622368,0.5708606595431064,13.380768171460664,0.0
113,37,66,11.236107839490057,0.570038447023949,12.769911448364372,0.0
113,38,66,11.074273737916249,0.562581140424258,12.769911448364372,0.0
113,39,66,11.146056622365716,0.5684492647003876,12.653897138495424,0.0
113,40,66,11.176895114047358,0.572586343139332,12.135932835014868,0.0
113,41,66,11.161533839201399,0.5811661754797675,12.46162189222651,0.0
113,42,66,11.21545738164683,0.6170697230590483,12.46162189222651,0.0
113,43,66,11.247020959050937,0.5752755814255671,12.357221808715812,0.0
113,44,66,11.254764189204112,0.4934857976461175,12.357221808715812,0.0
113,45,66,11.170170838288303,0.5652385962133345,12.345462539681584,0.0
113,46,66,11.144757387144649,0.5463444930698199,12.345462539681584,0.0
114,0,65,11.181399922350003,0.6226554351360585,12.327742700693584,0.0
114,1,65,11.185421503519162,0.5702998313173621,12.305236803288702,0.0
114,2,65,11.317184587056612,0.5027177346266252,12.305236803288702,0.0
114,3,65,11.327106324728566,0.5618733583758587,12.40906883618665,0.0
114,4,65,11.216570463433424,0.5405479450088684,12.434216666714953,0.0
114,5,65,11.172661978187532,0.5031234661554267,12.434216666714953,0.0
114,6,65,11.221294980392454,0.5607224473157106,12.433135440969473,0.0
114,7,65,11.144501073108502,0.5502001821358059,12.339100906001867,0.0
114,8,65,11.15140848681335,0.5890514463858397,12.488131388606819,0.0
114,9,65,11.257383010379248,0.5728751296145429,12.488131388606819,0.0
114,10,65,11.292718581199416,0.5014321578497215,12.318487313926568,0.0
114,11,65,11.144574841079224,0.5366106017276301,12.156742045343996,0.0
114,12,65,11.040753583424996,0.5343034111747019,12.741155929647311,0.0
114,13,65,11.204577113671668,0.6156112512567213,12.741155929647311,0.0
114,14,65,11.253600086588165,0.709216600777424,12.494141875954526,0.0
114,15,65,11.273155724621539,0.6680187112964912,12.494141875954526,0.0
114,16,65,11.287198129009468,0.5457312304031622,12.372701650565674,0.0
114,17,65,11.194963869047621,0.507743668376971,12.372701650565674,0.0
114,18,65,11.249318357760217,0.5320378169608627,12.609173998669604,0.0
114,19,65,11.28018956461939,0.5026477697370515,12.609173998669604,0.0
114,20,65,11.253386191450065,0.5146704934598034,12.483582753899876,0.0
114,21,65,11.301829439864225,0.5595510963720446,13.08101442579974,0.0
114,22,65,11.312737901652836,0.5284688376588089,13.08101442579974,0.0
114,23,65,11.307861647253993,0.5571087309293332,12.385455204516148,0.0
114,24,65,11.227907544149314,0.6326343319697221,12.937570528465717,0.0
114,25,65,11.154040517103986,0.6133808729363326,12.937570528465717,0.0
114,26,65,11.150215766546049,0.5378627642496036,12.770637182278588,0.0
114,27,65,11.162673259565496,0.5107623146929643,12.50640182437635,0.0
114,28,65,11.192437519350765,0.5360756266397104,12.547494380102723,0.0
114,29,65,11.141589786605003,0.634984837833006,12.571700424026933,0.0
114,30,65,11.158701259985063,0.6374557943781086,12.571700424026933,0.0
114,31,65,11.23100594781176,0.5856805059280029,12.601083899785994,0.0
114,32,65,11.173815037214856,0.5627293877276904,12.601083899785994,0.0
114,33,65,11.203999350477826,0.5057016904480078,12.203471294990482,0.0
114,34,65,11.225730008776265,0.517444908211091,12.417928753895701,0.0
114,35,65,11.14363127904779,0.5747827093161839,12.417928753895701,0.0
114,36,65,11.169320258207492,0.5178145081687404,12.063974446537157,0.0
114,37,65,11.186547682735208,0.6087035935419555,12.444194374871122,0.0
114,38,65,11.12264902444051,0.6841476328830173,12.444194374871122,0.0
114,39,65,11.157161933784714,0.5925238365635556,12.547074936090715,0.0
114,40,65,11.276048829305227,0.607859915640805,12.766963244051286,0.0
114,41,65,11.317853870353261,0.5890973299874025,12.766963244051286,0.0
114,42,65,11.245392031309304,0.5362942365293693,12.57516937944657,0.0
114,43,65,11.180261657942514,0.5522627135712745,12.57516937944657,0.0
114,44,65,11.271353149358351,0.5742934097014616,12.694633495421332,0.0
114,45,65,11.27880836320551,0.6416494134754442,12.694633495421332,0.0
114,46,65,11.145816946390715,0.6789230151895791,12.635838343068247,0.0
115,0,64,11.215564867918692,0.6005581323901285,12.550291905722363,0.0
115,1,64,11.275695554734211,0.6618607006464448,13.179291789752526,0.0
115,2,64,11.21439618915549,0.6567670255590136,13.179291789752526,0.0
115,3,64,11.220013506543191,0.6133103118093011,12.396642640068999,0.0
115,4,64,11.268239911664743,0.6559889015275847,12.600387210933613,0.0
115,5,64,11.212707224363696,0.6290498079434408,12.600387210933613,0.0
115,6,64,11.208048058287742,0.5332581249221061,12.450277797960695,0.0
115,7,64,11.342935747129292,0.5233645344921706,12.450277797960695,0.0
115,8,64,11.369640974893525,0.5331064952151241,12.387540039513683,0.0
115,9,64,11.285445986353325,0.5378439209759197,12.387540039513683,0.0
115,10,64,11.264421950294453,0.4993549645427237,12.480687901261643,0.0
115,11,64,11.306668133371431,0.5976406560363873,12.724204811851404,0.0
115,12,64,11.241887564438974,0.6767527912231778,12.724204811851404,0.0
115,13,64,11.269676702540929,0.6728253606548591,12.493889161622986,0.0
115,14,64,11.365902805717896,0.6030451318178919,12.493889161622986,0.0
115,15,64,11.269863676851333,0.5558969479448208,12.30951016274851,0.0
115,16,64,11.17817744193685,0.5865748225623644,12.28908136837834,0.0
115,17,64,11.232475352931182,0.5252175611723375,12.211957730709925,0.0
115,18,64,11.334587378706733,0.5682729933334315,12.564189250075357,0.0
115,19,64,11.307289260293524,0.6432497300478291,12.564189250075357,0.0
115,20,64,11.264979077830453,0.5522950248654916,12.337814280399352,0.0
115,21,64,11.296780191864228,0.5154409525996946,12.44384142427051,0.0
115,22,64,11.264535394531826,0.583650209861879,12.480854186136359,0.0
115,23,64,11.333875322966774,0.6290327703565661,13.085911660131451,0.0
115,24,64,11.31587389589516,0.5623177348730003,13.085911660131451,0.0
115,25,64,11.155965976607696,0.5858597261662103,12.593647261104206,0.0
115,26,64,11.175192184456167,0.6151494706325197,12.593647261104206,0.0
115,27,64,11.388046073070344,0.5665694474302142,12.566225969817978,0.0
115,28,64,11.350495797983669,0.5788641145416348,12.566225969817978,0.0
115,29,64,11.218795926742716,0.569764523329311,12.776075668652343,0.0
115,30,64,11.326017358510708,0.5992283048984166,12.778184358955237,0.0
115,31,64,11.2844365106001,0.6645439544625622,12.778184358955237,0.0
115,32,64,11.239231405041394,0.6286236652330259,12.508462936303289,0.0
115,33,64,11.294741496735304,0.5739335536642841,12.42330339128673,0.0
115,34,64,11.227484608782882,0.6142214827446162,12.42330339128673,0.0
115,35,64,11.154565491314353,0.6514651959792678,12.587604356141075,0.0
115,36,64,11.082985240898918,0.6570032724480148,12.587604356141075,0.0
115,37,64,11.107655004178353,0.6170497894809427,12.599849785074607,0.0
115,38,64,11.211082043153851,0.5853975493766818,12.599849785074607,0.0
115,39,64,11.258532384246047,0.6344728517909587,12.582597596695,0.0
115,40,64,11.300899467061654,0.6512080274811234,12.582597596695,0.0
115,41,64,11.243697824566778,0.5557420816091184,12.352236139778078,0.0
115,42,64,11.280722947697399,0.4906535553211967,12.271045289062855,0.0
115,43,64,11.240153348318248,0.5459223889817959,12.271045289062855,0.0
115,44,64,11.218879697355991,0.6497810505235125,12.633270017745552,0.0
115,45,64,11.2941436747252,0.6412860909750591,12.633270017745552,0.0
115,46,64,11.243865279639651,0.5763789537504261,12.3974912903561,0.0
116,0,63,11.4091018414104,0.5424046459384017,12.593449121748613,0.0
116,1,63,11.466575509485242,0.5255475472761394,12.923743010182676,0.0
116,2,63,11.323787521279376,0.5461537643613598,12.923743010182676,0.0
116,3,63,11.273147686470937,0.4806249846643156,12.226770243938578,0.0
116,4,63,11.342634835951282,0.5319529429483291,12.297056042902954,0.0
116,5,63,11.245409299959931,0.6226121498834322,12.578339974534549,0.0
116,6,63,11.282026909236434,0.6233719520648535,12.60497821918296,0.0
116,7,63,11.315864461473874,0.5249389967640096,12.60497821918296,0.0
116,8,63,11.25342105726325,0.5273935409788996,12.841697394676878,0.0
116,9,63,11.360862390136623,0.6780395061634755,12.841697394676878,0.0
116,10,63,11.383346204721322,0.6703761439523404,12.782803962779912,0.0
116,11,63,11.414933596153624,0.549952564983151,12.766578399161864,0.0
116,12,63,11.386073084947306,0.48722789306851144,12.766578399161864,0.0
116,13,63,11.3453528651055,0.5046027011318017,12.500553831946851,0.0
116,14,63,11.342925443787507,0.5515044923523558,12.500553831946851,0.0
116,15,63,11.313650341789675,0.5845433576367449,12.736170735407127,0.0
116,16,63,11.365925730362397,0.6260197608379899,12.90865508354918,0.0
116,17,63,11.323699260446752,0.5946624910665845,12.90865508354918,0.0
116,18,63,11.367334927440787,0.5991996293917616,13.071498226067217,0.0
116,19,63,11.382677386650531,0.6703517077944086,13.071498226067217,0.0
116,20,63,11.33180204497909,0.6679731169421027,12.86546034656202,0.0
116,21,63,11.354561684399759,0.6597899715813208,12.681964887421891,0.0
116,22,63,11.275451807063789,0.6678726424895363,12.380958306221512,0.0
116,23,63,11.29538395246829,0.59817909137284,12.360948156992254,0.0
116,24,63,11.31539832609375,0.49612335572684435,12.295493593509601,0.0
116,25,63,11.268392859314028,0.5346156540408332,12.260223327693408,0.0
116,26,63,11.299540919231795,0.6072290180813151,12.966579561407485,0.0
116,27,63,11.356184717642067,0.5742619163165543,12.966579561407485,0.0
116,28,63,11.39259403247665,0.530258259480431,12.754444830275396,0.0
116,29,63,11.435684524842916,0.5258273548399544,12.754444830275396,0.0
116,30,63,11.440817375337915,0.5426395614781102,12.643006221929287,0.0
116,31,63,11.35024463399019,0.5347859931814657,12.643006221929287,0.0
116,32,63,11.224822864992753,0.5476956715082999,12.267315623506217,0.0
116,33,63,11.207384041842484,0.5397916455689575,12.115276125217223,0.0
116,34,63,11.324874343298491,0.5583430287988018,12.976785965692672,0.0
116,35,63,11.369911916348297,0.5514355477178993,12.976785965692672,0.0
116,36,63,11.298687295489364,0.539808333498919,12.506282545366059,0.0
116,37,63,11.334282815197813,0.5365278102736508,12.498185729442975,0.0
116,38,63,11.312859086460817,0.47577775562723473,12.498185729442975,0.0
116,39,63,11.198333555895623,0.5447403903075464,12.286530859014123,0.0
116,40,63,11.225162486664269,0.5699898439934095,12.36435758247084,0.0
116,41,63,11.220598993707226,0.4997715313583942,12.38941347637672,0.0
116,42,63,11.288327921170984,0.6286845004155672,12.816756758765912,0.0
116,43,63,11.402788161942894,0.6328210813876285,12.816756758765912,0.0
116,44,63,11.295910388226782,0.583853696606983,12.629388092800234,0.0
116,45,63,11.205950762541411,0.5729006162290466,12.629388092800234,0.0
116,46,63,11.297539802817443,0.5932149617139759,12.71309546833618,0.0
117,0,62,11.311631233836282,0.5327991443366743,12.706462482261362,0.0
117,1,62,11.235973420899182,0.5519909008435947,12.741913323630234,0.0
117,2,62,11.192394635173907,0.5853567891306289,12.741913323630234,0.0
117,3,62,11.262525027659605,0.6049038367574944,12.470300240963027,0.0
117,4,62,11.314030163874666,0.6335813940992844,12.470300240963027,0.0
117,5,62,11.357212141051708,0.6243021536200944,12.951402540363773,0.0
117,6,62,11.497534714067864,0.6377416516878713,12.951402540363773,0.0
117,7,62,11.421536439302889,0.6141102208084268,12.58031331987126,0.0
117,8,62,11.291451823941259,0.5597044509898869,12.438572216988836,0.0
117,9,62,11.40409781790779,0.578108152893582,12.579991579691344,0.0
117,10,62,11.413138119730393,0.5513349088473017,12.579991579691344,0.0
117,11,62,11.305711488150871,0.6646768382318823,12.681838036281922,0.0
117,12,62,11.305524498415691,0.7171012900488523,12.795311441585044,0.0
117,13,62,11.395361984031982,0.665897762682917,13.305710552239338,0.0
117,14,62,11.434178207900377,0.6230568461013954,13.305710552239338,0.0
117,15,62,11.433343025661463,0.5430039905256521,12.656763451271363,0.0
117,16,62,11.382800725786165,0.4617367223646811,12.654332671675283,0.0
117,17,62,11.347713606169311,0.53652250608491,12.45344837826764,0.0
117,18,62,11.3723024530837,0.6567952523980011,12.80547115978505,0.0
117,19,62,11.386149423763388,0.6159819285936232,12.80547115978505,0.0
117,20,62,11.419529154942492,0.5334381463413295,12.51075199317106,0.0
117,21,62,11.3668956475093,0.5708149334721098,13.213487710641509,0.0
117,22,62,11.295502361224642,0.5426798653369632,13.213487710641509,0.0
117,23,62,11.382753069875836,0.5500806349566072,12.989817559582027,0.0
117,24,62,11.371296928291445,0.6167038655098546,12.989817559582027,0.0
117,25,62,11.307382660636623,0.6077423430048974,12.782373667458348,0.0
117,26,62,11.37356770387182,0.580616704787961,12.782373667458348,0.0
117,27,62,11.325938879382916,0.6259469153620987,13.612028271067784,0.0
117,28,62,11.325793271812358,0.6647049515689737,13.612028271067784,0.0
117,29,62,11.451943356433167,0.5870906545873852,12.424138783378465,0.0
117,30,62,11.428309869591494,0.5655097160487013,12.486548675303803,0.0
117,31,62,11.357888261361847,0.5340632581377779,12.486548675303803,0.0
117,32,62,11.401300065704486,0.5079540156028306,12.506291151649513,0.0
117,33,62,11.418754006428719,0.49406102481148956,12.506291151649513,0.0
117,34,62,11.44472381014862,0.7354963711588655,13.280594698585228,0.0
117,35,62,11.41225200894183,0.7490492741356451,13.280594698585228,0.0
117,36,62,11.413504363044698,0.6030103271805466,12.736142542293328,0.0
117,37,62,11.381872963301616,0.5810285853966299,12.736142542293328,0.0
117,38,62,11.362942542255295,0.5190649607329468,12.71169317026458,0.0
117,39,62,11.430005089152434,0.6381602407038668,12.868860359160337,0.0
117,40,62,11.318072784647367,0.6388113169114743,12.868860359160337,0.0
117,41,62,11.317006373004547,0.6467285256876429,13.14484907019019,0.0
117,42,62,11.398805071258497,0.616477026339662,13.14484907019019,0.0
117,43,62,11.351565675311521,0.5544063389736509,12.409630835823974,0.0
117,44,62,11.350446400168552,0.5328682387468834,12.409630835823974,0.0
117,45,62,11.397614556849666,0.5173062077050079,12.511294128755758,0.0
117,46,62,11.43033657951994,0.5620379272853051,12.812063750404254,0.0
118,0,61,11.395922902828405,0.6440567662010338,12.863353822161937,0.0
118,1,61,11.491882572065627,0.6788518945181305,13.095726489570726,0.0
118,2,61,11.536587466488493,0.730559688324866,13.095726489570726,0.0
118,3,61,11.504573513337574,0.6478692752066612,13.208077580035471,0.0
118,4,61,11.463054465153501,0.5704509211098843,13.208077580035471,0.0
118,5,61,11.467903507109524,0.5978320035212876,12.74435828722731,0.0
118,6,61,11.534237758390896,0.6219761906634662,12.74435828722731,0.0
118,7,61,11.443127393329412,0.6474560067763233,12.518317434361425,0.0
118,8,61,11.375442634905903,0.6668067261048303,12.729527280445396,0.0
118,9,61,11.423313892748736,0.6298228900290486,12.729527280445396,0.0
118,10,61,11.359252886233751,0.6156529544414903,12.715293005839204,0.0
118,11,61,11.367530294979696,0.6384893109908568,13.268091744043929,0.0
118,12,61,11.39564381692856,0.6612826822338324,13.268091744043929,0.0
118,13,61,11.38343344845383,0.6747611893501769,12.753932048305174,0.0
118,14,61,11.426292459680926,0.6978565271886973,12.872351423925839,0.0
118,15,61,11.5084926603514,0.6246265667719703,12.872351423925839,0.0
118,16,61,11.50855536819909,0.5392953267315468,12.622727217685853,0.0
118,17,61,11.39378105158212,0.5830797686768443,12.622727217685853,0.0
118,18,61,11.374978811785299,0.6622482194868454,13.201095045383989,0.0
118,19,61,11.45462922030951,0.5974513822619064,13.201095045383989,0.0
118,20,61,11.44908713710635,0.5262278746058183,12.713448290102313,0.0
118,21,61,11.459106234696161,0.7045716688771323,12.98215870781344,0.0
118,22,61,11.514146556209884,0.7117475235770119,12.98215870781344,0.0
118,23,61,11.411657729574852,0.6381383571457313,12.690151292469334,0.0
118,24,61,11.415122048971343,0.641759295817135,12.690151292469334,0.0
118,25,61,11.464517020581164,0.5764095790788559,12.565036031125986,0.0
118,26,61,11.537331099730162,0.48170808902579626,12.435657911386773,0.0
118,27,61,11.497843336130222,0.5937524077732083,12.532492298163085,0.0
118,28,61,11.316158292188366,0.5967916796883808,12.532492298163085,0.0
118,29,61,11.267032930605811,0.546991127312488,12.360686603285277,0.0
118,30,61,11.617029837659203,1.4912390141736753,21.936173438101044,0.016666666666666666
118,31,61,11.64881723976505,1.4770224485062726,21.936173438101044,0.016666666666666666
118,32,61,11.458122080341916,0.6120374252232281,13.24642115778136,0.0
118,33,61,11.498514648928802,0.6489990294313565,13.24642115778136,0.0
118,34,61,11.474704708559322,0.6080398564191364,13.0806811576604,0.0
118,35,61,11.51999330711595,0.6096209840518592,13.0806811576604,0.0
118,36,61,11.39515049726335,0.6163569476954485,12.740280217270463,0.0
118,37,61,11.312275166881367,0.5272298612453273,12.228700057381317,0.0
118,38,61,11.394700471964132,0.626957396008065,12.969186957813617,0.0
118,39,61,11.448628160006159,0.6801766501340872,12.969186957813617,0.0
118,40,61,11.318129539350656,0.5262440953054193,12.672311855018783,0.0
118,41,61,11.305678795001992,0.4693875803261265,12.568459650538257,0.0
118,42,61,11.458326568030312,0.5903845859927129,12.828401131790423,0.0
118,43,61,11.558301426907116,0.5903208409065415,12.82977475438721,0.0
118,44,61,11.548444759544852,0.48038835294602467,12.82977475438721,0.0
118,45,61,11.356256194354915,0.5809949965421908,12.309912782332658,0.0
118,46,61,11.309873178794462,0.6558022633223947,12.85836225540196,0.0
119,0,60,11.615201069242252,0.694709020865095,13.233210721400173,0.0
119,1,60,11.577833896003106,0.6836004273493623,12.942424171996304,0.0
119,2,60,11.539990738166962,0.6294465000434337,12.765476751546618,0.0
119,3,60,11.501256048217012,0.6691231512832995,13.326266181958147,0.0
119,4,60,11.498267025315563,0.763846184988625,13.326266181958147,0.0
119,5,60,11.361646768988928,0.7697949802005948,13.134352104117147,0.0
119,6,60,11.27415294593141,0.6812255224772908,12.929809125421764,0.0
119,7,60,11.316263809046479,0.6215296179088327,12.869139862259669,0.0
119,8,60,11.297244116898277,0.5946620079805766,12.564380967041737,0.0
119,9,60,11.288040464186778,0.5725869315345999,12.564380967041737,0.0
119,10,60,11.358518336321326,0.5516081581464024,12.372261646110795,0.0
119,11,60,11.457612212379471,0.655237164797726,13.447630992603695,0.0
119,12,60,11.548887283439667,0.646285208185405,13.447630992603695,0.0
119,13,60,11.641183445529697,0.596139152608571,13.508413943548902,0.0
119,14,60,11.60773419736173,0.7020788783820917,13.508413943548902,0.0
119,15,60,11.486520382041196,0.711009141637525,12.845067898691521,0.0
119,16,60,11.596823091563499,0.7255516583895859,13.140047294560821,0.0
119,17,60,11.591700753777218,0.7443440544086805,13.140047294560821,0.0
119,18,60,11.533310640249143,0.7635471020868165,13.390597155750031,0.0
119,19,60,11.54891248552571,0.7704264769570892,13.390597155750031,0.0
119,20,60,11.496552344268098,0.6384819748202076,13.141568560958225,0.0
119,21,60,11.457381203887287,0.655683891450317,13.294115483620253,0.0
119,22,60,11.502862961334133,0.7991201332335366,13.294115483620253,0.0
119,23,60,11.540199476925808,0.8109644619888371,13.426375176562663,0.0
119,24,60,11.576460306130254,0.6773285316671052,13.426375176562663,0.0
119,25,60,11.63358919813334,0.5611635193070353,12.990763974226534,0.0
119,26,60,11.477212935064278,0.5874807023037787,12.990763974226534,0.0
119,27,60,11.486116391294283,0.63240320447025,13.143550486059505,0.0
119,28,60,11.61983534026017,0.5857402073907249,13.143550486059505,0.0
119,29,60,11.456645841051314,0.6413604926271695,12.80891338267365,0.0
119,30,60,11.40623542131138,0.6939916924711288,12.978463385249325,0.0
119,31,60,11.470532434924221,0.6251220491817291,12.978463385249325,0.0
119,32,60,11.560863260235042,0.641609009048255,12.706542587941659,0.0
119,33,60,11.563685104042507,0.6524492000594286,12.706542587941659,0.0
119,34,60,11.463921044754214,0.6360813783923396,12.936317847829697,0.0
119,35,60,11.419725973720187,0.6289221264777054,12.936317847829697,0.0
119,36,60,11.371653870741302,0.5885817732114839,12.812999978609593,0.0
119,37,60,11.470715451718783,0.702922025036901,12.91579707859147,0.0
119,38,60,11.475819519985775,0.6645952361778695,12.91579707859147,0.0
119,39,60,11.345501172036487,0.536509213491555,12.690504090899399,0.0
119,40,60,11.557197669139333,0.6890112573403266,13.044911788871635,0.0
119,41,60,11.554071604435775,0.63660712791251,13.044911788871635,0.0
119,42,60,11.492653541418639,0.6232463565408058,13.919293949575895,0.0
119,43,60,11.532188441455927,0.7113820222528113,13.919293949575895,0.0
119,44,60,11.492920838452859,0.6489547819625426,12.711150831289473,0.0
119,45,60,11.532907746717079,0.5918355788590267,12.683329677723226,0.0
119,46,60,11.494684748927178,0.5722426251442309,12.591500162699075,0.0
120,0,59,11.632757925232184,0.6713283735786952,13.473528758803193,0.0
120,1,59,11.680420365376829,0.541440101788067,13.045070015015288,0.0
120,2,59,11.5479429789242,0.612245432483525,13.045070015015288,0.0
120,3,59,11.466467556695873,0.6065096540732465,12.559419753143347,0.0
120,4,59,11.614806180135922,0.6141564920823501,12.721184987009973,0.0
120,5,59,11.70046698363813,0.6885077058588083,13.03215878052718,0.0
120,6,59,11.655078001906277,0.707499638591205,13.29225248293802,0.0
120,7,59,11.591325082236805,0.6451599967805068,13.29225248293802,0.0
120,8,59,11.514832568252967,0.5900277804179832,12.860959198880725,0.0
120,9,59,11.531574853458759,0.5728943899329576,12.968340387831107,0.0
120,10,59,11.64004500842166,0.6293969471358206,12.968340387831107,0.0
120,11,59,11.552444979688664,0.6838237664828847,12.940690590644458,0.0
120,12,59,11.484920521929554,0.6121472081891854,12.640871342912956,0.0
120,13,59,11.61718238464252,0.6458277722396737,13.432235273216294,0.0
120,14,59,11.63575050113584,0.6353567224123127,13.432235273216294,0.0
120,15,59,11.483692860686773,0.5958112493064794,13.268771318492995,0.0
120,16,59,11.39592203354241,0.6746061185987048,13.440111430504436,0.0
120,17,59,11.390437126100155,0.5887439206536258,13.440111430504436,0.0
120,18,59,11.46885594018252,0.5446664326098599,12.686321147626593,0.0
120,19,59,11.497181368720893,0.6220183482573644,12.794488054958752,0.0
120,20,59,11.479504923180098,0.5979694016275371,12.794488054958752,0.0
120,21,59,11.49808504455198,0.6039219596787848,12.882477756347235,0.0
120,22,59,11.56807556091505,0.6002995468902844,12.882477756347235,0.0
120,23,59,11.558180119521868,0.6270415537100767,12.852589496969408,0.0
120,24,59,11.418365878401175,0.6731597758887021,12.852589496969408,0.0
120,25,59,11.381582841422736,0.6276535167246798,12.749314775037387,0.0
120,26,59,11.461810140777256,0.6684450904368782,13.038459083265922,0.0
120,27,59,11.543636370027679,0.7997144844732686,13.038459083265922,0.0
120,28,59,11.584328378534773,0.8250724867878497,13.54840561768263,0.0
120,29,59,11.542610609612556,0.7656720495814843,13.54840561768263,0.0
120,30,59,11.56031336570636,0.6686067807350901,12.746422379485615,0.0
120,31,59,11.57864534728279,0.5874868346934395,12.598571004267985,0.0
120,32,59,11.489485154306285,0.6287657032064344,12.632003019522013,0.0
120,33,59,11.460762915979304,0.6883772097647959,12.634063939739708,0.0
120,34,59,11.38689982912003,0.6753868687506832,12.634063939739708,0.0
120,35,59,11.48140901712688,0.6719267337542894,12.672057786228146,0.0
120,36,59,11.595596556896346,0.7565891120640709,13.188597018784629,0.0
120,37,59,11.501655316822957,0.7286015198637122,13.188597018784629,0.0
120,38,59,11.446387325686965,0.5964027678334177,13.033179894349582,0.0
120,39,59,11.447492074993844,0.6283003758752769,13.033179894349582,0.0
120,40,59,11.55316722189843,0.6835613941480447,13.170300022098743,0.0
120,41,59,11.581810275461233,0.6290728134576652,13.170300022098743,0.0
120,42,59,11.475448117155617,0.6676979849956297,12.917446388195653,0.0
120,43,59,11.532954641944665,0.7207258494632464,13.040124375710615,0.0
120,44,59,11.548105002262014,0.6713390109111469,13.040124375710615,0.0
120,45,59,11.483575971154899,0.6149923231785495,12.927058129626293,0.0
120,46,59,11.574548226431782,0.5858507851196959,12.677782605579353,0.0
121,0,58,11.555356187658942,0.6379879554329196,12.940791147261145,0.0
121,1,58,11.521296373990621,0.6694842122597147,13.66120963259667,0.0
121,2,58,11.471852643554328,0.6751358507351056,13.66120963259667,0.0
121,3,58,11.535125645744838,0.6496168670010629,12.955929280924593,0.0
121,4,58,11.600077704981263,0.6755309774400494,12.955929280924593,0.0
121,5,58,11.645517192574804,0.6723929738988358,12.844069149922403,0.0
121,6,58,11.574346997399882,0.6582764435204409,12.818570363128533,0.0
121,7,58,11.45161283187356,0.5483213451878163,12.395319762858115,0.0
121,8,58,11.592382829238979,0.6422516132981607,13.20441088995544,0.0
121,9,58,11.623529348204116,0.6836359778279192,13.20441088995544,0.0
121,10,58,11.49442667876119,0.7133580917263014,13.067883360573978,0.0
121,11,58,11.653551387184214,0.74011586329912,13.067883360573978,0.0
121,12,58,11.687737564448636,0.6593391172876106,13.063845086669692,0.0
121,13,58,11.533159701153467,0.6711472073828816,13.063845086669692,0.0
121,14,58,11.495391136353303,0.6301505252726382,12.68108851348593,0.0
121,15,58,11.393955855901607,0.6376090473564175,13.296370864015293,0.0
121,16,58,11.415928243904148,0.7207267217695622,13.296370864015293,0.0
121,17,58,11.437040502176105,0.6541145371940414,12.809938044439642,0.0
121,18,58,11.64553483351064,0.7111240930127426,13.575249183001311,0.0
121,19,58,11.692325505522813,0.7453178517694067,13.575249183001311,0.0
121,20,58,11.555639525017865,0.6062703633845806,12.660010840715362,0.0
121,21,58,11.630241347359071,0.647015564038602,13.101511158973308,0.0
121,22,58,11.526283256006689,0.7165077883797596,13.101511158973308,0.0
121,23,58,11.461557672084366,0.567490327746959,12.78396247849993,0.0
121,24,58,11.528534059225152,0.4389498830308749,12.315921807912835,0.0
121,25,58,11.46916004381855,0.5880587445067095,13.32049144834256,0.0
121,26,58,11.485761973876981,0.6524059746365798,13.32049144834256,0.0
121,27,58,11.544541451424244,0.6024099314759175,13.469703975442899,0.0
121,28,58,11.496017548461753,0.5793028487985921,13.469703975442899,0.0
121,29,58,11.489637814639643,0.6059127357757442,12.611008811599127,0.0
121,30,58,11.578352348246161,0.6464433237405245,13.030869919492972,0.0
121,31,58,11.560184700191305,0.5967944446178844,13.030869919492972,0.0
121,32,58,11.42798499123265,0.6240107584702215,13.115070342186868,0.0
121,33,58,11.424787141355715,0.6463920979870822,13.115070342186868,0.0
121,34,58,11.536019472894424,0.631917549762338,12.891446439416962,0.0
121,35,58,11.64632891866399,0.7315283915261832,13.187930137280043,0.0
121,36,58,11.608797493335565,0.694898931553543,13.187930137280043,0.0
121,37,58,11.623480879543887,0.7195533609411132,13.516876472984622,0.0
121,38,58,11.525547721983786,0.8324258509120881,13.516876472984622,0.0
121,39,58,11.391960066417683,0.6880718428791144,13.035060116283372,0.0
121,40,58,11.48084677032566,0.5609059164913442,12.893186813736595,0.0
121,41,58,11.535102201756589,0.5245013130358583,12.692100272429677,0.0
121,42,58,11.579105945140315,0.557075707810687,12.984219836822122,0.0
121,43,58,11.726258578359076,0.6216189484752928,12.984219836822122,0.0
121,44,58,11.705807117574023,0.6600288324615685,12.891742665190792,0.0
121,45,58,11.581868745935042,0.5818911819233165,12.775198331497725,0.0
121,46,58,11.534786524383248,0.5680804798861054,12.82575151025402,0.0
122,0,57,11.64314460773387,0.5931912230073781,13.259878611094827,0.0
122,1,57,11.550330032737604,0.6613557781315941,13.259878611094827,0.0
122,2,57,11.456109897672718,0.635478060124592,12.828184361091512,0.0
122,3,57,11.563467285482457,0.6492552770982691,12.926024703675505,0.0
122,4,57,11.694077146838792,0.588970069765242,12.926024703675505,0.0
122,5,57,11.724864197280787,0.6133535665445308,13.031067142394425,0.0
122,6,57,11.738643015114057,0.6575937429622787,13.37076917417492,0.0
122,7,57,11.680062541233264,0.6725016444252917,13.37076917417492,0.0
122,8,57,11.634718025752932,0.7669477674313258,13.600264050324881,0.0
122,9,57,11.668635234244462,0.7155981466047528,13.600264050324881,0.0
122,10,57,11.643160180204218,0.678544400382619,12.801644856933502,0.0
122,11,57,11.554390860514191,0.6639575005650479,12.801644856933502,0.0
122,12,57,11.538571422498684,0.5834453867950118,12.686328803619956,0.0
122,13,57,11.67741472299386,0.6705414398822814,13.070165760363114,0.0
122,14,57,11.703097689675143,0.641909012965557,13.070165760363114,0.0
122,15,57,11.673186950209896,0.6011158297154642,13.301891757278785,0.0
122,16,57,11.594031186330419,0.7132732362338986,13.301891757278785,0.0
122,17,57,11.588143591661296,0.7516962263733857,13.179833638467606,0.0
122,18,57,11.690726672723379,0.7458440101956864,13.179833638467606,0.0
122,19,57,11.593468626543183,0.7355456652039294,13.102400188820607,0.0
122,20,57,11.546941468004777,0.6791155418560201,12.772139289421734,0.0
122,21,57,11.589912091418293,0.5865834746201268,12.772139289421734,0.0
122,22,57,11.46912503517061,0.5386117188030608,12.61474916991403,0.0
122,23,57,11.562079493713103,0.6788057602851382,13.037002396363286,0.0
122,24,57,11.69133223090759,0.7737822136780701,14.31147555326243,0.0
122,25,57,11.59777704195974,0.7051168438236645,14.31147555326243,0.0
122,26,57,11.684747888786191,0.5683184502041212,12.649905586195631,0.0
122,27,57,11.756794430338726,0.6198591122203754,13.066267971090202,0.0
122,28,57,11.767055041702267,0.7264613535420934,13.288667090474728,0.0
122,29,57,11.78002911398704,0.658094033738228,13.288667090474728,0.0
122,30,57,11.782597855952432,0.606022725970759,12.978637762938016,0.0
122,31,57,11.646371077142671,0.7410683662513253,13.084090296144344,0.0
122,32,57,11.488573656198806,0.7092726736858912,13.084090296144344,0.0
122,33,57,11.530349806582718,0.7024246483851868,13.691765930357867,0.0
122,34,57,11.630377249339913,0.7137362470697886,13.691765930357867,0.0
122,35,57,11.650283391695629,0.6259322135756901,13.037802791947351,0.0
122,36,57,11.558902542250978,0.6710617382803425,13.027239004124857,0.0
122,37,57,11.619054012130231,0.7515843302410206,12.822028845675998,0.0
122,38,57,11.761904006214166,0.7624661466380218,13.223199645566297,0.0
122,39,57,11.584958605482136,0.7148829164397517,13.223199645566297,0.0
122,40,57,11.495595821036071,0.6908639997822007,12.947604458646262,0.0
122,41,57,11.688426057743223,0.734519214447576,12.96929892203574,0.0
122,42,57,11.676985435982326,0.7391983562264468,13.002902101185253,0.0
122,43,57,11.560825254961404,0.6823056750457159,13.002902101185253,0.0
122,44,57,11.697932268167696,0.719855693304416,13.21045543456376,0.0
122,45,57,11.842398867631417,0.7406228860976464,13.21045543456376,0.0
122,46,57,11.663499232040165,0.7007597924169524,13.066124262280907,0.0
123,0,56,11.655203492809932,0.6703646911505646,13.180502109713581,0.0
123,1,56,11.648152025547247,0.6941901020846065,13.311506479576748,0.0
123,2,56,11.682816929761882,0.7438927212966264,13.654995562132083,0.0
123,3,56,11.720859938786264,0.6117575226064477,13.654995562132083,0.0
123,4,56,11.780551440296502,0.4824049670711354,12.76049375074593,0.0
123,5,56,11.778035213047286,0.5653657110869561,13.084814178031642,0.0
123,6,56,11.722287362663767,0.6834965346774876,13.153292422074335,0.0
123,7,56,11.769698430450093,0.7301315658000439,13.153292422074335,0.0
123,8,56,11.798926333041601,0.6659465792077126,13.051410506524249,0.0
123,9,56,11.701819972090236,0.5828541718571422,13.016236856496171,0.0
123,10,56,11.592808010902639,0.596698857897084,12.93042974618278,0.0
123,11,56,11.558906412590469,0.6191341688905735,12.829270046488336,0.0
123,12,56,11.711627507057965,0.6506809616494788,13.119317071721587,0.0
123,13,56,11.810113510585039,0.7089547499521577,13.119317071721587,0.0
123,14,56,11.680971711632377,0.6872803828058984,12.961819735546761,0.0
123,15,56,11.578932153817497,0.6272603793804697,12.898824389038854,0.0
123,16,56,11.615432668530211,0.6460088437319669,12.872726453993936,0.0
123,17,56,11.624792217183668,0.6825809603009652,12.872726453993936,0.0
123,18,56,11.50467737296246,0.6870325082377293,13.058296353763303,0.0
123,19,56,11.604224635685522,0.6971655242401592,13.058296353763303,0.0
123,20,56,11.903128695873033,0.7708381315656191,13.939453881495988,0.0
123,21,56,11.855359543091843,0.7706065609679291,13.939453881495988,0.0
123,22,56,11.718100728233185,0.7152043681182951,13.494882380010331,0.0
123,23,56,11.686970191806111,0.6655482897568202,13.494882380010331,0.0
123,24,56,11.637037120886138,0.6421822378143112,13.067337478186268,0.0
123,25,56,11.66015200303694,0.6964387995784286,13.067337478186268,0.0
123,26,56,11.727451485248963,0.6263498747321459,13.215802796899075,0.0
123,27,56,11.716985769762656,0.6254573098745493,13.343222662869971,0.0
123,28,56,11.627541812456467,0.5911906814768364,13.343222662869971,0.0
123,29,56,11.637730753684552,0.6279712029985057,13.76642946750291,0.0
123,30,56,11.793856962321126,0.6746898318396333,13.76642946750291,0.0
123,31,56,11.827285227736514,0.6422758418647287,13.61481544216593,0.0
123,32,56,11.748491444496993,0.6060510132331831,13.61481544216593,0.0
123,33,56,11.822356151370077,0.727201521208416,13.568839076789638,0.0
123,34,56,11.790302465471552,0.8707654255742401,13.568839076789638,0.0
123,35,56,11.695246755769608,0.7905371130124379,13.33620483198054,0.0
123,36,56,11.723954737726174,0.6206759101154,13.33620483198054,0.0
123,37,56,11.737793718254304,0.5456949787258522,13.343107172733568,0.0
123,38,56,11.829218046675908,0.6638130828835668,13.840873210952447,0.0
123,39,56,11.792694995448425,0.7346811520552056,13.840873210952447,0.0
123,40,56,11.680644135737978,0.6702882979760126,13.077389671647206,0.0
123,41,56,11.720721249063216,0.6030506991032564,12.812328917737123,0.0
123,42,56,11.59198240350147,0.6256367016032436,12.812328917737123,0.0
123,43,56,11.58860606119429,0.695802861958024,13.378950395047202,0.0
123,44,56,11.748849994661628,0.7276435260742036,13.378950395047202,0.0
123,45,56,11.771231960531823,0.7249676766199483,13.362177177992466,0.0
123,46,56,11.693093678118199,0.7243193672240886,13.03712711251852,0.0
124,0,55,11.735943806357868,0.7185208901275347,13.002693615357623,0.0
124,1,55,11.759082302510441,0.6387287641065382,13.002693615357623,0.0
124,2,55,11.796021547996244,0.6781579817053563,13.56107482485404,0.0
124,3,55,11.627871683206534,0.806267085262582,13.56107482485404,0.0
124,4,55,11.650095754800201,0.7479740414411217,13.029317257280601,0.0
124,5,55,11.741031021754036,0.6191318783506787,13.029317257280601,0.0
124,6,55,11.59584081787681,0.6529807430097009,12.84727437267059,0.0
124,7,55,11.729892317662257,0.7504511461532234,13.429785917034794,0.0
124,8,55,11.7601846923269,0.7596258063974393,13.429785917034794,0.0
124,9,55,11.71479077521576,0.7868673977181493,13.862202463997761,0.0
124,10,55,11.639586812452936,0.8373892671843797,13.862202463997761,0.0
124,11,55,11.578115536327806,0.8127901454096328,13.430099685561197,0.0
124,12,55,11.54266944666156,0.723496774176262,13.36482829283327,0.0
124,13,55,11.56614208787536,0.6596341581600351,12.882973386209407,0.0
124,14,55,11.676118142715982,0.5981394516049239,12.882973386209407,0.0
124,15,55,11.749045853884546,0.6937124340207441,13.477672034065598,0.0
124,16,55,11.8085769479062,0.7890718141019208,13.477672034065598,0.0
124,17,55,11.75047677484718,0.7182865478170378,13.210373781114617,0.0
124,18,55,11.766496857191548,0.6129765868079777,13.385750946166683,0.0
124,19,55,11.82789487086406,0.5671900786399646,13.385750946166683,0.0
124,20,55,11.81896911599232,1.0564841618793779,18.461436125014362,0.016666666666666666
124,21,55,11.806061280472711,1.1001172001026365,18.461436125014362,0.016666666666666666
124,22,55,11.81157258669218,0.7105456795112192,13.057579241849098,0.0
124,23,55,11.830359716084066,0.6360704800959235,12.99410518219698,0.0
124,24,55,11.747263096929839,0.725791633748258,13.393372809380859,0.0
124,25,55,11.637151829976082,0.7331390257530234,13.393372809380859,0.0
124,26,55,11.664038033282234,0.7023318758643511,13.407217970499584,0.0
124,27,55,11.678488130976278,0.7525329741525574,13.407217970499584,0.0
124,28,55,11.704211831669683,0.7446629939145667,13.056511895657,0.0
124,29,55,11.70445913026843,0.7790995015393687,13.219259610908182,0.0
124,30,55,11.685053724232375,0.7374004714597456,13.643551658938785,0.0
124,31,55,11.746846758325754,0.6597502893201166,13.643551658938785,0.0
124,32,55,11.842390692751689,0.6947435086885527,13.236796744632974,0.0
124,33,55,11.852842104291916,0.6930570045626055,13.236796744632974,0.0
124,34,55,11.773192258572509,0.6790639582788972,13.301874733407365,0.0
124,35,55,11.821397000423344,0.7689943934394041,13.556235468388598,0.0
124,36,55,11.819727023103882,0.7316953120078854,13.556235468388598,0.0
124,37,55,11.74081005075811,0.7676470224070395,13.555401246861932,0.0
124,38,55,11.84773933172295,0.7871802429343973,14.102230473436048,0.0
124,39,55,11.776511857607094,0.6405221345797608,14.102230473436048,0.0
124,40,55,11.779437170876019,0.6894694197779695,13.016312640766778,0.0
124,41,55,11.843165279876608,0.7142062406761783,13.016312640766778,0.0
124,42,55,11.57163720034856,0.6694528625035677,12.789225389993042,0.0
124,43,55,11.517646700892113,0.6686584580594722,13.239398836035223,0.0
124,44,55,11.644447038095578,0.8205048474193319,13.961060200644429,0.0
124,45,55,11.745471165134418,0.7919803420429321,13.961060200644429,0.0
124,46,55,11.777428570481678,0.6892285231361268,13.137835159211699,0.0
125,0,54,11.774815349671597,0.6678662467663944,13.352967923921357,0.0
125,1,54,11.686846421616533,0.6938950433812259,13.352967923921357,0.0
125,2,54,11.543162951743549,0.6955770273086961,13.204219228886716,0.0
125,3,54,11.697602455281983,0.7718836464590282,13.679324919257766,0.0
125,4,54,11.793829313888569,0.7368573150371124,13.679324919257766,0.0
125,5,54,11.8166378644576,0.7707375078911761,13.540443173247827,0.0
125,6,54,11.766979303519516,0.7344688437884126,13.540443173247827,0.0
125,7,54,11.733821659468441,0.5783996969480056,13.00521269335977,0.0
125,8,54,11.770049189053806,0.592207022570079,13.05870138930651,0.0
125,9,54,11.8082132925458,0.6019835548612498,13.249612569163602,0.0
125,10,54,11.882704905138153,0.6585078548568108,14.175017491762448,0.0
125,11,54,11.867567210342166,0.6878491637304406,14.175017491762448,0.0
125,12,54,11.744314546767189,0.6247181957212381,13.136793450672066,0.0
125,13,54,11.686234559172492,0.6178773045038539,13.074818432332075,0.0
125,14,54,11.76650657849358,0.7144449235051935,13.692922716614824,0.0
125,15,54,11.692081885689904,0.790744519705051,13.692922716614824,0.0
125,16,54,11.688375381960952,0.7720073140616482,13.792578380856394,0.0
125,17,54,11.726961744816391,0.7492730214326313,13.792578380856394,0.0
125,18,54,11.703175135559812,0.7584062873769503,13.276019252133462,0.0
125,19,54,11.862952854721891,0.6600648705913469,13.1366382284066,0.0
125,20,54,11.91593313476952,0.5897919738030047,12.946922959283846,0.0
125,21,54,11.8465346069803,0.7726621950755788,13.683890337004346,0.0
125,22,54,11.758395694422891,0.7507107362035058,13.683890337004346,0.0
125,23,54,11.789211409703045,0.6155752981040999,13.283716020862487,0.0
125,24,54,11.850862915994227,0.6727966885253761,13.970573245352352,0.0
125,25,54,11.796631709653848,0.7342376134919655,13.970573245352352,0.0
125,26,54,11.73764789480422,0.666334573009605,13.266327276936286,0.0
125,27,54,11.823746066280876,0.6828313550212933,13.699738734295936,0.0
125,28,54,11.88413123804562,0.7663740666424006,13.699738734295936,0.0
125,29,54,11.829875439573618,0.7430808039892867,13.183274590018836,0.0
125,30,54,11.817850128715605,0.6791763477632019,13.567744514651782,0.0
125,31,54,11.860153314429029,0.7085097053077852,13.567744514651782,0.0
125,32,54,12.09275957857537,0.8283976834042951,14.223943995344865,0.0
125,33,54,12.036106095699838,0.7727930165704184,14.223943995344865,0.0
125,34,54,11.758647344918007,0.6867727603911264,13.380115183361122,0.0
125,35,54,11.685766212419175,0.7261157164304912,13.380115183361122,0.0
125,36,54,11.700216325874784,0.7541292124180538,13.140572363652135,0.0
125,37,54,11.699165446400935,0.7301199383353032,13.312806205959665,0.0
125,38,54,11.858188135537493,0.6665717474474945,13.368442838844215,0.0
125,39,54,11.839051908303812,0.7456680247479357,13.368442838844215,0.0
125,40,54,11.69985385147242,0.7347431454248456,13.651532026908566,0.0
125,41,54,11.751193669701472,0.6775312138039521,13.651532026908566,0.0
125,42,54,11.805731379888435,0.668424528125785,13.409126669874338,0.0
125,43,54,11.800629093362657,0.8413840982223376,14.015704908248939,0.0
125,44,54,11.783103257618045,0.9316473906239153,14.015704908248939,0.0
125,45,54,11.789741757775769,0.7555221151604441,13.204965465420965,0.0
125,46,54,11.858716637251447,0.6994884175558851,13.717575171898341,0.0
126,0,53,11.897964086162624,0.6644551544684386,13.225918868957608,0.0
126,1,53,11.920505862658272,0.7142535131012179,13.689938097467351,0.0
126,2,53,11.885261543279396,0.7414600567491237,13.689938097467351,0.0
126,3,53,11.931248802972556,0.6702431881281606,13.381662997996035,0.0
126,4,53,11.920777299048465,0.765057143354142,13.381662997996035,0.0
126,5,53,11.805314830427154,0.8657881222625625,13.2948497068572,0.0
126,6,53,11.781475413381177,0.8106337311083922,13.226414851413088,0.0
126,7,53,11.797261469073398,0.7320429813271028,13.180436034335337,0.0
126,8,53,11.7489297032082,0.7441485553217592,14.053880148379289,0.0
126,9,53,11.86214857145258,0.8258614881252874,14.053880148379289,0.0
126,10,53,11.917120866274967,0.7326826222088901,13.87580842105388,0.0
126,11,53,11.841622429190899,0.611671702687539,13.321616828830614,0.0
126,12,53,11.871047013476339,0.6356557677666347,13.321616828830614,0.0
126,13,53,11.815230949281482,0.5912980929049818,13.105457797993408,0.0
126,14,53,11.864290488578249,0.701403411002614,14.518667051995207,0.0
126,15,53,11.87204592596814,0.7978263516106042,14.518667051995207,0.0
126,16,53,11.8423596147222,0.7443914863504659,13.788468385582867,0.0
126,17,53,11.741231980508173,0.6916117065242136,13.287325737480572,0.0
126,18,53,11.54964190997864,0.6920865546153627,12.949247761857439,0.0
126,19,53,11.621424340794649,0.6877432590499699,13.30179492053553,0.0
126,20,53,11.725458898722522,0.6266102379774238,13.30179492053553,0.0
126,21,53,11.771643645053889,0.5784347220449626,13.165833935816668,0.0
126,22,53,11.853696973600647,0.6537497382040456,13.273952869392563,0.0
126,23,53,11.821214553414553,0.6418605555987897,13.273952869392563,0.0
126,24,53,11.79043584044209,0.6769721309933023,14.60258577877969,0.0
126,25,53,11.855812537244491,0.7271266542159919,14.60258577877969,0.0
126,26,53,11.643156212848945,0.621515867554022,13.31214376407952,0.0
126,27,53,11.684075845746051,0.6339806182905561,13.686358216858176,0.0
126,28,53,11.879903433480434,0.6117650015007583,13.686358216858176,0.0
126,29,53,11.846845373975212,0.6000838205125096,12.974036384774262,0.0
126,30,53,11.893410465657519,0.6302373648513276,13.98684788133574,0.0
126,31,53,12.007744224630155,0.7027965259586924,13.98684788133574,0.0
126,32,53,11.983474390191128,0.7149906902556455,13.151901484214251,0.0
126,33,53,11.93592698085816,0.6482905062170763,13.227766050527125,0.0
126,34,53,11.852598419145318,0.7002824363275402,13.227766050527125,0.0
126,35,53,11.767825001281539,0.7228568978883787,13.285571597815185,0.0
126,36,53,11.76642053844335,0.758951165785369,13.350678346237583,0.0
126,37,53,11.676461751983645,0.8581151348563888,13.94332408290176,0.0
126,38,53,11.734782083446412,0.8271269511508029,13.94332408290176,0.0
126,39,53,11.827573933454618,0.7587512430103571,13.433359233247169,0.0
126,40,53,11.940040015454313,0.7604565645907008,13.433359233247169,0.0
126,41,53,11.937351172074084,0.6763191145262957,13.313190013766668,0.0
126,42,53,11.714755196109842,0.6807851503964919,13.004518923174853,0.0
126,43,53,11.852064028226948,0.8044090049377538,13.555615514827,0.0
126,44,53,12.012113356837677,0.7410267673438024,13.555615514827,0.0
126,45,53,11.848325049758653,0.6541617040457322,13.505586993368103,0.0
126,46,53,11.792684198928507,0.7206638994517955,14.130783930952587,0.0
127,0,52,11.946785685225475,0.8158703177497886,14.1451388265234,0.0
127,1,52,12.048869098616715,0.77314514458978,13.581319934082032,0.0
127,2,52,12.024725260459409,0.714773160086755,13.510201062059943,0.0
127,3,52,11.948344584338814,0.7298063956301679,13.525248101836953,0.0
127,4,52,11.837917140070743,0.6850788139764564,13.525248101836953,0.0
127,5,52,11.879738230526634,0.67283807340448,13.432703120545996,0.0
127,6,52,11.975969507015659,0.7253979243946724,13.979603634468205,0.0
127,7,52,11.956027950246197,0.7108574544842688,13.979603634468205,0.0
127,8,52,11.890205499867426,0.7221826251183249,13.498626116688852,0.0
127,9,52,11.780486155784228,0.7486980048280181,13.438754114417206,0.0
127,10,52,11.767236238350906,0.6809526317838568,13.060906570218018,0.0
127,11,52,11.817074719829693,0.6630995374045942,13.038066078748674,0.0
127,12,52,11.852627720371721,0.7339307483444946,13.599418827315274,0.0
127,13,52,11.97209580326533,0.7495792878271159,13.599418827315274,0.0
127,14,52,11.982293397863723,0.7171776963672797,13.436424383416565,0.0
127,15,52,11.834243191159384,0.7985050261156533,13.644580665818012,0.0
127,16,52,11.818480860485096,0.8023792163487886,13.644580665818012,0.0
127,17,52,11.89479185369483,0.7269540061120858,12.969544986042038,0.0
127,18,52,11.855496981990175,0.7700649658073566,13.383086410478766,0.0
127,19,52,11.80534586217556,0.7648522680442872,13.383086410478766,0.0
127,20,52,11.961701987419081,0.724727667638678,13.592299726051339,0.0
127,21,52,11.925857599387706,0.696409171023839,13.592299726051339,0.0
127,22,52,11.79257924527929,0.7260642725188188,13.572588502556922,0.0
127,23,52,11.890763672734241,0.7506847691825678,13.572588502556922,0.0
127,24,52,11.883419532492287,0.6892616421368396,13.473376861892712,0.0
127,25,52,11.788757334432072,0.7655635584168999,12.88384822887802,0.0
127,26,52,11.869607736264955,0.7613416384520741,13.29541962614109,0.0
127,27,52,11.929824664001776,0.7398766316883544,13.29541962614109,0.0
127,28,52,11.857714423798235,0.7458146757297153,13.240984433415544,0.0
127,29,52,11.86228408446585,0.7264330126392056,13.240984433415544,0.0
127,30,52,11.932028420920249,0.7159748582507466,13.599424287426439,0.0
127,31,52,11.943877651002063,0.690602641299664,13.599424287426439,0.0
127,32,52,11.907022209863335,0.6139871943054671,13.541125001695768,0.0
127,33,52,11.943973044707258,0.6605601388989034,13.83403032536619,0.0
127,34,52,12.009226371446323,0.7938509524292072,13.83403032536619,0.0
127,35,52,12.04743505636225,0.8100232606267993,13.988286453487765,0.0
127,36,52,11.913531479816745,0.8232190806515162,13.988286453487765,0.0
127,37,52,11.82018698416431,0.80066951997392,13.114124765080842,0.0
127,38,52,11.787141039235536,0.7464845943011004,13.140515118438916,0.0
127,39,52,11.85276790781285,0.6165644632904141,13.140515118438916,0.0
127,40,52,11.833884351711061,0.6294060117499776,13.415681030759051,0.0
127,41,52,11.834521999107649,0.7992191234401692,14.148131382504966,0.0
127,42,52,11.914134995085638,0.7515314185352392,14.148131382504966,0.0
127,43,52,11.808159798241496,0.6619138185681478,13.421883744749577,0.0
127,44,52,11.892422871485913,0.7648719750304748,13.520386178951036,0.0
127,45,52,11.951346480177097,0.8002168917292505,13.688165659186561,0.0
127,46,52,11.88785145962756,0.7616629454249736,13.688165659186561,0.0
128,0,51,12.060332979922617,0.8460736483254337,14.083329330829171,0.0
128,1,51,12.11055365996195,0.8460392082185086,14.808760130332557,0.0
128,2,51,12.240688050498358,0.8578103857408865,14.808760130332557,0.0
128,3,51,12.157109048224934,0.7717932643387585,14.232375812402587,0.0
128,4,51,12.05862114296434,0.7040829986911467,13.65117566139985,0.0
128,5,51,11.92122824532897,0.7223203158930702,13.467791062956222,0.0
128,6,51,11.856182476062402,0.8380165167458604,13.903398241348778,0.0
128,7,51,11.803612874508739,0.8459861868831984,13.903398241348778,0.0
128,8,51,11.886490586388732,0.811345489861933,13.633773640015523,0.0
128,9,51,11.927350516672574,0.8059484648219956,13.633773640015523,0.0
128,10,51,11.938374198011612,0.8232477384946669,13.967711467396256,0.0
128,11,51,12.030291764917413,0.8158408662001742,13.967711467396256,0.0
128,12,51,11.916953108200245,0.7246367742104399,13.643029168569914,0.0
128,13,51,11.864615153826215,0.6682949736072572,13.414954530842548,0.0
128,14,51,11.978540879909495,0.7188697367156006,14.807532592373184,0.0
128,15,51,12.034691601824989,0.7371989897374401,14.807532592373184,0.0
128,16,51,11.914571213848586,0.6757367475097636,13.523272604754395,0.0
128,17,51,11.897655492847768,0.7229706318366425,13.523272604754395,0.0
128,18,51,11.995078934406719,0.7586273086730411,13.576411714076851,0.0
128,19,51,11.926808174912928,0.6693236824942227,13.576411714076851,0.0
128,20,51,11.92205292446861,0.6610120114560145,13.991111699011059,0.0
128,21,51,11.942695862857853,0.6901405183485994,13.991111699011059,0.0
128,22,51,11.915684437125378,0.6257761257586409,13.312250628557551,0.0
128,23,51,11.954935906363405,0.6923639062878362,13.732955111176185,0.0
128,24,51,11.995142055955053,0.7686296944281111,13.732955111176185,0.0
128,25,51,12.017727144087788,0.7421602156144166,13.639801471763299,0.0
128,26,51,11.759645331725046,0.7958294766712656,13.528647247195613,0.0
128,27,51,11.540792246452979,0.709103193064448,13.304428178831968,0.0
128,28,51,11.79013807544209,0.6757189514924903,13.304428178831968,0.0
128,29,51,11.888189865189757,0.6461155289190262,13.253255639189915,0.0
128,30,51,11.780334130981673,0.6530099822169028,13.253255639189915,0.0
128,31,51,11.870030294047044,0.6658345627193185,13.2467156381043,0.0
128,32,51,12.01838593134698,0.6532454754618369,13.36220352163576,0.0
128,33,51,12.010851475857331,0.6958020498337312,13.689286274923255,0.0
128,34,51,12.003619701978634,0.7088498099994004,13.689286274923255,0.0
128,35,51,12.064235090594737,0.6683077529561691,13.329078298330822,0.0
128,36,51,12.037644709261139,0.6396724703138427,13.399415391677575,0.0
128,37,51,12.01214222390805,0.7538478394551572,13.585795631155875,0.0
128,38,51,12.023857747804438,0.7607739139527233,13.585795631155875,0.0
128,39,51,12.044353509043306,0.7635520558531084,13.928571561345638,0.0
128,40,51,12.045910664218942,0.7728791094700252,13.928571561345638,0.0
128,41,51,12.042898009185626,0.7251930899382716,13.519230473806514,0.0
128,42,51,11.913429022311357,0.7208078495383838,13.519230473806514,0.0
128,43,51,11.89083977757482,0.7032758333487916,13.276335104449684,0.0
128,44,51,11.944681293296506,0.842651152553879,14.015755711326499,0.0
128,45,51,11.948279625148833,0.8497286127614517,14.015755711326499,0.0
128,46,51,12.075881812321896,0.7138960669577786,13.677732198770501,0.0
129,0,50,12.18652581989339,0.7875236026917457,14.634514009050909,0.0
129,1,50,12.179211391860685,0.7863067477784563,14.634514009050909,0.0
129,2,50,12.036179079900661,0.6544442152190459,14.119713532289062,0.0
129,3,50,12.0270019061382,0.6848683852100004,13.563060061611269,0.0
129,4,50,12.068725083155213,0.7634021594828626,13.563060061611269,0.0
129,5,50,12.068200376865624,0.7220100732780844,13.272672873566028,0.0
129,6,50,12.003148569950945,0.6863247614329443,13.345432521206208,0.0
129,7,50,12.000786911375242,0.657961819771033,13.345432521206208,0.0
129,8,50,11.984243413216149,0.7095018386022203,14.02401977001301,0.0
129,9,50,11.949240757783938,0.7725278086213485,14.02401977001301,0.0
129,10,50,11.971509650033429,0.7025314309087389,13.445395724073554,0.0
129,11,50,12.019975325399184,0.7663449807034681,13.802853319099883,0.0
129,12,50,11.980042512303212,0.7229211431060891,13.802853319099883,0.0
129,13,50,11.878513485918292,0.630874657909155,13.22240751965919,0.0
129,14,50,11.881641841517293,0.6290173997140266,13.029490532720333,0.0
129,15,50,12.047938326711142,0.7152478895669402,13.424835570302708,0.0
129,16,50,12.006392848116759,0.7871844622829993,13.424835570302708,0.0
129,17,50,11.868189685556237,0.7385375055732205,13.94445111536684,0.0
129,18,50,12.029102253242291,0.734976558311545,13.94445111536684,0.0
129,19,50,12.096243332269365,0.719684290433077,13.801529810422787,0.0
129,20,50,12.044239140419858,0.7526546495465741,14.064928685498776,0.0
129,21,50,11.973646843864278,0.8437364760440591,14.064928685498776,0.0
129,22,50,11.972165528398012,0.8241407554254602,13.77904667009776,0.0
129,23,50,12.12693143703406,0.6710834707980493,13.77904667009776,0.0
129,24,50,12.08016382500228,0.6963702404917345,13.360560371135604,0.0
129,25,50,11.908592862396262,0.8033822082390774,14.498460665396536,0.0
129,26,50,11.959207438435499,0.7912183260836746,14.498460665396536,0.0
129,27,50,12.013971306845853,0.7371736438648754,13.512116305439552,0.0
129,28,50,11.948579659994627,0.6610014163813325,13.512116305439552,0.0
129,29,50,12.01613038442638,0.7440239417468238,14.63601238171247,0.0
129,30,50,12.120063095665387,0.8466510927242701,14.63601238171247,0.0
129,31,50,12.103079024140394,0.864965960737697,13.569172684201117,0.0
129,32,50,12.003280483974116,0.859093916961542,14.133567809998896,0.0
129,33,50,11.908554347545937,0.7218368736590851,14.133567809998896,0.0
129,34,50,11.96001983551281,0.6990303200612809,13.303603648780873,0.0
129,35,50,11.957856345797333,0.6978543786530716,13.303603648780873,0.0
129,36,50,11.912137584965688,0.7179999612009377,13.800290965645862,0.0
129,37,50,11.94283740628986,0.7282663158025422,13.800290965645862,0.0
129,38,50,11.987494990582839,0.6543623431686157,13.30595194367349,0.0
129,39,50,12.063865330494032,0.8206495444370363,13.559520714911947,0.0
129,40,50,12.117184266164537,0.8488151591829732,13.559520714911947,0.0
129,41,50,12.081428556186765,0.7481273657956105,13.606415957626723,0.0
129,42,50,12.054893352916883,0.756224159389549,13.895835578729585,0.0
129,43,50,12.068028118610691,0.7604487083981252,13.895835578729585,0.0
129,44,50,11.938049982660345,0.7751749479986733,13.471580172643264,0.0
129,45,50,11.816400699852954,0.8139470180487867,13.442757452152065,0.0
129,46,50,11.957981020961904,0.8340665320261352,13.654037058851795,0.0
130,0,49,11.99027164512922,0.7017931862744243,13.527786118295536,0.0
130,1,49,12.136306641219946,0.7164675571017649,14.164142088644628,0.0
130,2,49,12.17275632625749,0.7267577981685719,14.164142088644628,0.0
130,3,49,12.148624909988987,0.6656627825976283,13.578253725472717,0.0
130,4,49,12.01431302064109,0.7046042526235172,13.578253725472717,0.0
130,5,49,11.952338902551045,0.6136547672622182,13.380926681324302,0.0
130,6,49,12.080859812193912,0.6731064343664331,13.682000658845753,0.0
130,7,49,12.062110830155374,0.7501867140309465,13.682000658845753,0.0
130,8,49,12.114180113469109,0.7279099898257377,14.003065819882229,0.0
130,9,49,12.005882666762668,0.7350335723023147,14.003065819882229,0.0
130,10,49,11.95425229143731,0.8002278815187478,13.816409960211251,0.0
130,11,49,12.000771844192375,0.8334741552159469,13.628995246033956,0.0
130,12,49,11.974094226008589,0.8421067282148105,13.70617675385505,0.0
130,13,49,11.999837602214692,0.8024999112851415,13.70617675385505,0.0
130,14,49,11.835656986151967,0.7020207257784357,13.223210075410824,0.0
130,15,49,11.994396465112166,0.9079161749420406,14.613359872424532,0.0
130,16,49,12.074189214457153,0.8972044175303514,14.613359872424532,0.0
130,17,49,11.870523708113677,0.7238232650885795,13.130869478811642,0.0
130,18,49,12.011205364893117,0.811574699263959,13.878151251399297,0.0
130,19,49,12.047216410342575,0.7832097516754911,13.878151251399297,0.0
130,20,49,11.971989668201768,0.6633501544158243,13.346750772837536,0.0
130,21,49,11.983467589795627,0.6877800215743577,13.658310821591076,0.0
130,22,49,12.095926631850693,0.7398412260211733,14.278843073455697,0.0
130,23,49,12.206642747604691,0.7878177361471701,14.278843073455697,0.0
130,24,49,12.009627048723567,0.8360858223491608,13.642122644132614,0.0
130,25,49,11.928824905893839,0.7455115989542695,13.214988955509211,0.0
130,26,49,11.997284055695323,0.7212890449764477,13.396155252368848,0.0
130,27,49,12.066210867085823,0.7476736104483434,13.89756392767316,0.0
130,28,49,12.127605673492111,0.7303199222253285,13.89756392767316,0.0
130,29,49,12.033253549256555,0.7124683647724837,13.435778779292646,0.0
130,30,49,12.050684670097953,0.7192483940653451,14.127279995819663,0.0
130,31,49,12.04988503028657,0.6620543546524316,14.127279995819663,0.0
130,32,49,12.090866877049358,0.6756589078180658,13.74567621052204,0.0
130,33,49,12.110785239861691,0.8546481018151874,13.698181443118745,0.0
130,34,49,11.949498620809104,0.8703710470297878,13.698181443118745,0.0
130,35,49,12.020770092427712,0.7515249453255772,13.406843569278747,0.0
130,36,49,12.126259667767394,0.7088833231456335,13.832388402892834,0.0
130,37,49,12.115558979574745,0.7558607025771534,13.858443498442721,0.0
130,38,49,12.01764337546693,0.7891761067626226,14.138322480832398,0.0
130,39,49,12.00707257609667,0.8100782700819078,14.728239308187206,0.0
130,40,49,12.06085095886579,0.9231436225591138,14.728239308187206,0.0
130,41,49,12.005732974455341,0.9334963717120468,14.117469204935347,0.0
130,42,49,12.125099557815043,0.9039104033018862,14.418318644354578,0.0
130,43,49,12.063583836591615,0.8967994290905373,14.418318644354578,0.0
130,44,49,11.916004495617404,0.7614321562936553,13.653086650683097,0.0
130,45,49,12.160833031451943,0.7442634733637451,13.976309732651488,0.0
130,46,49,12.149321263634778,0.751608763211594,13.976309732651488,0.0
131,0,48,11.931068513041659,0.7494660493629182,13.519271876386684,0.0
131,1,48,11.93213245180188,0.7795372755396444,13.496008159889403,0.0
131,2,48,12.204538631039382,0.8356071198883228,13.782279859544051,0.0
131,3,48,12.186237177662452,0.7589532229720001,13.782279859544051,0.0
131,4,48,11.9752704693481,0.726872373488734,13.32509452452288,0.0
131,5,48,11.911815251767196,0.8122166862041372,13.430207985567556,0.0
131,6,48,11.918548943238553,0.8232296957474092,14.282179486910056,0.0
131,7,48,12.020785710351156,0.8854060909132562,14.282179486910056,0.0
131,8,48,12.040692914097425,0.8418126078826317,13.909525362754088,0.0
131,9,48,12.142072362774448,0.78315294898754,14.180791881318212,0.0
131,10,48,12.05540958294439,0.7737015792694834,14.180791881318212,0.0
131,11,48,12.032481229772928,0.7419618995396634,13.857431948032657,0.0
131,12,48,12.16392279044163,0.7792451277544377,13.857431948032657,0.0
131,13,48,12.206373641543257,0.7245848879937249,13.800259315634808,0.0
131,14,48,12.272583051965286,0.741098705831472,14.602103509080447,0.0
131,15,48,12.148681340210885,0.864686966067356,14.602103509080447,0.0
131,16,48,11.971026055654832,0.8424413321112982,13.423949595298268,0.0
131,17,48,12.088257811011761,0.729897534307437,13.741291770913138,0.0
131,18,48,12.11973639318154,0.7267788550377009,13.741291770913138,0.0
131,19,48,12.039741577284914,0.822744255118185,13.568410341376072,0.0
131,20,48,12.017959010340869,0.7866451656324361,13.568410341376072,0.0
131,21,48,11.963339972833865,0.6738624556226017,13.54180005947534,0.0
131,22,48,12.041945451619922,0.6880126741944146,13.712090938397766,0.0
131,23,48,12.189565646941906,0.7698648611247443,13.949011393461735,0.0
131,24,48,12.041145627462287,0.7780614784880457,13.949011393461735,0.0
131,25,48,12.018457264523907,0.7087883306296923,13.8560633956328,0.0
131,26,48,12.149211372495603,0.6747911978018623,13.8560633956328,0.0
131,27,48,12.088764672165867,0.7224515542887018,13.927007816863421,0.0
131,28,48,12.006780802898826,0.7081550721746681,13.927007816863421,0.0
131,29,48,12.172738092641987,0.7815750949946991,13.71014642955594,0.0
131,30,48,12.21439099659139,0.7947232073506332,13.71014642955594,0.0
131,31,48,12.151044228497105,0.8058184220939685,13.92499078174404,0.0
131,32,48,12.239059565143032,0.8264649149353387,13.92499078174404,0.0
131,33,48,12.118061218831429,0.8624121675943275,14.03668473445636,0.0
131,34,48,12.13260814458345,0.8738067324338782,14.03668473445636,0.0
131,35,48,12.210258008917434,0.8540102630165654,13.703109591146935,0.0
131,36,48,12.153494180167383,0.8193237579262268,13.703109591146935,0.0
131,37,48,12.133709819729292,0.7860024641526382,13.73582186740729,0.0
131,38,48,12.058008714441927,0.8914500493725205,13.913282252618057,0.0
131,39,48,12.146898215679366,0.858851266731294,13.913282252618057,0.0
131,40,48,12.325990726416027,0.7977513834494598,13.976408063559616,0.0
131,41,48,12.20001649922439,0.8028539531233021,13.976408063559616,0.0
131,42,48,12.161343591798348,0.7370303522224857,13.84723776729046,0.0
131,43,48,12.199910662851781,0.8086484295406624,14.160071370125365,0.0
131,44,48,12.244703386391762,0.8452977862605399,14.160071370125365,0.0
131,45,48,12.23547506298137,0.7161017181070319,14.075415834204387,0.0
131,46,48,12.065053575113268,0.6508011849982955,13.32880416502026,0.0
132,0,47,12.168651608082323,0.6760756861787935,13.965183373530289,0.0
132,1,47,12.260517216922127,0.7383231733341868,13.965183373530289,0.0
132,2,47,12.267436780915776,0.7674054795498325,14.400929996936398,0.0
132,3,47,12.167579212288413,0.7637784863666537,14.400929996936398,0.0
132,4,47,12.12311608681608,0.7562465779963697,13.670150971514506,0.0
132,5,47,12.055262511694844,0.8522738038662685,13.958037964985358,0.0
132,6,47,12.055814368049138,0.8540814979474731,14.070360093404426,0.0
132,7,47,12.211544678302404,0.7352822408988412,14.070360093404426,0.0
132,8,47,12.129240010385697,0.6739851020082587,13.440722398803025,0.0
132,9,47,12.030602128629472,0.7820586073911652,14.089583882565126,0.0
132,10,47,12.135695574486558,0.7777345251046023,14.089583882565126,0.0
132,11,47,12.061045148901943,0.7608887379743758,13.854058942052148,0.0
132,12,47,12.029649863734521,0.8688259531021033,13.722633251060508,0.0
132,13,47,12.15006074876787,0.8094946122526986,13.722633251060508,0.0
132,14,47,12.285527646137785,0.7924369714525379,14.8700535998451,0.0
132,15,47,12.29860026843803,0.7821419583195078,14.8700535998451,0.0
132,16,47,12.108082731737866,0.7505237373891626,13.670551106488254,0.0
132,17,47,12.06529411516126,0.7912849799374689,14.163392832588604,0.0
132,18,47,12.119192676145719,0.7809851800521387,14.515705466962272,0.0
132,19,47,12.060632564984584,0.7435738722035914,14.515705466962272,0.0
132,20,47,12.047668503537876,0.7694642714604529,13.692159530844696,0.0
132,21,47,12.133876566638275,0.858325796869432,14.216782143511399,0.0
132,22,47,12.172235233766552,0.8701910204786563,14.216782143511399,0.0
132,23,47,12.184619635369833,0.9328144214487505,14.537551430519954,0.0
132,24,47,12.304241256425845,0.9011237021436468,14.537551430519954,0.0
132,25,47,12.282557186736202,0.8341996430194772,14.526430146326636,0.0
132,26,47,12.282593191375621,0.9159815915988233,14.526430146326636,0.0
132,27,47,12.37550183885398,0.7978903324670504,14.369883367530264,0.0
132,28,47,12.227949721918408,0.7091067831857647,13.84592237412657,0.0
132,29,47,12.275741355499072,0.7603875826405205,13.803018911279914,0.0
132,30,47,12.287215075239459,0.8030839006412983,13.803018911279914,0.0
132,31,47,12.08525236809402,0.8823364294732279,14.256351922318274,0.0
132,32,47,12.18638343729329,0.991579233491939,14.269549951673085,0.0
132,33,47,12.228185864170143,0.9318123386587985,14.269549951673085,0.0
132,34,47,12.270466039482223,0.7456607452698457,14.193694309968949,0.0
132,35,47,12.24730903936435,0.7605317154984229,14.193694309968949,0.0
132,36,47,12.114061638491307,0.7965392037968827,13.646385190452184,0.0
132,37,47,12.032095306893117,0.763145059411539,13.653313434445664,0.0
132,38,47,11.892092060681797,0.7427606986653402,13.653313434445664,0.0
132,39,47,11.864237713523115,0.7534641751308142,13.924094823756713,0.0
132,40,47,12.07235004463045,0.8083148387919091,13.924094823756713,0.0
132,41,47,12.096535616159443,0.7971081429850583,13.593408144494314,0.0
132,42,47,12.07197577999213,0.8045898005247153,14.076880149706108,0.0
132,43,47,12.18283369910022,0.8030157509238531,14.076880149706108,0.0
132,44,47,11.993861117153662,0.7732603365402769,13.838261853146225,0.0
132,45,47,11.910273623446923,0.7048548097714629,13.216905602224204,0.0
132,46,47,12.028752441258355,0.6512484395335811,13.159583591350787,0.0
133,0,46,12.208901230632703,0.8496338324088786,13.735139387579645,0.0
133,1,46,12.129732245824089,0.8203613505180352,13.96183060286067,0.0
133,2,46,12.21640744164047,0.7080706648298201,13.96183060286067,0.0
133,3,46,12.080168174543044,0.6855734279452063,13.409834788231828,0.0
133,4,46,11.973647566078691,0.7967994774424417,14.017694284020788,0.0
133,5,46,12.16246408192977,0.7758625806960002,14.017694284020788,0.0
133,6,46,12.124152607767025,0.7793999422531578,13.878903594286397,0.0
133,7,46,12.102290439448602,0.8316578942273458,13.77423925418074,0.0
133,8,46,12.23791383718629,0.7924241744654338,13.838252903653832,0.0
133,9,46,12.137741434104012,0.809922790970196,13.838252903653832,0.0
133,10,46,12.172673518816179,0.8478908423839094,13.965334986351488,0.0
133,11,46,12.311248837325172,0.7966554998084927,14.12726572798868,0.0
133,12,46,12.281479541893692,0.81280713025471,14.12726572798868,0.0
133,13,46,12.28711785229168,0.8157416661056046,14.43738178857538,0.0
133,14,46,12.207526949067958,0.7808294727476627,14.43738178857538,0.0
133,15,46,12.156209004747689,0.7138918698530994,13.743468011641996,0.0
133,16,46,12.177005556508984,0.7028708903505695,14.164578774472114,0.0
133,17,46,12.141388307171576,0.789149110997175,14.164578774472114,0.0
133,18,46,12.122928441477317,0.9291924409504116,13.994800050838894,0.0
133,19,46,11.995700613713163,0.9072186957830575,13.994800050838894,0.0
133,20,46,12.080143193418252,0.860049715442971,14.273930587554123,0.0
133,21,46,12.330828354023154,0.931050446535453,14.278710868857068,0.0
133,22,46,12.336462282477145,0.8563361201244327,14.373330379528394,0.0
133,23,46,12.337285085638399,0.7799069889031457,14.373330379528394,0.0
133,24,46,12.195630913051732,0.8270040713707943,14.11650392098078,0.0
133,25,46,12.188176527111256,0.8171551975715731,14.1873555229507,0.0
133,26,46,12.239192331278279,0.7545216844748561,14.1873555229507,0.0
133,27,46,12.115600685202484,0.735858518803061,13.772541293494372,0.0
133,28,46,12.214835762573246,0.8108974643219369,14.229223121850964,0.0
133,29,46,12.267271190527092,0.8149630800675259,14.229223121850964,0.0
133,30,46,12.084576123455573,0.8207148196993981,14.12383930278894,0.0
133,31,46,12.234462974106245,0.8440904147250626,14.260965413263829,0.0
133,32,46,12.394368830738289,0.7913053207438406,14.545859520711309,0.0
133,33,46,12.008463662725635,0.7589499518339978,14.545859520711309,0.0
133,34,46,11.944295497258313,0.6605168922970619,13.30229356614725,0.0
133,35,46,12.126269652963668,0.7282665196029247,13.71559666787564,0.0
133,36,46,12.118460033557174,0.7072731692282594,13.80026153193574,0.0
133,37,46,12.126066678914714,0.7188007679875889,13.80026153193574,0.0
133,38,46,12.260220637636221,0.8692121811577609,14.312130699384403,0.0
133,39,46,12.323583783397888,0.8565965508475053,14.312130699384403,0.0
133,40,46,12.22265674486927,0.7343292915183783,13.627611453374831,0.0
133,41,46,12.242735692136021,0.7254128565729709,13.740925177587954,0.0
133,42,46,12.214803855737214,0.7858880134794639,13.941222890719764,0.0
133,43,46,12.239406650971944,0.7722487697934618,13.941222890719764,0.0
133,44,46,12.09476671042309,0.8736237072742137,13.903314448911885,0.0
133,45,46,12.024624752965138,0.860011044299004,13.81884698447651,0.0
133,46,46,12.274803660612456,0.806318339725273,13.741694448656581,0.0
134,0,45,12.302980707543632,0.8355985168739544,13.804319941149712,0.0
134,1,45,12.204044453776376,0.8489810090448983,14.89582498139567,0.0
134,2,45,12.20163831573873,0.8286154971944086,14.89582498139567,0.0
134,3,45,12.269618950840973,0.8129020630403299,13.82562153158679,0.0
134,4,45,12.202131219819702,0.8640515516910673,13.971829653119952,0.0
134,5,45,12.327023049156212,0.8240606834414613,14.307455120568285,0.0
134,6,45,12.402549687777089,0.7811605463717471,14.307455120568285,0.0
134,7,45,12.201299540218011,0.7931347655796935,14.16895121779739,0.0
134,8,45,12.089091804822228,0.7218814071148638,14.16895121779739,0.0
134,9,45,12.132083147508437,0.6658425372474607,13.314977057912918,0.0
134,10,45,12.38781081897797,0.8484402461028738,14.934478031426288,0.0
134,11,45,12.716859487675496,1.7709433550235623,24.467199964132448,0.016666666666666666
134,12,45,12.493911537866223,1.7896596880672218,24.467199964132448,0.016666666666666666
134,13,45,12.174599495439752,0.9001319620094089,14.684375086566936,0.0
134,14,45,12.148346990271243,0.7808197613450839,14.684375086566936,0.0
134,15,45,12.241638665586912,0.7868602644911324,14.389193521070666,0.0
134,16,45,12.380822360565723,0.813377546747425,14.389193521070666,0.0
134,17,45,12.314384045036647,0.8694908032800704,13.937610465981333,0.0
134,18,45,12.290811066834108,0.9278436811631989,14.090899733413266,0.0
134,19,45,12.2320236802878,0.8976884822035184,14.090899733413266,0.0
134,20,45,12.214019674584373,0.7861546139295162,13.683002789440513,0.0
134,21,45,12.44022780912227,0.868051146485766,14.92008917072439,0.0
134,22,45,12.449128471389516,0.7958003063332423,14.92008917072439,0.0
134,23,45,12.272945826104921,0.6807581443524985,13.832111425768378,0.0
134,24,45,12.271969172010655,0.8415024427724609,14.227979834865911,0.0
134,25,45,12.231974252622544,0.7872781569294418,14.227979834865911,0.0
134,26,45,12.241453804553053,0.7304706220183204,14.1141105320179,0.0
134,27,45,12.26151539722999,0.775702205878466,14.1141105320179,0.0
134,28,45,12.292128656958058,0.7407967749464277,13.829210738103898,0.0
134,29,45,12.25557221893521,0.6556483788597682,13.517839440053617,0.0
134,30,45,12.106835403521037,0.6964020403434181,13.915815928113567,0.0
134,31,45,12.151126150796237,0.8055984130086289,13.915815928113567,0.0
134,32,45,12.309920440108671,0.7741928389802383,13.97348280904068,0.0
134,33,45,12.287971583743875,0.7357954481726519,13.97348280904068,0.0
134,34,45,12.326808176540501,0.7226192930884742,14.555814918514884,0.0
134,35,45,12.385110510607314,0.7946135405091085,14.633447010272537,0.0
134,36,45,12.334825030264593,0.8934475176877429,14.633447010272537,0.0
134,37,45,12.258521935518575,0.8703095864417549,14.716811421444604,0.0
134,38,45,12.136367766897044,0.8621537065398495,14.716811421444604,0.0
134,39,45,12.17462226363084,0.8291037104209801,13.68421858914042,0.0
134,40,45,12.110363323074338,0.8633234222467563,14.519640966928343,0.0
134,41,45,12.113436792633653,0.9089170649508802,14.519640966928343,0.0
134,42,45,12.34157149571918,0.8384812628754206,13.835838919586761,0.0
134,43,45,12.29603027603598,0.7667414925115257,13.835838919586761,0.0
134,44,45,12.145627555728321,0.7641702575461097,13.516250546240993,0.0
134,45,45,12.196582193645037,0.785417897958223,13.883410256548371,0.0
134,46,45,12.149864280479147,0.7691979033949576,13.883410256548371,0.0
135,0,44,12.155299994082673,0.6953586792493287,13.973634434022214,0.0
135,1,44,12.465241377336447,0.8122272190580273,14.186161459828547,0.0
135,2,44,12.603248624928067,0.7276788621511996,14.186161459828547,0.0
135,3,44,12.349059967652993,0.7630938691159155,14.341950951109673,0.0
135,4,44,12.18942156346331,0.8172274818873682,14.341950951109673,0.0
135,5,44,12.26805908529333,0.7136865699364221,13.62656810062039,0.0
135,6,44,12.364569770734708,0.5805674815869368,13.62656810062039,0.0
135,7,44,12.460525860638574,0.7107452496421661,14.008696073392885,0.0
135,8,44,12.47883421862402,0.7217189282259795,14.008696073392885,0.0
135,9,44,12.340121508799081,0.7361141541623736,14.135078243921775,0.0
135,10,44,12.229638376820699,0.802330991122045,14.135078243921775,0.0
135,11,44,12.323811523123346,0.8942052804775659,14.553002297419859,0.0
135,12,44,12.28029152706993,0.9427449361051401,14.553002297419859,0.0
135,13,44,12.138302906880401,0.9409110371139778,13.858064541700081,0.0
135,14,44,12.17650527765656,0.941566346867263,14.394234754216887,0.0
135,15,44,12.253909485087927,0.7879025211707501,14.394234754216887,0.0
135,16,44,12.237492949851061,0.8166364730940393,13.765780921757992,0.0
135,17,44,12.31626241090122,0.8592826188616389,13.961003654683157,0.0
135,18,44,12.256023267770525,0.8102661600140948,13.961003654683157,0.0
135,19,44,12.139913032025381,0.9141771889681095,14.189682630293053,0.0
135,20,44,12.269682845663127,0.867535262698444,14.293989479323015,0.0
135,21,44,12.078542154398482,0.853194573744321,14.293989479323015,0.0
135,22,44,12.100547072298086,0.8956484527589699,13.740246625666323,0.0
135,23,44,12.274228921529883,0.8157616900003749,13.740246625666323,0.0
135,24,44,12.214576699064049,0.7648779370638734,13.643910949745413,0.0
135,25,44,12.261583420974283,0.839843123534226,14.941385756893052,0.0
135,26,44,12.249940753390016,0.8354801217805775,14.941385756893052,0.0
135,27,44,12.21313324141262,0.6611682826846609,14.00205374406277,0.0
135,28,44,12.289002969857995,0.725180364057567,14.122810895115705,0.0
135,29,44,12.28826567467192,0.7687731333407931,14.122810895115705,0.0
135,30,44,12.218545538563992,0.7397722198758678,13.78987196519429,0.0
135,31,44,12.385224494271935,0.7874179925548093,13.813094554100882,0.0
135,32,44,12.399550012251447,0.8106218555003583,14.06058272817687,0.0
135,33,44,12.241720967448748,0.7577951501646568,14.569031480988937,0.0
135,34,44,12.120942700505944,0.8041665658448847,14.569031480988937,0.0
135,35,44,12.149257342598176,0.8007918465192714,13.885789306184485,0.0
135,36,44,12.191825386587178,0.8350387639742758,13.749348543219234,0.0
135,37,44,12.172486120315046,0.7784224073980307,13.749348543219234,0.0
135,38,44,12.320070292911842,0.6532762622112098,13.68878854886543,0.0
135,39,44,12.340931574248923,0.7390000856628622,13.57127812347721,0.0
135,40,44,12.315184092512728,0.7410335494617519,13.722282409525073,0.0
135,41,44,12.240337203900225,0.7370886508142885,13.722282409525073,0.0
135,42,44,12.303413370992239,0.8018563628852688,13.9622253586857,0.0
135,43,44,12.329207395455928,0.8738342294942245,13.9622253586857,0.0
135,44,44,12.319968767416068,0.818653968234529,13.760311434666614,0.0
135,45,44,12.313830961396425,0.8488992724906693,14.117486384606906,0.0
135,46,44,12.393143244695075,0.891994012245409,14.117486384606906,0.0
136,0,43,12.369317326219969,0.9319665722808848,14.343756293954424,0.0
136,1,43,12.451456714397802,0.8655113472310539,14.0319544157055,0.0
136,2,43,12.359326707944119,0.8033669985327139,13.927214221375145,0.0
136,3,43,12.286688791076784,0.7622046741005511,13.647291856687092,0.0
136,4,43,12.2279486219868,0.742987298536227,13.647291856687092,0.0
136,5,43,12.13974103241288,0.8728992065340929,14.244922616809509,0.0
136,6,43,12.202712646160558,0.9046279697470355,14.244922616809509,0.0
136,7,43,12.323736009983007,0.8590914263393457,15.225354346906121,0.016666666666666666
136,8,43,12.567439358319282,0.9551238850296513,15.225354346906121,0.016666666666666666
136,9,43,12.501947495760621,0.9965875526345908,14.45836388598705,0.0
136,10,43,12.223651460603891,0.968240315087533,14.45836388598705,0.0
136,11,43,12.188985405762988,0.8852524068435895,14.081084331991082,0.0
136,12,43,12.10678349796538,0.8461642284763956,13.842569288296803,0.0
136,13,43,12.231700930690037,0.9537655077296971,14.35116378040779,0.0
136,14,43,12.344137541218853,0.9428985028674283,14.35116378040779,0.0
136,15,43,12.409578881707404,0.8596375370189318,14.241851137106211,0.0
136,16,43,12.409578542448491,0.7852885152585004,14.241851137106211,0.0
136,17,43,12.360351117568067,0.8025428437738976,13.918843723407985,0.0
136,18,43,12.473689938743957,0.7945511694000726,14.026608676164456,0.0
136,19,43,12.424658325041369,0.723136160692435,14.257452786581268,0.0
136,20,43,12.391943711579719,0.7955090225524153,14.357995341321292,0.0
136,21,43,12.336601216389354,0.8133189582226023,14.474778569204535,0.0
136,22,43,12.354896979873244,0.7504480070017713,14.474778569204535,0.0
136,23,43,12.36503485973456,0.6861295383708829,13.977327259924575,0.0
136,24,43,12.385352078361198,0.6504908046228852,13.931325878947634,0.0
136,25,43,12.544462516366734,0.8004020895252685,14.672185680786338,0.0
136,26,43,12.48582280424479,0.8418134333860453,14.672185680786338,0.0
136,27,43,12.401447935483903,0.7436573787683731,13.73733612950177,0.0
136,28,43,12.348800240467495,0.7671908085785003,13.655472824243242,0.0
136,29,43,12.152190564606341,0.840492897370827,13.904081202270962,0.0
136,30,43,12.21853400799334,0.9272021786998639,13.93079650204193,0.0
136,31,43,12.271041221532549,1.0502108027546861,15.110003338499258,0.016666666666666666
136,32,43,12.367390994777459,1.017745294967721,15.110003338499258,0.016666666666666666
136,33,43,12.48827583333456,0.8686257366547385,14.402307507048226,0.0
136,34,43,12.307688012145418,0.9489937465398068,14.968132927794558,0.0
136,35,43,12.277734291745139,0.9095156077971253,14.968132927794558,0.0
136,36,43,12.274961282448958,0.9252647796025997,14.071073084911827,0.0
136,37,43,12.439953634698576,0.9995316289187207,14.158469460094084,0.0
136,38,43,12.44723272563305,0.9297911906870006,14.240198587085743,0.0
136,39,43,12.415620558793664,0.8871620540619151,14.535370741750352,0.0
136,40,43,12.559607202239922,0.9073365030363304,14.535370741750352,0.0
136,41,43,12.54377717751182,0.8322349266775636,14.37006397089778,0.0
136,42,43,12.466314569428418,0.8088283220104024,14.012224501556476,0.0
136,43,43,12.305934813601706,0.8109012256846602,14.012224501556476,0.0
136,44,43,12.263637312214941,0.6765675600201074,13.661526538468362,0.0
136,45,43,12.300125402049266,0.7490367226562257,14.470529204593731,0.0
136,46,43,12.377838811048212,0.796870989218032,14.470529204593731,0.0
137,0,42,12.531546860872751,0.9535640009917262,14.14257715680562,0.0
137,1,42,12.585424566718473,0.9674226988738163,15.46799092399321,0.016666666666666666
137,2,42,12.515091420460697,0.87544931459689,15.46799092399321,0.016666666666666666
137,3,42,12.342949150828156,0.7840641228860532,14.150043633254251,0.0
137,4,42,12.505349503279929,0.758667913400959,14.150043633254251,0.0
137,5,42,12.471204553157278,0.7812543555262326,13.876890089627544,0.0
137,6,42,12.292867813086904,0.7471460774564621,13.57464992680492,0.0
137,7,42,12.344603590546974,0.9031073493350589,15.148377300839787,0.016666666666666666
137,8,42,12.343904860889502,1.0148271854849606,15.148377300839787,0.016666666666666666
137,9,42,12.477093741038775,0.7752130957759564,14.236043616362064,0.0
137,10,42,12.450369755556016,0.7100705384103861,14.407868011259618,0.0
137,11,42,12.275555802023668,0.8400593544317236,14.407868011259618,0.0
137,12,42,12.41241957968039,0.849557162301253,14.160439079952445,0.0
137,13,42,12.383740302947528,0.8259295271973554,14.160439079952445,0.0
137,14,42,12.309528100971908,0.9656415229188638,14.738302890573571,0.0
137,15,42,12.36091263661445,1.0132054721204982,14.738302890573571,0.0
137,16,42,12.353387036488883,0.7711380284641047,14.064625065319301,0.0
137,17,42,12.326614250605495,0.7298075260680912,14.71759780223155,0.0
137,18,42,12.433986307782048,0.8452185501371898,14.82034159372763,0.0
137,19,42,12.59739336882191,0.8554346404961707,14.82034159372763,0.0
137,20,42,12.358903217084864,0.9157601112428689,14.252066284954873,0.0
137,21,42,12.23058740736473,0.8024903657050834,13.821600997138217,0.0
137,22,42,12.441582423089121,0.743277976216569,13.978304523109047,0.0
137,23,42,12.483508622244278,0.765419401242689,13.978304523109047,0.0
137,24,42,12.480722667227795,0.8594181634366782,13.889252031120758,0.0
137,25,42,12.523457573940213,0.838031001343362,13.889252031120758,0.0
137,26,42,12.57502796231704,0.7002967545952683,13.863221076799887,0.0
137,27,42,12.588477572661773,0.7202719514500111,14.103041945633796,0.0
137,28,42,12.595231218132147,0.7854619414519898,14.25955366450113,0.0
137,29,42,12.697951126549075,0.8268738555771998,14.25955366450113,0.0
137,30,42,12.47624150795197,0.9782153216257122,14.175430534423022,0.0
137,31,42,12.47145013967607,0.9838589739747872,14.499122700252691,0.0
137,32,42,12.49248669997441,0.9141247239862422,14.499122700252691,0.0
137,33,42,12.282943588312609,0.7961524241867785,13.72059864083843,0.0
137,34,42,12.247229365286168,0.656900242168017,13.72059864083843,0.0
137,35,42,12.185112955274226,0.7763055322098973,14.094225182846275,0.0
137,36,42,12.45584192644339,0.9379444259360383,14.274284354992538,0.0
137,37,42,12.507205381694588,0.8651115941315849,14.274284354992538,0.0
137,38,42,12.34662869294588,0.7680869271357427,14.134481326942252,0.0
137,39,42,12.524307798407595,0.8558463618418243,13.95509941345045,0.0
137,40,42,12.472863828943138,0.9614194630379894,14.043876176898245,0.0
137,41,42,12.480648342011264,1.0105660246096875,14.5179338107671,0.0
137,42,42,12.626674060220525,0.8934111054593188,14.5179338107671,0.0
137,43,42,12.501776250279537,0.8123955546093559,14.635904224217555,0.0
137,44,42,12.379702680434725,0.8190709938081833,14.635904224217555,0.0
137,45,42,12.39815570782646,0.8692705160100155,13.85618806003134,0.0
137,46,42,12.472938221098602,0.8762086730098864,13.984850128115873,0.0
138,0,41,12.413513468136651,0.7193348004003803,13.75153016886327,0.0
138,1,41,12.378162209921555,0.8342424465927231,13.930811591275859,0.0
138,2,41,12.333278262832815,0.8759161101629825,14.29515720535611,0.0
138,3,41,12.456949565614657,0.7986589428351184,14.29515720535611,0.0
138,4,41,12.571252712427752,0.773214772646791,14.172894923861735,0.0
138,5,41,12.405568867857983,0.9172007413877448,14.067710166592551,0.0
138,6,41,12.407833370532144,0.9449381323445059,14.233283607119258,0.0
138,7,41,12.547560072893289,0.871076071156591,14.233283607119258,0.0
138,8,41,12.485839282785582,0.8340771157935055,14.392887795966415,0.0
138,9,41,12.45885426907159,0.8816088955970731,14.510340875429382,0.0
138,10,41,12.415313984916923,0.891139213598364,14.510340875429382,0.0
138,11,41,12.327232797485735,0.8359871465018414,13.734310101739899,0.0
138,12,41,12.456025865774002,0.8988150056063557,14.359973214598776,0.0
138,13,41,12.646323677727437,0.8307077783100323,14.359973214598776,0.0
138,14,41,12.61767704683052,0.7606335412112923,13.958532771144391,0.0
138,15,41,12.460417505386499,0.7100330064289816,13.958532771144391,0.0
138,16,41,12.465636280119465,0.7783469982985312,14.271575859224848,0.0
138,17,41,12.492693312760865,0.863828020899825,14.271575859224848,0.0
138,18,41,12.516916131182926,0.7057560592971676,13.854751585083843,0.0
138,19,41,12.42645562201232,0.7938414520768396,13.93808219558466,0.0
138,20,41,12.303877144291857,0.8947656327666232,14.505817467106596,0.0
138,21,41,12.375143995251028,0.8586215616584808,14.505817467106596,0.0
138,22,41,12.457171138025787,0.8609461649241269,14.033211682977864,0.0
138,23,41,12.612768422507651,0.8836203326604475,14.368581495921466,0.0
138,24,41,12.560380773083581,0.9455512866935316,14.368581495921466,0.0
138,25,41,12.330841699744676,0.9017433901573947,14.185176469241247,0.0
138,26,41,12.452315251887706,0.7966123752316652,14.250297874852016,0.0
138,27,41,12.523403291424112,0.7951144882893644,14.250297874852016,0.0
138,28,41,12.397861658200803,0.7981617343288742,13.952477963422167,0.0
138,29,41,12.450985703344255,0.7438450566886864,14.03748389401486,0.0
138,30,41,12.408070354288233,0.7969764132317747,14.03748389401486,0.0
138,31,41,12.428677496995562,0.8552992734749146,13.89390682662195,0.0
138,32,41,12.625393200539461,0.8596361946289763,14.434914953130866,0.0
138,33,41,12.58540823091303,0.9406611087596902,14.893742808660278,0.0
138,34,41,12.343950636861743,0.8907897153605622,14.893742808660278,0.0
138,35,41,12.36048535826131,0.8225700521285281,13.98616500837026,0.0
138,36,41,12.47012927502443,0.8658275794055846,14.836518144339266,0.0
138,37,41,12.326724655652162,0.9528805268916964,14.836518144339266,0.0
138,38,41,12.42409142096796,0.9049070340226879,14.245130688884508,0.0
138,39,41,12.625340365952534,0.7421001282479637,14.391815757666704,0.0
138,40,41,12.462623288777394,0.9107187136718239,14.391815757666704,0.0
138,41,41,12.48800771143975,0.9929849237709061,14.391601262029887,0.0
138,42,41,12.50179427663423,0.9066160164810578,14.39067475414649,0.0
138,43,41,12.396547545901555,0.8564435288623609,14.324885605640679,0.0
138,44,41,12.500590637529912,0.9296642490934021,14.373869045495066,0.0
138,45,41,12.447419361298827,0.9375593258773444,14.373869045495066,0.0
138,46,41,12.472680008724064,0.8486629339900458,14.143349932584414,0.0
139,0,40,12.53078846051927,0.8848213754805413,14.126755624894358,0.0
139,1,40,12.528941821020416,0.9437470403272604,14.312086019821958,0.0
139,2,40,12.57975017042881,0.8975809062159114,14.312086019821958,0.0
139,3,40,12.611321369393512,0.8046779268435218,14.595916336985555,0.0
139,4,40,12.58083887044111,0.7682638073759115,14.595916336985555,0.0
139,5,40,12.561571521320927,0.6342136168319411,13.96275074676462,0.0
139,6,40,12.39550695381574,0.709588886412289,13.96275074676462,0.0
139,7,40,12.474743249013475,0.9320492937975584,14.365763650127493,0.0
139,8,40,12.684357720473976,0.9590358010022833,14.500011099732575,0.0
139,9,40,12.439907295250611,1.0247070399593692,15.049209288193456,0.016666666666666666
139,10,40,12.27283069831334,0.9345945612608559,15.049209288193456,0.016666666666666666
139,11,40,12.206123992082206,0.7659152491744282,13.48784804403228,0.0
139,12,40,12.34816986462204,0.8002307776703229,13.810054783852879,0.0
139,13,40,12.447090236679783,0.7995696372745057,13.82418398080583,0.0
139,14,40,12.408448682237335,0.9155377042624342,14.790001668048497,0.0
139,15,40,12.44765041479865,0.9136820721171449,14.790001668048497,0.0
139,16,40,12.574076465618507,0.8390488734901994,14.228159109694001,0.0
139,17,40,12.599084539160526,0.844362527777648,14.228159109694001,0.0
139,18,40,12.476426429978531,0.8270738471012049,13.930749648668337,0.0
139,19,40,12.423864790610502,0.841740259513737,14.31592587463393,0.0
139,20,40,12.490942680111683,0.8436759525639363,14.590158899578505,0.0
139,21,40,12.491492832805827,0.8106514246164177,14.590158899578505,0.0
139,22,40,12.414541371802672,0.7413428167196153,14.548671282357363,0.0
139,23,40,12.505080312085353,0.74591527494193,14.548671282357363,0.0
139,24,40,12.398243757702895,1.0136649731761718,14.474228719565986,0.0
139,25,40,12.296070823470671,1.0301712694913023,14.474228719565986,0.0
139,26,40,12.399439821087181,0.8119816211986484,14.101262803386845,0.0
139,27,40,12.541775355559011,0.8551756628606934,14.717336540270278,0.0
139,28,40,12.428681665681326,0.9146244540372622,14.717336540270278,0.0
139,29,40,12.434901429005137,0.9231933169174606,14.619406235690187,0.0
139,30,40,12.581553025878366,0.899567324523053,14.619406235690187,0.0
139,31,40,12.42410496935018,0.8081081307600074,14.011332084951137,0.0
139,32,40,12.265016269869925,0.830784872552671,14.20007111912506,0.0
139,33,40,12.324551508713395,0.8776073844037598,14.589604036204733,0.0
139,34,40,12.481983963524362,0.7802080806945841,14.589604036204733,0.0
139,35,40,12.460151378960541,0.7067763750383298,14.351352086349142,0.0
139,36,40,12.547105165452608,0.7794995066859213,14.458598572090434,0.0
139,37,40,12.627737687633694,0.7654568177163519,14.458598572090434,0.0
139,38,40,12.55934761784302,0.750802548474207,14.059046334549285,0.0
139,39,40,12.554928722642348,0.7705347525364113,14.015551382614515,0.0
139,40,40,12.513860661910611,0.8696855517401136,13.95528373312148,0.0
139,41,40,12.53466402369845,0.9541354841033594,14.485778860576673,0.0
139,42,40,12.5250271934064,0.839390770829374,14.485778860576673,0.0
139,43,40,12.521242021150064,0.8035894501048586,14.502721448238935,0.0
139,44,40,12.513513311847136,0.8187736391487528,14.502721448238935,0.0
139,45,40,12.6979977305999,0.82711211162743,14.460496644277292,0.0
139,46,40,12.719983227354005,0.9821316902179975,14.460496644277292,0.0
140,0,39,12.642971702768765,0.9086111527274793,14.438595554768014,0.0
140,1,39,12.789166813477527,0.9302209142874006,14.693693591963939,0.0
140,2,39,12.809974014893854,0.876910000565613,14.693693591963939,0.0
140,3,39,12.694812174797908,0.7965226030903939,14.081368100702546,0.0
140,4,39,12.483699966584611,0.8116643925743651,14.2488099250573,0.0
140,5,39,12.36207900226317,0.8630729292058604,14.525659405014,0.0
140,6,39,12.499971467587658,0.8499143539561699,14.525659405014,0.0
140,7,39,12.445614695780982,0.8289424956601807,14.074230992912943,0.0
140,8,39,12.339374050926486,0.8401658198707784,14.502778269235634,0.0
140,9,39,12.483865751212388,1.0181208854195938,14.584036822276042,0.0
140,10,39,12.645665145057594,1.1213100938304479,15.093324902180246,0.016666666666666666
140,11,39,12.662238087701876,1.002374849240042,15.093324902180246,0.016666666666666666
140,12,39,12.64174265511726,0.8110605338804069,14.62586497521514,0.0
140,13,39,12.570374887366423,0.7007291693240609,14.79161393007196,0.0
140,14,39,12.474097292013344,0.7174463694772556,14.79161393007196,0.0
140,15,39,12.381619222557557,0.8474456527349618,14.334346924118874,0.0
140,16,39,12.302450806284286,0.8739785437571735,14.192543626693878,0.0
140,17,39,12.377407739257306,0.8535390538599382,14.0433903568054,0.0
140,18,39,12.535056502595467,0.9008255323985441,14.504583477954178,0.0
140,19,39,12.561275551064707,0.8431067219235856,14.504583477954178,0.0
140,20,39,12.449805806397302,0.9502018142495192,14.956149521405354,0.0
140,21,39,12.39583142648255,0.9422774042554722,14.956149521405354,0.0
140,22,39,12.44006878639215,0.7779571417615132,14.097650628941164,0.0
140,23,39,12.725974913685224,0.7779090097008531,14.553337249340817,0.0
140,24,39,12.745998113241738,0.8227154529751929,14.553337249340817,0.0
140,25,39,12.489578974178272,0.8819432251084179,14.141337362585903,0.0
140,26,39,12.647396456985808,0.9462368460639353,14.53254706361745,0.0
140,27,39,12.706023543435684,0.9172819129612974,14.53254706361745,0.0
140,28,39,12.525506390387633,0.7596873296495087,13.845623046095621,0.0
140,29,39,12.440051990911252,0.7061236445709179,13.805283474923622,0.0
140,30,39,12.23389281445342,0.7056815058411025,13.473577654569056,0.0
140,31,39,12.377688948124089,0.893710108895694,14.865367411315386,0.0
140,32,39,12.581827732324397,0.8613762387112592,14.865367411315386,0.0
140,33,39,12.414490467736726,0.8083900047287184,14.37302552346757,0.0
140,34,39,12.470106366968148,0.9102474854319511,14.58160630768479,0.0
140,35,39,12.676392079612581,0.843545297010091,14.58160630768479,0.0
140,36,39,12.754903389825799,0.8635465988782783,14.844544403563777,0.0
140,37,39,12.664465814884995,0.9735400717372998,14.844544403563777,0.0
140,38,39,12.584155123113602,0.9457314091356981,14.51377581759117,0.0
140,39,39,12.577048146033999,0.7962574595751527,14.51377581759117,0.0
140,40,39,12.736230029165887,0.7675090676020605,14.425702360156377,0.0
140,41,39,12.70444899508861,0.9113783328057529,14.425702360156377,0.0
140,42,39,12.48650849290091,0.9352634537048666,14.463977567118366,0.0
140,43,39,12.518562157186137,0.9197885065247597,14.463977567118366,0.0
140,44,39,12.656428770914127,0.9075775113043667,14.098540820189413,0.0
140,45,39,12.715408778863656,0.8772094831287709,14.670287736294876,0.0
140,46,39,12.681494241785058,0.8933719110272009,14.670287736294876,0.0
141,0,38,12.448340660783309,0.915411808418707,14.536967563448924,0.0
141,1,38,12.38167938755554,0.8176866617950748,14.329188337694442,0.0
141,2,38,12.634055038208311,0.8280596723422541,14.097948205459062,0.0
141,3,38,12.879754205636594,0.7170562933565985,14.097948205459062,0.0
141,4,38,12.802118780295537,0.9330962488194688,14.81513744711486,0.0
141,5,38,12.643171508111026,0.9443478354585416,14.81513744711486,0.0
141,6,38,12.728423085996463,0.8903226465552847,15.038175498748162,0.016666666666666666
141,7,38,12.716172434239043,0.9226158616172728,15.038175498748162,0.016666666666666666
141,8,38,12.606563003168098,0.8704425326464715,15.089598659578954,0.016666666666666666
141,9,38,12.574135742930503,0.8700682252422568,15.089598659578954,0.016666666666666666
141,10,38,12.431658575188502,0.8896246555171744,13.976968779087109,0.0
141,11,38,12.664432151714529,1.1005397955027323,15.385177433990838,0.016666666666666666
141,12,38,12.64888418732838,1.0922661299316185,15.385177433990838,0.016666666666666666
141,13,38,12.47954695170111,0.8907594951161005,14.383065953897173,0.0
141,14,38,12.588207160265318,0.846722836239378,15.187224321131023,0.016666666666666666
141,15,38,12.504917221968856,0.9010589016378571,15.187224321131023,0.016666666666666666
141,16,38,12.538863204330422,0.8625898614383734,14.255144477337545,0.0
141,17,38,12.574343303161376,0.905782364703055,14.205948702492673,0.0
141,18,38,12.414932918684645,0.8764958006136863,14.1945990413223,0.0
141,19,38,12.71619829973247,0.9229689137648964,15.30915569807254,0.016666666666666666
141,20,38,12.67311698660203,0.9883639727088757,15.30915569807254,0.016666666666666666
141,21,38,12.4550836489175,0.836718876522674,14.43554336125042,0.0
141,22,38,12.588485953954635,0.852154969782603,14.701231050563273,0.0
141,23,38,12.647942059947248,0.9397692958988771,15.136680786745858,0.016666666666666666
141,24,38,12.65011740647483,0.927951275423418,15.136680786745858,0.016666666666666666
141,25,38,12.540977047887718,0.8211975492078621,14.21366308785051,0.0
141,26,38,12.691595634166868,0.8811262570461165,15.759235531165608,0.016666666666666666
141,27,38,12.759865651926852,0.9604667394910414,15.759235531165608,0.016666666666666666
141,28,38,12.631190033028547,0.9549990678724274,14.666313741580543,0.0
141,29,38,12.522242858663773,0.9127217256101093,14.629685407046543,0.0
141,30,38,12.46177464296691,0.9086500387946226,14.839781562209236,0.0
141,31,38,12.455351387233803,0.9301395299846671,14.839781562209236,0.0
141,32,38,12.50506303032696,0.8087905603641141,14.641863246718298,0.0
141,33,38,12.691276216420551,0.7677194051915716,15.01674064238883,0.016666666666666666
141,34,38,12.48116108899107,0.9719417360772058,15.01674064238883,0.016666666666666666
141,35,38,12.369630514700686,1.0280819662157452,15.184407719966245,0.016666666666666666
141,36,38,12.514603040598569,0.9301720077126621,15.184407719966245,0.016666666666666666
141,37,38,12.588680541112755,0.8442689613136432,14.119101411131519,0.0
141,38,38,12.549418129991812,0.7725155041537841,14.119101411131519,0.0
141,39,38,12.384904410763887,0.7396331341882121,13.744326664773245,0.0
141,40,38,12.410114771126857,1.095342871420073,14.469960050780974,0.0
141,41,38,12.528598625372757,1.1880373589001556,14.81575117121666,0.0
141,42,38,12.50206696901985,0.9055680240227627,14.81575117121666,0.0
141,43,38,12.385029211891938,0.7243814781347676,14.224017621625281,0.0
141,44,38,12.573603770620158,0.8860423159800147,14.81865766589316,0.0
141,45,38,12.787609693846562,1.0191468507601786,15.03105911765884,0.016666666666666666
141,46,38,12.503980659086837,0.9761848387484061,15.03105911765884,0.016666666666666666
142,0,37,12.578556120783313,0.9172490380018332,15.146642258394193,0.016666666666666666
142,1,37,12.5980871139059,0.9109359492129262,15.146642258394193,0.016666666666666666
142,2,37,12.762588826952566,1.002839091118701,15.144612671579498,0.016666666666666666
142,3,37,12.763513732826047,0.9436349173569889,15.144612671579498,0.016666666666666666
142,4,37,12.72614608148337,0.7700108782818327,14.48925076524726,0.0
142,5,37,12.75231824099103,0.8036413428096219,14.316464083810407,0.0
142,6,37,12.791484929407922,0.9842940830181459,14.966447731259516,0.0
142,7,37,12.811126154409154,0.9689832795815286,14.966447731259516,0.0
142,8,37,12.679307982122367,0.9211663466946799,15.133042176831962,0.016666666666666666
142,9,37,12.590038573864554,0.996504274825504,15.133042176831962,0.016666666666666666
142,10,37,12.71804724712269,1.0067560174620904,15.240455544797896,0.016666666666666666
142,11,37,12.717801226577423,1.063196419004056,15.240455544797896,0.016666666666666666
142,12,37,12.600434212215646,0.988000586702021,14.654361667359511,0.0
142,13,37,12.72758022619715,0.900274876321494,14.239600658571586,0.0
142,14,37,12.605161717150267,0.9324307124006251,14.57764367913197,0.0
142,15,37,12.502518695511693,1.0082251294124258,14.811911373500521,0.0
142,16,37,12.430418832537363,0.9610286394089285,14.811911373500521,0.0
142,17,37,12.428808817772323,0.8775054148321085,14.727754469741608,0.0
142,18,37,12.676582338600166,0.9259599948584796,14.981899730830957,0.0
142,19,37,12.547395846311867,0.8873896031415498,14.981899730830957,0.0
142,20,37,12.465522815706487,0.9460628397468109,15.205385308124551,0.016666666666666666
142,21,37,12.554792301082388,0.9019351263518192,15.205385308124551,0.016666666666666666
142,22,37,12.520239938014399,0.8935045459700375,14.803066328608875,0.0
142,23,37,12.678978969695539,0.9919578185614746,14.803066328608875,0.0
142,24,37,12.798210781781043,0.8712577258418653,14.369421129918578,0.0
142,25,37,12.534789357023092,0.8289546534733162,14.369421129918578,0.0
142,26,37,12.52050397415162,0.9356216580244505,15.855463973066653,0.016666666666666666
142,27,37,12.688725133740027,0.9409976926152838,15.855463973066653,0.016666666666666666
142,28,37,12.544605008707975,0.8713799992441623,14.254422795273255,0.0
142,29,37,12.477608552852763,0.9510244720138711,14.071369419147928,0.0
142,30,37,12.526932076671189,0.9486588073501332,14.990132218204735,0.0
142,31,37,12.57983397867587,0.8849539259363702,14.990132218204735,0.0
142,32,37,12.526538843461811,0.8508497869210502,14.476970795781714,0.0
142,33,37,12.41586036323399,0.7863167453456883,14.87763752709676,0.0
142,34,37,12.60800919195703,0.6972009821500849,14.87763752709676,0.0
142,35,37,12.738168724548146,0.7170739142324963,14.103388391437015,0.0
142,36,37,12.649930074592115,0.7316592944144177,14.103388391437015,0.0
142,37,37,12.56016851556023,0.8711657238223072,15.61588862092332,0.016666666666666666
142,38,37,12.64163276260866,1.0281718886213298,15.61588862092332,0.016666666666666666
142,39,37,12.88269152392162,0.9666496802747921,15.466330008503524,0.016666666666666666
142,40,37,12.828631424334032,1.0033841339068161,15.466330008503524,0.016666666666666666
142,41,37,12.600290937226967,0.9144016371392824,14.789291356539959,0.0
142,42,37,12.61628334050608,0.7745740406869913,14.601300235151779,0.0
142,43,37,12.727804555006015,0.7715655457595398,14.601300235151779,0.0
142,44,37,12.6539358075547,0.7280726371380323,14.431841558968047,0.0
142,45,37,12.643795723889458,0.8313021434950545,14.446532601678346,0.0
142,46,37,12.702396784838092,1.0195960632702685,14.464303835527046,0.0
143,0,36,12.868347418613263,1.005967621071599,14.753955490884731,0.0
143,1,36,12.970772880437023,0.9798943560254454,15.197935101296897,0.06666666666666667
143,2,36,12.82208648263878,1.0227482307847882,15.197935101296897,0.06666666666666667
143,3,36,12.469404241852946,0.9466085197911434,14.253098065999259,0.0
143,4,36,12.652701069292503,0.956282779759495,14.736098095664826,0.0
143,5,36,12.587723602508074,0.9085928852476136,14.799164777671589,0.0
143,6,36,12.52621265126627,0.9596558437301459,14.799164777671589,0.0
143,7,36,12.388390257662047,0.9867553654323474,14.499710874245757,0.0
143,8,36,12.468049899881281,0.9874599581720213,14.36340727200371,0.0
143,9,36,12.665414456570804,0.9447704827799639,14.36340727200371,0.0
143,10,36,12.70054423323532,0.9491852185598222,15.045698818407775,0.016666666666666666
143,11,36,12.790240802464636,0.8433133551357874,15.045698818407775,0.016666666666666666
143,12,36,12.73924853896862,0.8588947199058905,14.458648447185329,0.0
143,13,36,12.737579696545579,0.9634594490440882,14.722466520808666,0.0
143,14,36,12.61253325595891,0.8527024610775558,14.722466520808666,0.0
143,15,36,12.617090373003805,0.836989228735092,14.335691107086094,0.0
143,16,36,12.610543470754664,0.9404745146526687,14.37358499339597,0.0
143,17,36,12.575945206747459,1.0479867683318569,14.992805086147136,0.0
143,18,36,12.593759982708624,1.0785598640419052,15.095938706034158,0.016666666666666666
143,19,36,12.746429741849944,1.0028168199807184,15.095938706034158,0.016666666666666666
143,20,36,12.834674679129693,0.9881510060204043,14.875245756961153,0.0
143,21,36,12.671229102981542,1.1280542146784267,14.875245756961153,0.0
143,22,36,12.591217457020448,0.9880176295681815,14.838934177488234,0.0
143,23,36,12.618466889805832,0.8879394798963658,14.437249315896322,0.0
143,24,36,12.631360342986275,0.9472396610425724,14.437249315896322,0.0
143,25,36,12.532547179083,0.8220867923653973,14.300352129906255,0.0
143,26,36,12.666498450787676,0.7233539341446439,14.168471332453855,0.0
143,27,36,12.768376027074877,0.7237356929727469,14.187860875820157,0.0
143,28,36,12.748940726765422,0.891053571197114,14.350697805571002,0.0
143,29,36,12.693343790515764,0.9165280289678686,14.350697805571002,0.0
143,30,36,12.719260231376275,0.835661411879192,14.178298804122216,0.0
143,31,36,12.698909619050301,0.7534199130059185,14.106346643480638,0.0
143,32,36,12.773893680935272,0.8203492663174782,14.900450157964222,0.0
143,33,36,12.763574308939864,0.9133678186180092,14.900450157964222,0.0
143,34,36,12.669729523970007,0.8830567939438082,14.564632666295706,0.0
143,35,36,12.854594407753506,0.9112981160409837,15.065645406171576,0.016666666666666666
143,36,36,12.868242275548718,0.9283687773150849,15.065645406171576,0.016666666666666666
143,37,36,12.818109544349138,0.8016635643873647,14.656268227499659,0.0
143,38,36,12.926058799578563,0.8410126388842835,14.88403333156753,0.0
143,39,36,12.916835347226167,0.860585221103818,14.88403333156753,0.0
143,40,36,12.764699093003824,0.7896786209633267,14.376569059187318,0.0
143,41,36,12.68225582265974,0.9643595336664496,15.151627159180185,0.016666666666666666
143,42,36,12.558026797928301,0.9571307194264972,15.151627159180185,0.016666666666666666
143,43,36,12.604483460740832,0.933986686374422,14.855726899285937,0.0
143,44,36,12.795497252245804,1.0048113982894336,14.855726899285937,0.0
143,45,36,12.953905328972041,0.8358761811529856,14.462640013352049,0.0
143,46,36,12.819827791876163,0.9166430620220439,14.113529377046884,0.0
144,0,35,13.002892277628181,1.0951595061784896,15.62905396563978,0.03333333333333333
144,1,35,12.860985271950902,0.7738669462391589,14.411380752658314,0.0
144,2,35,12.758671906641535,0.8747596157569246,14.536476107901338,0.0
144,3,35,12.763253625964884,0.8875322441824041,14.728454930318588,0.0
144,4,35,12.7366945982882,0.8786412463580195,15.10640674935037,0.016666666666666666
144,5,35,12.702239111384015,0.9785145017551964,15.10640674935037,0.016666666666666666
144,6,35,12.78661543428342,1.0712129306376683,15.400628182594424,0.016666666666666666
144,7,35,12.847738478597032,1.0761279008402134,15.400628182594424,0.016666666666666666
144,8,35,12.780362519609477,1.0140459069523362,14.88877713777841,0.0
144,9,35,12.673568084539749,1.053830866023267,15.064344724167238,0.016666666666666666
144,10,35,12.556636158631514,1.0455753177452756,15.064344724167238,0.016666666666666666
144,11,35,12.837594501812392,0.9752061837909749,14.901255124050833,0.0
144,12,35,13.072684964493527,0.888138049440488,15.162313979441388,0.016666666666666666
144,13,35,12.918013666733051,0.9334624492507918,15.162313979441388,0.016666666666666666
144,14,35,12.784025375619434,0.9291793893215083,14.613311884848915,0.0
144,15,35,12.691002395735199,0.9167674935462566,14.469459755848732,0.0
144,16,35,12.76352476634753,0.8392584066315045,14.609034591880068,0.0
144,17,35,12.809349924276226,0.9012294775819345,14.609034591880068,0.0
144,18,35,12.625322438386538,1.0628233735364023,14.82181573111956,0.0
144,19,35,12.779420702792297,0.9885611118287172,14.82181573111956,0.0
144,20,35,12.91896725879332,0.8787627117043313,14.760081811268456,0.0
144,21,35,12.854930910457577,0.9137346746778526,14.74627252386395,0.0
144,22,35,12.67262705149928,0.8537124256575875,14.74627252386395,0.0
144,23,35,12.696633861635158,0.8986662634660301,14.918010164302824,0.0
144,24,35,12.966261073542233,0.8571335460514905,14.918010164302824,0.0
144,25,35,12.799403012069675,0.8358564494128543,14.915773219107335,0.0
144,26,35,12.703876544118984,0.9609913964248277,14.525230976682941,0.0
144,27,35,12.781220379741132,0.9552593880933067,15.170991143794202,0.016666666666666666
144,28,35,12.586487058438282,0.879646870836536,15.170991143794202,0.016666666666666666
144,29,35,12.519593028100937,0.909599250752674,14.557153168836221,0.0
144,30,35,12.67500153194892,0.869097647160429,14.629497767087848,0.0
144,31,35,12.792425685391294,0.77935109550401,14.81278459784346,0.0
144,32,35,12.699636652284122,0.8020531262960559,14.81278459784346,0.0
144,33,35,12.516150534522522,0.8577833265558994,14.327496331935063,0.0
144,34,35,12.641717281471738,0.918616837129234,14.327496331935063,0.0
144,35,35,12.758662189580031,0.9373231180955303,14.912468084939336,0.0
144,36,35,12.686675022637138,0.8627604209378067,14.912468084939336,0.0
144,37,35,12.7713260490719,0.9712440495706507,15.030836403657066,0.016666666666666666
144,38,35,12.82759115432395,1.071591506894954,15.030836403657066,0.016666666666666666
144,39,35,12.800421344326622,0.9898449088209894,14.909176242202191,0.0
144,40,35,12.82066832971133,0.9129305442248784,14.683436181601383,0.0
144,41,35,12.86231248687046,0.809121531730512,14.577503884627394,0.0
144,42,35,12.79640909877744,0.801805922750658,14.34104777697147,0.0
144,43,35,12.690282722054013,0.901413362117964,14.34104777697147,0.0
144,44,35,12.82574119240318,0.9957209554424659,14.781871912552955,0.0
144,45,35,12.767430749508483,1.0857987143480492,15.42805770971722,0.016666666666666666
144,46,35,12.616322062669223,1.0963919511902578,15.42805770971722,0.016666666666666666
145,0,34,12.782068190719464,0.9546673469921546,14.934920670221027,0.0
145,1,34,12.871815424809872,1.0148585807193868,15.03864996859777,0.016666666666666666
145,2,34,12.804128187311385,1.0571388177090075,15.03864996859777,0.016666666666666666
145,3,34,12.8919487399431,0.9456140384619884,14.824826556781868,0.0
145,4,34,13.002273727644972,0.9232529493475571,15.450540022535476,0.016666666666666666
145,5,34,12.789919131378934,0.9431130114292864,15.450540022535476,0.03333333333333333
145,6,34,12.699675316921596,1.050344954162991,16.258781161455605,0.03333333333333333
145,7,34,12.694120395035739,0.9537938338175648,16.258781161455605,0.016666666666666666
145,8,34,12.573355842199748,0.9160629495753159,14.824590000523061,0.0
145,9,34,12.670507210147171,1.0001501081807243,14.824590000523061,0.0
145,10,34,12.746630472833333,0.8929054671845886,15.025294566714654,0.016666666666666666
145,11,34,12.865302207498303,0.8896872465480513,15.205203793302871,0.03333333333333333
145,12,34,13.00753797847369,0.9706788983085192,15.205203793302871,0.016666666666666666
145,13,34,12.954698110276178,0.959336678950935,14.85749031753113,0.0
145,14,34,13.038778825710999,0.842936799746751,15.06233925097231,0.016666666666666666
145,15,34,12.912568832086098,0.8506225429477207,15.06233925097231,0.016666666666666666
145,16,34,12.69166075122627,0.9554928731828928,14.391309384565126,0.0
145,17,34,12.761025065572003,1.008013167999338,14.7451901858141,0.0
145,18,34,12.86435862874874,1.0097940708969684,15.164874930747562,0.016666666666666666
145,19,34,12.88709912781024,1.015841939257122,15.164874930747562,0.016666666666666666
145,20,34,12.873951497271085,0.8953876880796947,14.777638546450298,0.0
145,21,34,12.797532375905625,0.9345783985525389,14.777638546450298,0.0
145,22,34,12.63310552189516,1.0582101392368788,15.116312793596006,0.016666666666666666
145,23,34,12.615864870904375,0.9586756733589373,15.116312793596006,0.016666666666666666
145,24,34,12.698174317047375,0.9512970105726744,14.622465980278706,0.0
145,25,34,12.780633300033438,1.1666507453617332,14.737382575808038,0.0
145,26,34,12.852014111513641,1.0987744972137148,14.737382575808038,0.0
145,27,34,13.024539522996713,0.857355238098564,14.727722217735808,0.0
145,28,34,13.032243996438881,0.8906288117625192,15.055243229196964,0.016666666666666666
145,29,34,12.838425919419622,1.0005176045799569,15.055243229196964,0.016666666666666666
145,30,34,12.6412583032745,1.0310978697209847,14.681348272490373,0.0
145,31,34,12.725089176739678,1.0016386572180438,14.680159593987774,0.0
145,32,34,12.856928581446404,0.9309180127896555,14.680159593987774,0.0
145,33,34,12.963024617531707,0.9817776321741706,15.768109284911022,0.016666666666666666
145,34,34,12.975140670880013,0.979016141023064,15.768109284911022,0.016666666666666666
145,35,34,12.780201799972746,0.9637021193070906,14.804871398844755,0.0
145,36,34,12.772411516290806,0.8680028912494856,14.732617470390096,0.0
145,37,34,12.828536859520467,0.8106221628327293,14.573696679110462,0.0
145,38,34,12.76495640844097,0.7791695234279082,14.555006124605734,0.0
145,39,34,12.774215790020039,0.7032273378270694,14.190125597942993,0.0
145,40,34,12.757659887766282,0.8653146153104151,14.950174146253195,0.0
145,41,34,12.798159022110626,0.9617550605782049,14.950174146253195,0.0
145,42,34,12.911523605563058,0.9608851376190738,15.037973415674648,0.016666666666666666
145,43,34,12.822843744067498,0.9753010752118599,15.037973415674648,0.016666666666666666
145,44,34,12.959730726350344,0.8546746163862955,14.83395285127932,0.0
145,45,34,13.010500957710818,0.8146949014398355,15.197240206828178,0.016666666666666666
145,46,34,12.835985400027338,0.902505341608818,15.197240206828178,0.016666666666666666
146,0,33,12.693699319497446,0.9248654082811459,15.096229708825476,0.016666666666666666
146,1,33,12.87143746522742,0.9299375963460873,15.096229708825476,0.016666666666666666
146,2,33,12.86062120048784,0.9992244999993982,15.119787428933964,0.016666666666666666
146,3,33,12.887114217744129,0.981659672132587,15.88676692660581,0.03333333333333333
146,4,33,13.004214745374329,1.0879312604274962,15.88676692660581,0.03333333333333333
146,5,33,12.890273685423905,1.0662429988822175,15.080642299309222,0.016666666666666666
146,6,33,12.89763960899404,0.8837800845072314,14.886911650476318,0.0
146,7,33,12.829819911219431,0.9792941395795641,14.886911650476318,0.0
146,8,33,12.784669751070837,0.9425956016346548,14.645644691136093,0.0
146,9,33,12.788743350292473,0.9040819414900991,15.596511997953005,0.016666666666666666
146,10,33,12.915869187126802,0.9972168066812009,15.596511997953005,0.03333333333333333
146,11,33,13.09091581069487,1.0064855813611635,15.325206768431011,0.016666666666666666
146,12,33,13.067996715317964,1.0915954312146716,15.416919979905432,0.016666666666666666
146,13,33,13.029233257357038,0.9628817376489651,15.416919979905432,0.016666666666666666
146,14,33,12.988897069319362,0.8750182372614492,14.658849896803362,0.0
146,15,33,12.865480121685884,0.8737837045148507,15.032764084413454,0.016666666666666666
146,16,33,12.726221001811767,0.8100786606971534,15.032764084413454,0.016666666666666666
146,17,33,12.864496986305365,0.8435719843400047,14.796225995956327,0.0
146,18,33,13.048503353707115,0.8258621329737328,14.862747999784965,0.0
146,19,33,12.957690358041093,0.8575678722796051,14.862747999784965,0.0
146,20,33,12.815127398154432,0.9241145792473313,14.734858234185728,0.0
146,21,33,12.887142851708617,0.9173684819207842,15.016785076289311,0.016666666666666666
146,22,33,13.064105951140343,0.9636992646038967,16.017797569753387,0.05
146,23,33,13.035536745171452,0.9978349176832622,16.017797569753387,0.03333333333333333
146,24,33,12.820645241980582,0.8673440436942671,14.427431255786107,0.0
146,25,33,12.860869729389824,0.8741145404701433,14.66599265815051,0.0
146,26,33,12.8975049378671,0.7999179302005667,14.66599265815051,0.0
146,27,33,12.845896559959382,0.7732730741537012,14.563537248769874,0.0
146,28,33,12.809660535308772,0.7779929492502677,14.563537248769874,0.0
146,29,33,13.013006924628113,0.9975145384772329,15.343438985067799,0.016666666666666666
146,30,33,13.049299585893454,1.1297579089859024,15.343438985067799,0.016666666666666666
146,31,33,12.725172840010007,0.996233545458159,14.949807174086047,0.0
146,32,33,12.747192299216154,1.0629493828123842,14.909795582388893,0.0
146,33,33,12.876716525827604,1.0708414165309519,15.241861653770597,0.016666666666666666
146,34,33,12.78353970201561,0.96368150758073,15.241861653770597,0.016666666666666666
146,35,33,12.944357594443725,0.962659247578314,14.903100635957959,0.0
146,36,33,13.117656582488605,0.8811379274046701,15.17116596047355,0.016666666666666666
146,37,33,12.997367123876758,0.9906431916248405,15.17116596047355,0.016666666666666666
146,38,33,12.789937037301435,1.0425020905342777,15.012351795526302,0.016666666666666666
146,39,33,12.776493951053423,1.0140280222644802,15.379283745593767,0.03333333333333333
146,40,33,12.943519918184585,1.049615192716312,15.862993404671903,0.03333333333333333
146,41,33,12.813044112844342,1.0652655344041695,15.862993404671903,0.03333333333333333
146,42,33,12.823158429614566,1.0201071195628655,15.207720223758031,0.016666666666666666
146,43,33,12.911923466637289,1.0660731078297885,15.126694628537779,0.016666666666666666
146,44,33,13.050284598794956,1.1766083577413389,15.539251031338775,0.05
146,45,33,13.099660348604045,1.0180705716094856,15.539251031338775,0.03333333333333333
146,46,33,13.040473001361987,0.9146091032264103,15.964221107307823,0.016666666666666666
147,0,32,12.930707000964544,0.967589751196448,15.169333301868622,0.03333333333333333
147,1,32,12.88094469633415,0.9949275327816415,15.169333301868622,0.03333333333333333
147,2,32,12.779466289407923,0.9315283206401062,14.311379438712661,0.0
147,3,32,12.896254719807422,0.9898827443066319,14.389174874387852,0.0
147,4,32,12.994369074797577,0.9835788024682172,15.322049480551897,0.03333333333333333
147,5,32,12.955461331220796,1.0452207890390854,15.322049480551897,0.05
147,6,32,12.75174943800953,1.0795100725293325,15.216701357256863,0.016666666666666666
147,7,32,12.652308721297164,0.9932498029387073,14.607426189338993,0.0
147,8,32,12.832913568999333,0.9509348137702012,15.715749576246923,0.016666666666666666
147,9,32,12.775245533605801,0.980611271141515,15.715749576246923,0.016666666666666666
147,10,32,12.745781934956813,0.9621523212723417,14.833665212404975,0.0
147,11,32,12.840651637818022,0.913180535624988,14.833665212404975,0.0
147,12,32,12.829270225443983,0.8710076671510047,14.797816242918373,0.0
147,13,32,12.942647990529231,0.8557246556217722,14.686608869610247,0.0
147,14,32,13.017041319293318,0.9503614250936526,15.027126016574673,0.016666666666666666
147,15,32,12.844376822511034,1.113766561676287,15.027126016574673,0.016666666666666666
147,16,32,12.706431368906573,1.0647360068553506,15.04766577650117,0.016666666666666666
147,17,32,12.865869706700993,0.8786176792240717,15.04766577650117,0.016666666666666666
147,18,32,13.103890160329598,0.9747272171351311,15.941650184091793,0.03333333333333333
147,19,32,13.104177222148301,1.059986283523089,15.946849513865192,0.06666666666666667
147,20,32,12.962184936792175,1.0234344661323473,15.946849513865192,0.05
147,21,32,12.923206404025235,1.0599541283692637,15.34179629395837,0.03333333333333333
147,22,32,12.818461053611898,1.0340172102279246,15.34179629395837,0.03333333333333333
147,23,32,12.902816321353473,1.0139984985379744,15.187890765590119,0.03333333333333333
147,24,32,12.928279327057131,0.9425195845695611,15.187890765590119,0.016666666666666666
147,25,32,12.966676221824729,0.9517499597742399,15.13046149632727,0.016666666666666666
147,26,32,13.049983978069225,0.8970946167881771,15.13046149632727,0.016666666666666666
147,27,32,12.910134893631732,0.8103944546738305,14.765005678829539,0.0
147,28,32,13.055667186605005,0.8571669604505452,14.636437932461124,0.0
147,29,32,13.036435711819449,0.9125495667436481,15.192971849895166,0.016666666666666666
147,30,32,12.960075906483324,0.9553993016917843,15.553403412022774,0.03333333333333333
147,31,32,13.014091056831367,1.0031716236442074,15.553403412022774,0.016666666666666666
147,32,32,12.93550506900712,0.9371420458791121,14.827383440648395,0.0
147,33,32,12.885724320308508,0.9337091723186283,14.827383440648395,0.0
147,34,32,12.833879528995379,0.9393554409772257,14.702497009420973,0.0
147,35,32,12.807231948463075,0.998605404360367,14.822225304085421,0.0
147,36,32,12.98930823990379,1.0629079996972988,15.770781580720332,0.016666666666666666
147,37,32,13.116108055612994,0.9359421841465303,15.770781580720332,0.016666666666666666
147,38,32,12.94734589037655,0.8490743405805408,14.689132143723777,0.0
147,39,32,12.805883950953325,0.7470162340402784,14.612539147085531,0.0
147,40,32,12.859933771216793,0.8155482641090529,14.980835382210241,0.0
147,41,32,12.826520760359001,0.9578703608452198,14.980835382210241,0.0
147,42,32,12.683606903076669,0.8796769559277615,14.750397002849054,0.0
147,43,32,12.778926026746152,0.8699398367379965,14.650374478941325,0.0
147,44,32,12.97170066309793,0.9487170496187245,14.666003042850145,0.0
147,45,32,12.936839854636892,1.0627350764562908,15.241562931760754,0.03333333333333333
147,46,32,12.843513152188484,1.1245216545425094,15.241562931760754,0.03333333333333333
148,0,31,12.713153368203683,1.0350013157203168,15.470753094055405,0.016666666666666666
148,1,31,12.643278930783092,1.0216413312178927,15.470753094055405,0.016666666666666666
148,2,31,12.918408465016082,0.9673560582409678,15.226726198498625,0.016666666666666666
148,3,31,13.121230645958278,1.1047363445825664,15.76592946029578,0.05
148,4,31,12.89701684161096,1.1365945742999592,15.76592946029578,0.05
148,5,31,12.898689616677636,0.9123376719454597,15.552331672911487,0.016666666666666666
148,6,31,12.956647119754383,0.9166779105205017,15.701489504573079,0.016666666666666666
148,7,31,12.723723941933214,0.9131587073251111,15.701489504573079,0.016666666666666666
148,8,31,12.79081337829554,0.9235503426831141,14.717395783712027,0.0
148,9,31,13.123937780310502,0.9811012162016887,14.993175364101358,0.0
148,10,31,13.027492636994744,1.08457413516659,15.30565168691615,0.016666666666666666
148,11,31,12.833050337213015,1.0768384426591682,15.30565168691615,0.03333333333333333
148,12,31,12.989805141355024,0.8853233077459333,15.0088430206259,0.016666666666666666
148,13,31,12.90744292220013,0.8446806293082596,14.95413998843483,0.0
148,14,31,12.856304246245852,0.8870545049460392,14.876548567882585,0.0
148,15,31,12.874987158248254,0.9539681822041243,14.876548567882585,0.0
148,16,31,12.816050142805262,1.0603308349190828,15.495146659510043,0.016666666666666666
148,17,31,12.825198922352703,1.0026215353822683,15.495146659510043,0.016666666666666666
148,18,31,12.83289921712589,0.8773287405170835,14.75119560795121,0.0
148,19,31,13.029452060755,1.0495209167226056,15.520138749029194,0.03333333333333333
148,20,31,13.104464865092789,1.1071733162019932,15.987692047154368,0.06666666666666667
148,21,31,12.975425014819706,0.9821341832415155,15.987692047154368,0.03333333333333333
148,22,31,12.99391705629667,0.9961072616285567,15.539095621536905,0.03333333333333333
148,23,31,13.025038956021785,0.9378412091717853,15.539095621536905,0.03333333333333333
148,24,31,12.944182639421568,0.8877096284783726,15.013903780706785,0.016666666666666666
148,25,31,12.969216525861532,0.9635576710032409,15.967253082524506,0.03333333333333333
148,26,31,12.948302445288382,0.88827456874991,15.967253082524506,0.016666666666666666
148,27,31,12.884702302843023,0.999445298915744,14.751951356647403,0.0
148,28,31,12.971083444043687,0.9967817079318047,14.751951356647403,0.0
148,29,31,12.997215512630524,0.8743625425821168,15.582513849590214,0.016666666666666666
148,30,31,13.061321111754692,0.9914184894152156,15.582513849590214,0.05
148,31,31,13.060620845920923,1.1052543703106656,15.297787859295756,0.05
148,32,31,12.849414057597787,1.1899273840945308,15.432136547560592,0.03333333333333333
148,33,31,12.853878603515888,1.1416687834158696,15.432136547560592,0.016666666666666666
148,34,31,12.983330703669576,1.060116189304829,14.73637171941068,0.0
148,35,31,12.880889301876893,1.0585622042194422,14.949612648348568,0.0
148,36,31,12.694786964668058,1.0065286991832114,14.949612648348568,0.0
148,37,31,12.724849322895706,0.9572301828417988,14.787184897611416,0.0
148,38,31,12.842972007617774,0.9850820707783633,14.904490461692992,0.0
148,39,31,12.795396744598738,0.9144147700113808,14.904490461692992,0.0
148,40,31,12.785473383771588,0.8514239372298369,14.774643189958251,0.0
148,41,31,12.664924642047101,0.9526852250255623,15.133695148048098,0.016666666666666666
148,42,31,12.63892581311604,1.0057908314744952,15.133695148048098,0.016666666666666666
148,43,31,12.816500218429596,0.9542795865399177,14.689502183893541,0.0
148,44,31,12.949277332728531,0.930209852708049,14.784279421551211,0.0
148,45,31,13.116481208382627,0.9992152895119369,15.40512086425629,0.016666666666666666
148,46,31,13.176244172932412,0.9934737464338916,15.40512086425629,0.03333333333333333
149,0,30,13.030845508779862,0.9918886003878691,15.764938758152176,0.03333333333333333
149,1,30,12.99397957084896,0.9949829861399161,15.170714248119687,0.016666666666666666
149,2,30,12.779087485603267,0.9309680239124574,14.814296043888362,0.0
149,3,30,12.872429651561157,1.0007629650123233,14.95872556701585,0.0
149,4,30,13.106322576000586,0.9547345886291084,15.256280425196852,0.03333333333333333
149,5,30,13.117905822804474,1.0160477528817433,16.588777989513865,0.06666666666666667
149,6,30,13.08101267763295,1.0008177263417826,16.588777989513865,0.03333333333333333
149,7,30,12.90384695406996,1.0544620928145982,15.387258538273173,0.016666666666666666
149,8,30,12.799719620584398,1.08803720331317,15.387258538273173,0.016666666666666666
149,9,30,12.939600184771976,1.0751123317517575,14.943532631390182,0.0
149,10,30,13.009059185999734,1.0847400980103223,15.217444038545903,0.016666666666666666
149,11,30,12.946231552994249,1.0186525810586362,15.217444038545903,0.016666666666666666
149,12,30,12.981866526419754,1.027156690309824,14.962061456866975,0.0
149,13,30,13.024862915366288,0.9402174143249767,14.970796428969148,0.0
149,14,30,12.965836987792851,0.8135701598448866,14.970796428969148,0.0
149,15,30,12.945979950140106,0.8632844935354935,15.086556260097602,0.016666666666666666
149,16,30,12.908025807888382,0.9217237449640477,15.086556260097602,0.016666666666666666
149,17,30,12.838023699389305,0.897404270243026,14.38486864784874,0.0
149,18,30,13.043541707754416,0.9448445829315558,14.871807514088959,0.0
149,19,30,13.162606478232027,0.9166118323228927,15.901194108699906,0.016666666666666666
149,20,30,12.911457508097984,1.0495962451992054,15.901194108699906,0.05
149,21,30,13.001282671188545,1.0669650062373621,15.766862206888277,0.05
149,22,30,13.095432000860324,0.8866730694164202,15.031600911417357,0.016666666666666666
149,23,30,13.04427843270827,0.8948246543142923,14.827886309001137,0.0
149,24,30,13.161688092301926,1.0346967352587098,15.035091706324721,0.016666666666666666
149,25,30,13.240211822714894,1.2318359888389543,16.22760662508398,0.08333333333333333
149,26,30,13.115649566792444,1.213645569486181,16.22760662508398,0.06666666666666667
149,27,30,13.10731694926523,1.0093710930817816,15.36560841524506,0.016666666666666666
149,28,30,13.114472134211939,0.9186078907591035,15.36560841524506,0.03333333333333333
149,29,30,12.936779686219136,0.951030219283986,15.134374845144125,0.016666666666666666
149,30,30,13.042602537869143,1.0491996735549318,15.049527004421975,0.016666666666666666
149,31,30,12.976488568975405,0.9700440801958587,15.049527004421975,0.016666666666666666
149,32,30,12.810619343225051,0.8876608706811445,14.64537109944946,0.0
149,33,30,12.948268562149938,1.0817047320216167,15.171343891730267,0.016666666666666666
149,34,30,13.039934637644222,1.1113724482489853,15.437965749738002,0.03333333333333333
149,35,30,13.039772470435787,1.0138647277687882,15.437965749738002,0.03333333333333333
149,36,30,13.020052818962279,1.1670045210273927,15.25886699881571,0.03333333333333333
149,37,30,12.913211640218078,1.2022385330955563,15.44894062015202,0.03333333333333333
149,38,30,13.123425307693811,1.0650875954397372,16.145753264792397,0.05
149,39,30,13.219703896368738,0.9390350567613721,16.145753264792397,0.05
149,40,30,13.075022200673232,0.9078986157781843,15.070500490055089,0.016666666666666666
149,41,30,13.007801232115613,1.0144088537430047,15.152841564102744,0.016666666666666666
149,42,30,12.953532839451952,1.0483605634241056,15.152841564102744,0.016666666666666666
149,43,30,13.138727324405398,1.1612691766275995,16.45087526179828,0.03333333333333333
149,44,30,12.981451598404954,1.2975957634727204,16.45087526179828,0.05
149,45,30,12.706924189301702,1.0599882021090894,15.020538369946843,0.016666666666666666
149,46,30,12.879436182129993,0.8792064003081411,15.044828275331398,0.016666666666666666
150,0,29,13.252773937952826,1.061376817161052,15.529249130000263,0.08333333333333333
150,1,29,13.250877415044748,1.006581091900913,15.440455193623862,0.05
150,2,29,13.270930481148905,1.0073943568978838,15.440455193623862,0.03333333333333333
150,3,29,13.152347170215105,1.0604826388927129,15.365966186753354,0.05
150,4,29,13.17987233301744,0.9727633787109762,15.365966186753354,0.03333333333333333
150,5,29,13.007872707138283,0.922207329132642,15.236609060052317,0.016666666666666666
150,6,29,13.0327081909501,0.8882020637959595,15.236609060052317,0.016666666666666666
150,7,29,13.186255878090888,0.7221554700551205,14.669618304203857,0.0
150,8,29,13.039434254156058,0.8605544904696302,15.800144658417116,0.016666666666666666
150,9,29,13.250667281654723,0.966450925238068,15.800144658417116,0.016666666666666666
150,10,29,13.310971721163133,0.9122176002867681,15.411832571520357,0.03333333333333333
150,11,29,13.213777819076617,0.88368961034421,15.411832571520357,0.06666666666666667
150,12,29,13.193768113779727,0.9022926468215126,15.417595522366543,0.06666666666666667
150,13,29,13.149107988202573,0.8956873162771123,15.417595522366543,0.03333333333333333
150,14,29,13.237741079782815,1.0636169009048573,16.25577878051054,0.05
150,15,29,13.219924715405906,1.1192680607024834,16.25577878051054,0.06666666666666667
150,16,29,13.054780977939924,1.049306420019006,15.068618468519047,0.016666666666666666
150,17,29,13.033874694177285,1.0284384294894606,14.746532267009247,0.0
150,18,29,13.069928702214003,0.9520846005418727,14.812079164254724,0.0
150,19,29,12.945401290145249,0.9372512913551969,14.812079164254724,0.0
150,20,29,13.146144884882496,1.163887464437854,16.221844937504276,0.05
150,21,29,13.433422035171512,1.2482841676063106,16.709781343808103,0.08333333333333333
150,22,29,13.211530976091623,1.1081793813960519,16.709781343808103,0.05
150,23,29,13.112604570470772,1.0219817289366337,16.07423902963803,0.05
150,24,29,13.29028747820871,1.0258728784103381,16.07423902963803,0.08333333333333333
150,25,29,13.132914225666743,0.9151356603060038,15.414493681672656,0.05
150,26,29,13.11263625560936,0.8358810633966873,15.692420011759125,0.016666666666666666
150,27,29,13.17007601104352,1.0345328614458822,15.692420011759125,0.03333333333333333
150,28,29,13.078796621048502,1.1085633223037121,15.346864818547894,0.016666666666666666
150,29,29,13.052707871317116,1.0816903642696958,15.177013602636347,0.016666666666666666
150,30,29,12.94341971043818,1.0062414032674298,15.189996617167408,0.03333333333333333
150,31,29,13.090263985084638,0.9658376251660293,15.689812696473627,0.05
150,32,29,13.282893868510433,0.8296874644832776,15.689812696473627,0.05
150,33,29,13.164609322198125,0.9275889454175216,15.353125723041698,0.03333333333333333
150,34,29,13.004551974170322,1.0109797021393936,15.353125723041698,0.016666666666666666
150,35,29,13.010144064939917,0.8982675183480364,14.881269530749238,0.0
150,36,29,12.972810289168196,0.9267350483405591,14.862429493314798,0.0
150,37,29,13.031578771911828,0.9909881821744102,14.938459143910274,0.0
150,38,29,13.138138173136417,0.9662431432599713,14.938459143910274,0.0
150,39,29,13.180596716576128,1.0561549460971977,15.342041208344305,0.03333333333333333
150,40,29,13.355504012979187,1.1269530988019743,16.660275973875198,0.08333333333333333
150,41,29,13.282642811224072,0.9643935682345919,16.660275973875198,0.05
150,42,29,13.221160671095062,0.8736782131448819,15.086196867015895,0.016666666666666666
150,43,29,13.091916734056793,0.9729778925019679,15.086196867015895,0.03333333333333333
150,44,29,12.919579360780928,1.0782230760275342,15.00854103020184,0.016666666666666666
150,45,29,13.125297687365608,1.1392374764547648,15.90514051497049,0.03333333333333333
150,46,29,13.214429925364465,0.9766194918491083,15.90514051497049,0.05
151,0,28,13.166491389555077,1.0342671862315318,16.06281669220206,0.05
151,1,28,13.013312783053932,1.1039179902052834,16.06281669220206,0.03333333333333333
151,2,28,13.103943622121529,1.1437301125478234,16.41737059112816,0.03333333333333333
151,3,28,13.3698053112639,1.2060465537888565,16.858376234719856,0.1
151,4,28,13.424192738962315,1.0460739308248594,16.858376234719856,0.08333333333333333
151,5,28,13.300535772101256,1.0385975641103542,15.875857441796398,0.03333333333333333
151,6,28,13.44545104230157,1.1310857028668118,15.875857441796398,0.05
151,7,28,13.559021962943175,1.096851003709823,15.516565870193126,0.05
151,8,28,13.451285811466283,1.0660316563160472,15.445376121378438,0.016666666666666666
151,9,28,13.15082804695254,1.0898539973939378,15.387353972958728,0.05
151,10,28,13.045820363365985,1.1478175102373152,15.387353972958728,0.05
151,11,28,13.515748405382883,1.2187205862748962,16.386385650178916,0.08333333333333333
151,12,28,13.546716296106599,1.1420790906804568,16.386385650178916,0.11666666666666667
151,13,28,13.177296075685295,1.010400199143057,15.78897537922113,0.03333333333333333
151,14,28,13.31924288921587,1.117441806947083,16.13490908800692,0.03333333333333333
151,15,28,13.368365351033706,1.1840911220627637,16.13490908800692,0.06666666666666667
151,16,28,13.287407399511867,1.1458675456986456,15.318827059789337,0.06666666666666667
151,17,28,13.210975505330602,1.0969215125549225,15.318827059789337,0.03333333333333333
151,18,28,13.159115726600604,1.0029412753693745,15.388870288265421,0.03333333333333333
151,19,28,13.255555022971356,1.04721125100554,16.000382717361592,0.06666666666666667
151,20,28,13.255969650241452,1.1015712924147276,16.000382717361592,0.05
151,21,28,13.20237239203332,0.9557701428672335,15.966789002243683,0.016666666666666666
151,22,28,13.26986245538365,0.8725375859198341,15.494351579350035,0.016666666666666666
151,23,28,13.30357193137172,1.0845651402758867,17.06610406870292,0.05
151,24,28,13.190206877938978,1.0514403314703114,17.06610406870292,0.03333333333333333
151,25,28,13.110625157803117,0.925713610356044,15.229076721637885,0.016666666666666666
151,26,28,13.173582740148015,0.9503845338168904,15.229076721637885,0.03333333333333333
151,27,28,13.196025360161894,1.041054879832317,15.016780948344154,0.016666666666666666
151,28,28,13.20393273953872,1.0295693914353383,14.807334363567888,0.0
151,29,28,13.207688634150198,1.1324671652195843,15.157306432244745,0.05
151,30,28,13.079163200896652,1.1742777994205231,15.157306432244745,0.05
151,31,28,13.2131674234115,0.9322687684764246,14.901373147213997,0.0
151,32,28,13.350867694439886,0.9144066716019759,15.939863927584064,0.03333333333333333
151,33,28,13.273018019177456,0.9410509818365027,15.939863927584064,0.05
151,34,28,13.276582366236724,0.8771043385192642,15.071875127338071,0.05
151,35,28,13.281371937913772,0.9078097088460029,15.371785676609898,0.06666666666666667
151,36,28,13.344978044237795,1.1314009803189857,16.004299796378913,0.1
151,37,28,13.456006929968774,1.11300587072229,16.004299796378913,0.08333333333333333
151,38,28,13.5535003431746,0.863985436111856,15.89654825084585,0.03333333333333333
151,39,28,13.50524851408942,0.8986287759222706,15.783232569523067,0.03333333333333333
151,40,28,13.34879629453778,0.934112797642964,15.29244578614842,0.016666666666666666
151,41,28,13.231272060519576,0.9057746175926905,15.070574136485394,0.016666666666666666
151,42,28,13.080248604147398,0.8796812629619164,15.070574136485394,0.03333333333333333
151,43,28,13.17949158354816,1.0583059515863793,15.574796243485144,0.05
151,44,28,13.24856374606221,1.0566596229387455,15.574796243485144,0.03333333333333333
151,45,28,12.987178023517181,0.9183754319620643,14.69149130747305,0.0
151,46,28,12.782157471699183,1.015959437491804,14.29142859621035,0.0
152,0,27,13.53984936868865,1.1298779705542368,16.68873342633117,0.08333333333333333
152,1,27,13.583183658044714,1.1915510659668809,16.68873342633117,0.06666666666666667
152,2,27,13.469284298200254,1.1364423463859228,15.938066123581649,0.1
152,3,27,13.49584996916022,1.073328483410887,15.661067264494234,0.1
152,4,27,13.503845790313445,1.0060773136813952,15.661067264494234,0.08333333333333333
152,5,27,13.452448994076557,1.0324636604433042,15.92020221445552,0.1
152,6,27,13.378743668118883,1.1602778490547043,15.92020221445552,0.1
152,7,27,13.388961047246411,1.2377934616363588,16.40826736221011,0.08333333333333333
152,8,27,13.700125164762937,1.2025878115263207,16.40826736221011,0.13333333333333333
152,9,27,13.627814639839743,1.052800580346082,15.661524934674254,0.1
152,10,27,13.470521523130477,1.1841007102370076,17.51805185257716,0.05
152,11,27,13.460210767441783,1.2232004392749016,17.51805185257716,0.06666666666666667
152,12,27,13.300090338720283,1.0208234539028767,15.368111418909313,0.05
152,13,27,13.61070940094721,1.060016689766103,15.713616765811196,0.1
152,14,27,13.663821001882674,1.0084474764912092,15.713616765811196,0.1
152,15,27,13.413630044780891,0.9499668383431302,15.564520313476075,0.06666666666666667
152,16,27,13.173180820926465,0.9740507178729753,15.564520313476075,0.03333333333333333
152,17,27,13.258854294002797,1.0565677556158724,15.470424155831235,0.05
152,18,27,13.67163651089089,1.0628462235281644,15.698614200803293,0.11666666666666667
152,19,27,13.591320166268437,1.0495649318392983,16.067310587559216,0.1
152,20,27,13.61541999698018,1.1264519769929062,16.087546252391054,0.15
152,21,27,13.643949157887672,1.1473414178422985,16.087546252391054,0.15
152,22,27,13.391055443219978,1.1659124657869626,16.957240126801466,0.06666666666666667
152,23,27,13.371457146310455,1.102442065995595,16.957240126801466,0.03333333333333333
152,24,27,13.31274513845869,0.9932226145427161,15.463471801070437,0.03333333333333333
152,25,27,13.566973270938076,1.1075508373490839,16.170892996375606,0.08333333333333333
152,26,27,13.67041020654852,0.9997538381275178,16.170892996375606,0.05
152,27,27,13.236011183499242,0.9589144534924459,15.416790742720037,0.016666666666666666
152,28,27,13.183702096783277,1.0755109872523838,15.416790742720037,0.016666666666666666
152,29,27,13.330668284852376,1.0430248080868478,15.671977721626906,0.016666666666666666
152,30,27,13.35126203075173,1.0287603378310561,16.16343103335199,0.06666666666666667
152,31,27,13.360489726749575,1.1800989312392502,16.16343103335199,0.13333333333333333
152,32,27,13.313237195917623,1.1589196510930035,15.61190564436289,0.11666666666666667
152,33,27,13.247828810106858,1.0212994955310006,16.541202672328662,0.05
152,34,27,13.485793406769824,1.2104063900376671,16.643463162596852,0.06666666666666667
152,35,27,13.713768388096469,1.4443029771726814,17.12449027262266,0.13333333333333333
152,36,27,13.61073360525284,1.3062688953835164,17.12449027262266,0.11666666666666667
152,37,27,13.359796523233122,0.9596148780416053,15.48275919302598,0.05
152,38,27,13.107282552728861,0.9530749679754501,15.090203204864201,0.03333333333333333
152,39,27,13.337797949803031,1.0931063921739852,15.925827085903325,0.03333333333333333
152,40,27,13.64892129628408,1.1441002985617668,16.244513642804137,0.1
152,41,27,13.511303769704757,1.144318707350551,16.244513642804137,0.11666666666666667
152,42,27,13.535336166682614,0.9994784880012095,15.884684978408124,0.06666666666666667
152,43,27,13.495790464855752,0.9973784750577335,15.884684978408124,0.05
152,44,27,13.178425443885208,0.9667612884554422,15.08210863458094,0.016666666666666666
152,45,27,13.172797632434335,0.9281484283386926,15.205045504247732,0.03333333333333333
152,46,27,13.392981995375015,1.0923604025351212,16.58621932364379,0.06666666666666667
153,0,26,13.859157575123632,1.2147075490596915,17.13405552336423,0.11666666666666667
153,1,26,13.921218839585785,1.2720215259247831,17.13405552336423,0.15
153,2,26,13.576381892562583,1.2719429008042284,16.601658612656447,0.13333333333333333
153,3,26,13.48485393695592,1.217017692714745,16.09374361085743,0.11666666666666667
153,4,26,13.594335091882055,1.2800521343536582,16.09374361085743,0.16666666666666666
153,5,26,13.631963821085307,1.2442307254312148,16.015829716710023,0.15
153,6,26,13.562599157346812,1.2310465722863584,15.808171227592418,0.11666666666666667
153,7,26,13.569482728811863,1.1502946190848846,15.808171227592418,0.11666666666666667
153,8,26,13.571663172016786,1.1114619820032914,15.612323718384246,0.08333333333333333
153,9,26,13.496389241976441,1.1041330996434477,15.612323718384246,0.08333333333333333
153,10,26,13.568788287537778,1.2118627704557228,16.279609432828313,0.16666666666666666
153,11,26,13.70325260594125,1.2532902029325204,16.279609432828313,0.15
153,12,26,13.675979322031129,1.0573767650408599,15.660377780122678,0.06666666666666667
153,13,26,13.661120234259265,1.2044002261157971,16.65312810444493,0.1
153,14,26,13.726680785254063,1.3299360233283322,16.65312810444493,0.11666666666666667
153,15,26,13.604288349252327,1.2691038642394228,16.606142927449074,0.1
153,16,26,13.546821266107083,1.240745084703627,16.192118789817897,0.08333333333333333
153,17,26,13.605874038145485,1.0253027074309453,16.192118789817897,0.08333333333333333
153,18,26,13.703794874592788,0.9819239904563567,15.764453566793877,0.11666666666666667
153,19,26,13.631439367739436,1.3958598358323608,16.48957713541891,0.16666666666666666
153,20,26,13.536581731378398,1.5287607481165744,16.781081537769026,0.18333333333333332
153,21,26,13.684565207620263,1.2787849559215232,16.781081537769026,0.16666666666666666
153,22,26,13.577597451473107,1.139577248928111,15.99855164289302,0.13333333333333333
153,23,26,13.616112942451073,1.2095421161921083,16.126229777107536,0.15
153,24,26,13.552906355464739,1.2975388437582256,16.126229777107536,0.13333333333333333
153,25,26,13.282248160757474,1.1327306511491957,15.554163161593237,0.05
153,26,26,13.545421097075474,1.069610621633875,15.816095682353799,0.1
153,27,26,13.717779776423656,1.0605818833661476,15.816095682353799,0.13333333333333333
153,28,26,13.486715446970942,1.0530468593293876,15.36314165070764,0.06666666666666667
153,29,26,13.610343366133451,1.1504057091500706,16.41396794517022,0.11666666666666667
153,30,26,13.805170665939228,1.1455333847876454,16.650772866940546,0.16666666666666666
153,31,26,13.73462215717624,1.271542475083293,16.909348981612624,0.11666666666666667
153,32,26,13.380287902508227,1.277299355484117,16.909348981612624,0.06666666666666667
153,33,26,13.544718538157202,1.265876563057699,16.709752873708215,0.11666666666666667
153,34,26,13.865531010537406,1.1971338344949116,16.709752873708215,0.18333333333333332
153,35,26,13.663691756430767,1.2593371107645968,16.17280851486984,0.16666666666666666
153,36,26,13.67751818317616,1.3052789036956718,16.367310199434232,0.15
153,37,26,13.610441182220882,1.2757938100995088,16.482885093617558,0.1
153,38,26,13.32687424365831,1.1557207967411067,16.482885093617558,0.03333333333333333
153,39,26,13.458024993344775,1.1921184761639279,16.623466631994432,0.08333333333333333
153,40,26,13.634125498315221,1.24941941623734,16.623466631994432,0.11666666666666667
153,41,26,13.599670433429976,1.1385811437221551,16.565915139292372,0.05
153,42,26,13.82333237429556,1.117736823564049,16.565915139292372,0.08333333333333333
153,43,26,13.720196726282877,1.1640889542001005,16.246233537574494,0.11666666666666667
153,44,26,13.364754206946978,1.2030286417318292,16.133225480246345,0.1
153,45,26,13.438394960155224,1.2078800424698701,16.133225480246345,0.13333333333333333
153,46,26,13.807850810205737,1.1304934855703885,15.626494635636387,0.16666666666666666
154,0,25,13.684410071687916,1.166832548279641,15.626405767011857,0.15
154,1,25,13.532075779123627,1.3742928377844033,16.71418319168967,0.11666666666666667
154,2,25,13.728635809853444,1.3526312131544755,16.71418319168967,0.08333333333333333
154,3,25,13.76244001479796,1.0973952764625772,15.465490037424804,0.11666666666666667
154,4,25,13.600474190035134,1.0104513254549883,16.569700369327123,0.1
154,5,25,13.64078877496398,0.9939281545726264,16.569700369327123,0.06666666666666667
154,6,25,13.742988077699415,1.079451557031698,16.404358685477334,0.13333333333333333
154,7,25,13.902827253256682,1.2876816801325293,16.404358685477334,0.21666666666666667
154,8,25,13.687963426780637,1.3363882116559989,15.997004661225782,0.13333333333333333
154,9,25,13.46693039745739,1.2703132281297391,15.975017920988842,0.05
154,10,25,13.703649457050188,1.2082674311993074,15.874538695519007,0.11666666666666667
154,11,25,13.551244075945178,1.0551910472657833,15.834808791180711,0.11666666666666667
154,12,25,13.55989687139213,1.1280950008034045,15.912359318678561,0.1
154,13,25,13.734145396772412,1.217641048529558,15.912359318678561,0.11666666666666667
154,14,25,13.6667441347018,1.252070295831445,16.24472004569432,0.1
154,15,25,13.627858509432388,1.1208935867334018,16.24472004569432,0.08333333333333333
154,16,25,13.586038695127547,1.0223375610477137,15.70892654015947,0.1
154,17,25,13.57957016176784,1.1638718982648781,15.826671177548178,0.11666666666666667
154,18,25,13.615060055045051,1.2857579278712126,16.389010485026706,0.15
154,19,25,13.667015696076868,1.2939964653491205,16.389010485026706,0.16666666666666666
154,20,25,13.451231132355725,1.1973606474467238,16.244703204845592,0.08333333333333333
154,21,25,13.47421797139575,1.2174823471657252,16.16171163106216,0.06666666666666667
154,22,25,13.736429128789325,1.055792247671902,16.16171163106216,0.06666666666666667
154,23,25,13.983842816465502,0.9956976517079102,16.175191464226522,0.13333333333333333
154,24,25,13.769602520695678,1.1425714647736815,16.175191464226522,0.11666666666666667
154,25,25,13.500715289244772,1.0790791146754504,15.681954685768517,0.05
154,26,25,13.659164812358323,1.2051398144089907,16.562424980070436,0.11666666666666667
154,27,25,13.75025337707823,1.1690541726049302,17.00846644947721,0.13333333333333333
154,28,25,13.72722110200421,1.0556206735539355,17.00846644947721,0.11666666666666667
154,29,25,13.454140402174989,1.1326728697459036,15.989006011986124,0.08333333333333333
154,30,25,13.621208522264636,1.2246685367662145,16.303105094980097,0.15
154,31,25,13.91452490980634,1.0231587803060886,16.303105094980097,0.13333333333333333
154,32,25,13.754074289899702,1.079302313365644,16.1807584421572,0.05
154,33,25,13.64741024528468,1.1560517302914797,17.160860832576073,0.06666666666666667
154,34,25,13.573933251547798,1.1403558749343428,17.160860832576073,0.1
154,35,25,13.781213101779086,1.2340338726633802,16.687066579329105,0.2
154,36,25,13.721669837909968,1.4343077226796863,16.687066579329105,0.21666666666666667
154,37,25,13.688740881629087,1.4992016579376042,16.948369170804412,0.2
154,38,25,13.768663058721978,1.3094652401022056,16.948369170804412,0.18333333333333332
154,39,25,13.7559060513825,1.4004231721282798,16.693310605881774,0.2
154,40,25,14.088979192839963,1.3426919279347465,17.0419524298964,0.21666666666666667
154,41,25,13.789384549886236,1.0618754038687146,17.0419524298964,0.11666666666666667
154,42,25,13.68143641250178,1.0833022554955198,15.907710524809165,0.15
154,43,25,13.7639679699254,1.297228223507164,16.742381202533647,0.16666666666666666
154,44,25,13.681462440671872,1.3263091382127272,16.742381202533647,0.11666666666666667
154,45,25,13.776714086148177,1.2211464469954558,16.390155587104218,0.11666666666666667
154,46,25,13.842430322545201,1.0797403572319404,16.390155587104218,0.13333333333333333
155,0,24,13.693521269181092,1.1815228988500466,17.096624851740742,0.13333333333333333
155,1,24,13.820960175666466,1.1861387461718789,16.210956725691677,0.13333333333333333
155,2,24,13.797007510042908,1.2351067167133178,16.42708325047972,0.11666666666666667
155,3,24,13.851661309123877,1.2841316400053324,16.790372823646166,0.15
155,4,24,13.776419416347336,1.3691866876319767,16.790372823646166,0.16666666666666666
155,5,24,13.636556838048357,1.3755206888585219,16.39298876145685,0.18333333333333332
155,6,24,13.687427418864067,1.2213932295409806,16.33003767707575,0.16666666666666666
155,7,24,13.931552963003998,1.2398575483577885,16.33003767707575,0.18333333333333332
155,8,24,13.794539858989054,1.1958959515536483,16.25513096785438,0.11666666666666667
155,9,24,13.61737647630658,1.3258865421208226,16.533616880038547,0.13333333333333333
155,10,24,13.786243130109515,1.2549418150625922,16.533616880038547,0.15
155,11,24,13.856851378389702,1.0906354004794794,15.841538693519711,0.15
155,12,24,13.953801325380084,1.2786787621600568,17.251132134417265,0.2
155,13,24,14.082460703824422,1.2344554598166804,17.251132134417265,0.2
155,14,24,14.024575407181171,1.2535802660681474,16.519170743731074,0.23333333333333334
155,15,24,13.769929368116276,1.3606492190733188,16.58892292480348,0.2
155,16,24,13.903230717098788,1.4323653074837186,16.58892292480348,0.2
155,17,24,14.011678335172332,1.3660079544059407,17.301515768777147,0.2
155,18,24,13.697360559865212,1.265271394605268,17.301515768777147,0.13333333333333333
155,19,24,13.57679587816722,1.2999511641354486,16.204898035780474,0.11666666666666667
155,20,24,13.726923942705264,1.3424164780186754,16.878977101721613,0.15
155,21,24,13.850589918350288,1.2903441390792119,17.13812099573909,0.16666666666666666
155,22,24,13.945457455627716,1.308690115691981,17.13812099573909,0.2
155,23,24,13.92943864093178,1.363287512845902,16.80021939229524,0.2
155,24,24,13.854081878119032,1.3131854523044464,16.492672641625628,0.15
155,25,24,13.986845900354979,1.242165566195633,16.61899865613179,0.16666666666666666
155,26,24,13.955595098861444,1.2890885259644778,16.75028272070622,0.18333333333333332
155,27,24,13.939676339529337,1.306952292761326,16.772396185714378,0.2
155,28,24,14.119330685202359,1.2926272222989545,16.991679728227385,0.2
155,29,24,14.236904604272324,1.2073755954697545,16.991679728227385,0.25
155,30,24,14.02789626921102,1.1688645119526595,16.47717657622552,0.21666666666666667
155,31,24,13.879825328312988,1.0637183415927796,16.38914925560904,0.11666666666666667
155,32,24,14.155250493786568,1.1348175194766115,17.582276688745612,0.21666666666666667
155,33,24,13.7581202003246,1.3551414676736109,17.582276688745612,0.2
155,34,24,13.60712358979558,1.1952480895717292,15.908495463781636,0.15
155,35,24,14.046553613493192,1.3415257785796801,18.380295297612136,0.21666666666666667
155,36,24,14.031534159648045,1.388708675199427,18.380295297612136,0.23333333333333334
155,37,24,14.052873170769459,1.295011369226364,16.69314417347202,0.26666666666666666
155,38,24,14.102213735275358,1.3004051389399225,16.530238616870996,0.25
155,39,24,13.90467965028645,1.0301821361964847,16.315269948315592,0.13333333333333333
155,40,24,13.947022469080476,1.0257249236029053,16.653924498562237,0.13333333333333333
155,41,24,14.105681037326459,1.0808031910119824,16.653924498562237,0.18333333333333332
155,42,24,13.830422897071413,0.9970722429302528,15.789287047664612,0.15
155,43,24,13.932090454227525,1.1677963493641779,16.77245781271946,0.21666666666666667
155,44,24,14.09654481247553,1.1926131230131842,16.77245781271946,0.21666666666666667
155,45,24,13.79283227462858,1.0937915576465551,16.052869332211746,0.11666666666666667
155,46,24,13.878929898743575,1.2151385539721402,16.85264635309432,0.16666666666666666
156,0,23,14.274424062304224,1.3550560950490245,16.895705720499866,0.2833333333333333
156,1,23,14.227296993764156,1.5776966129899332,17.728616211887736,0.26666666666666666
156,2,23,14.199289126137632,1.464433169019114,17.728616211887736,0.25
156,3,23,14.025518247224953,1.3371141394939352,17.52318579111123,0.18333333333333332
156,4,23,14.205488571599124,1.38034701238125,17.569509462743543,0.21666666666666667
156,5,23,14.278708719886588,1.3645414805458982,17.592037232884124,0.2833333333333333
156,6,23,14.246343353854936,1.3722241751429434,17.90504457104909,0.2833333333333333
156,7,23,14.324063610758545,1.3551826473713504,17.90504457104909,0.26666666666666666
156,8,23,14.218098587898377,1.3594875037655407,16.98209772322321,0.23333333333333334
156,9,23,14.11205501414292,1.2819727325917127,16.62367841049704,0.21666666666666667
156,10,23,13.98241136191754,1.2435660635231647,17.241511925451096,0.18333333333333332
156,11,23,13.870356721020855,1.2202386742142597,17.241511925451096,0.16666666666666666
156,12,23,13.808082382583107,1.2524599048590699,16.1458708579495,0.18333333333333332
156,13,23,14.071211947315673,1.4554787354384664,18.50581027805592,0.21666666666666667
156,14,23,14.223370142394842,1.383814487175414,18.50581027805592,0.21666666666666667
156,15,23,14.005405052247552,1.3395562708397517,16.992038254824905,0.23333333333333334
156,16,23,13.810972780575353,1.3512361075148853,16.57379290627532,0.18333333333333332
156,17,23,13.990350961246284,1.2672347451033676,16.272825607095083,0.18333333333333332
156,18,23,14.070453101790456,1.2797138788006936,16.390541674368794,0.23333333333333334
156,19,23,13.821617809796699,1.3454718028959034,16.51014308270944,0.18333333333333332
156,20,23,14.054077989022428,1.300650788532465,16.515538763995014,0.21666666666666667
156,21,23,14.240811111784243,1.2822810046991533,17.697996978068314,0.26666666666666666
156,22,23,14.042183393276659,1.4382577474103435,17.697996978068314,0.25
156,23,23,13.981494140686426,1.3983405272758993,16.91987125896223,0.21666666666666667
156,24,23,13.963333841927264,1.218468559837798,16.891116737974734,0.2
156,25,23,13.881668750706618,1.2015909623277605,16.795114085212628,0.2
156,26,23,13.967383524001233,1.341984207334868,17.026513683271357,0.2
156,27,23,14.1172247563861,1.3325498510610752,17.026513683271357,0.23333333333333334
156,28,23,14.147407158143006,1.3495132127611391,16.72872964079528,0.21666666666666667
156,29,23,14.007969190188133,1.3243186451121056,16.72872964079528,0.16666666666666666
156,30,23,14.04026703967792,1.325378761535236,16.777716171991617,0.21666666666666667
156,31,23,14.069657078729737,1.4232278764196566,18.230997973821086,0.21666666666666667
156,32,23,13.97892993081577,1.4380122210744755,18.230997973821086,0.18333333333333332
156,33,23,14.113205640582125,1.36902276457459,17.510956574182504,0.23333333333333334
156,34,23,14.138817204929328,1.1418193222792143,16.15267681507051,0.21666666666666667
156,35,23,13.995452656959907,1.2138814006071057,17.01389335119953,0.18333333333333332
156,36,23,14.059821021539777,1.399615942415993,17.748981218440424,0.26666666666666666
156,37,23,14.073219730300318,1.5087090402755547,17.748981218440424,0.31666666666666665
156,38,23,13.98779992222084,1.3797973372147834,16.88378011415947,0.21666666666666667
156,39,23,13.939040012870205,1.338643531918188,17.260724470764988,0.16666666666666666
156,40,23,14.164474791793328,1.4125841915210668,17.260724470764988,0.2
156,41,23,14.221594690597527,1.2284295629070434,17.33141913520356,0.18333333333333332
156,42,23,14.006151023249371,1.2347893215991208,17.33141913520356,0.15
156,43,23,13.994216980257233,1.4000178357787547,17.815571455204836,0.18333333333333332
156,44,23,14.035543891353809,1.3321817420644462,17.815571455204836,0.25
156,45,23,14.006847082374424,1.2662517800172204,16.711046289290028,0.25
156,46,23,14.100232772835646,1.2846953156053416,16.711046289290028,0.25
157,0,22,14.530519839395929,1.465540434555528,17.322958506560212,0.38333333333333336
157,1,22,14.395933026541194,1.4970987753907994,17.322958506560212,0.3333333333333333
157,2,22,14.294759131086513,1.2674595619046825,16.516332518962255,0.2833333333333333
157,3,22,14.551025857192055,1.2203061917877902,16.898390599051165,0.35
157,4,22,14.225004750795664,1.3328656330979818,17.02520900326083,0.26666666666666666
157,5,22,14.02052420056716,1.342338982999829,17.02520900326083,0.21666666666666667
157,6,22,14.318926765525697,1.5923194465839,18.24478665682232,0.26666666666666666
157,7,22,14.17445997867687,1.5414150295333011,18.24478665682232,0.23333333333333334
157,8,22,13.765618083249658,1.1736120886162953,16.308361732738593,0.16666666666666666
157,9,22,14.086460991395576,1.456747585400345,17.889249450714722,0.23333333333333334
157,10,22,14.38952113015375,1.5114996627166453,18.293072015035463,0.2833333333333333
157,11,22,14.1908151147462,1.2872592782811931,18.293072015035463,0.21666666666666667
157,12,22,14.244257323822612,1.3057376119965782,17.497495410077264,0.21666666666666667
157,13,22,14.369973971006774,1.2272460724356438,17.497495410077264,0.25
157,14,22,14.235060567143583,1.1384048655606847,17.1737821973159,0.23333333333333334
157,15,22,14.295403951428337,1.2778815942067205,17.142412464001133,0.3
157,16,22,14.121616291645012,1.5433201474000602,18.41612153549731,0.26666666666666666
157,17,22,14.056966894078757,1.6787385891686126,18.41612153549731,0.25
157,18,22,14.173072728463765,1.5209442767530499,17.997929175040333,0.3
157,19,22,14.249028500350498,1.5133100091608778,17.525742175607686,0.31666666666666665
157,20,22,14.394620731780645,1.5011091353885266,17.000343052981698,0.36666666666666664
157,21,22,14.449193541952685,1.4223576440028658,17.79041234988243,0.36666666666666664
157,22,22,14.306403682439395,1.5366051756666212,19.099459508679736,0.3
157,23,22,14.05885738234609,1.435585751912652,19.099459508679736,0.21666666666666667
157,24,22,14.166590422463875,1.4433165068484703,18.02635490426004,0.25
157,25,22,14.089199275372925,1.487245778485425,18.02635490426004,0.23333333333333334
157,26,22,14.087584789153468,1.2990515281810164,17.004010015124276,0.23333333333333334
157,27,22,14.434875181173263,1.2199745699026285,17.139621606512403,0.2833333333333333
157,28,22,14.338635924980343,1.222611135828554,17.209691972812312,0.21666666666666667
157,29,22,13.985737461199806,1.1869893182781008,17.209691972812312,0.18333333333333332
157,30,22,13.924102735146285,1.391713559618533,16.939552405955602,0.2
157,31,22,14.045840810598367,1.436684563542203,17.552191859099068,0.2
157,32,22,13.988115308815777,1.5779467382210888,18.188899649161158,0.2
157,33,22,14.105500562827382,1.6286030792094695,18.188899649161158,0.26666666666666666
157,34,22,14.211913270540304,1.416520345482343,17.056108041542576,0.2833333333333333
157,35,22,14.216651848985661,1.273406115919648,17.056108041542576,0.23333333333333334
157,36,22,14.21496153616396,1.1082839350767402,16.717376159807184,0.21666666666666667
157,37,22,14.037692987326801,1.2214937839729738,16.717376159807184,0.23333333333333334
157,38,22,14.125681207320595,1.448096592371548,16.75780232506681,0.3333333333333333
157,39,22,14.178244824855012,1.5259950182112243,16.75780232506681,0.3333333333333333
157,40,22,14.136090615798965,1.3577104778896645,16.411420389695895,0.2833333333333333
157,41,22,14.242037887886335,1.3027296114250477,17.149665780601,0.2833333333333333
157,42,22,14.164164583494653,1.2815032675830134,17.149665780601,0.25
157,43,22,14.07578525907628,1.272019292784769,16.45829443038249,0.25
157,44,22,14.311556966461435,1.2769748168983581,16.893931211432037,0.2833333333333333
157,45,22,14.154038657074551,1.3011467052060237,16.893931211432037,0.23333333333333334
157,46,22,14.073637842438938,1.3549953687757332,16.890902606121134,0.25
158,0,21,14.16748791132964,1.5798364522088122,18.0614210805727,0.3
158,1,21,14.534749209460713,1.524246957223333,18.455033420084888,0.36666666666666664
158,2,21,14.624867371233918,1.3884687188231366,18.455033420084888,0.38333333333333336
158,3,21,14.342785377037501,1.2632998402340179,17.574042556510552,0.26666666666666666
158,4,21,14.133902389980845,1.1740743423295574,17.157669455842967,0.18333333333333332
158,5,21,14.170917945148833,1.250236432104771,17.360168499802555,0.21666666666666667
158,6,21,14.49917273251403,1.4518450289898448,17.60852590807621,0.3333333333333333
158,7,21,14.669839155290273,1.507897632613035,17.60852590807621,0.38333333333333336
158,8,21,14.519732223458027,1.4722523803805434,17.591979443425174,0.3333333333333333
158,9,21,14.299527498669821,1.5121296379258857,18.959617765855125,0.3
158,10,21,14.066276957841952,1.24856055579259,18.959617765855125,0.18333333333333332
158,11,21,14.109670507809259,1.3072604239101009,17.187412174435153,0.21666666666666667
158,12,21,14.29803994869035,1.547989875009996,17.49753896755774,0.35
158,13,21,14.20068986999541,1.3712695330884521,17.49753896755774,0.26666666666666666
158,14,21,14.266404241231474,1.393672484169842,17.87505920146565,0.2833333333333333
158,15,21,14.306061674118563,1.5994694909063576,17.87505920146565,0.35
158,16,21,14.41652997925745,1.74591712093176,17.899580484202303,0.36666666666666664
158,17,21,14.46424282181084,1.4778355935867356,17.899580484202303,0.35
158,18,21,14.244043487576215,1.1688074850850905,16.443456102794247,0.25
158,19,21,13.993169358108577,1.43268922862766,16.84183894171056,0.21666666666666667
158,20,21,14.074106301692714,1.5629323299607452,17.36933108884181,0.2833333333333333
158,21,21,14.219919965617533,1.5186452699031912,17.36933108884181,0.31666666666666665
158,22,21,14.32275330013693,1.5397797609463246,18.68680582779153,0.31666666666666665
158,23,21,14.393389000716285,1.4294030284472274,18.68680582779153,0.3
158,24,21,14.422475602377919,1.186115126224266,17.562927132191167,0.35
158,25,21,14.338809953392971,1.2426483676375841,16.533336805172265,0.3333333333333333
158,26,21,13.90367302826279,1.3027244853149205,16.85424923253428,0.18333333333333332
158,27,21,13.811986624319905,1.258693700237675,16.85424923253428,0.16666666666666666
158,28,21,14.325219919399654,1.4485775850953826,17.454091985475905,0.3
158,29,21,14.47004914589726,1.3431971641567089,17.454091985475905,0.3
158,30,21,14.11829839268939,1.3620193211956397,17.457917635240648,0.23333333333333334
158,31,21,14.20594958425662,1.4707276206292001,17.457917635240648,0.3
158,32,21,14.224282087559844,1.4132546794045981,16.79324797915918,0.26666666666666666
158,33,21,14.16516380851264,1.506320622581891,16.606893524646328,0.26666666666666666
158,34,21,14.329209443404018,1.5147442513095706,17.149992064005538,0.3333333333333333
158,35,21,14.31775195794213,1.3189547119234086,17.149992064005538,0.3
158,36,21,14.394975169655764,1.3091820714417122,17.776381845185032,0.31666666666666665
158,37,21,14.541694928652927,1.47933804611064,17.776381845185032,0.3333333333333333
158,38,21,14.473146520244384,1.4842576412392754,17.664210057738256,0.2833333333333333
158,39,21,14.402971687000516,1.225869441469094,17.028296096312705,0.25
158,40,21,14.417982043848328,0.9468661492334992,16.693382102100664,0.21666666666666667
158,41,21,14.50191392179385,1.299091091570176,17.22782542529271,0.3
158,42,21,14.674490082411975,1.5685559242251934,18.71031565835014,0.43333333333333335
158,43,21,14.638851207394879,1.5349913315740646,18.71031565835014,0.4
158,44,21,14.443977861887923,1.4429553796697219,17.342171370671608,0.31666666666666665
158,45,21,14.276381363400269,1.5198596236966226,17.372028983187818,0.26666666666666666
158,46,21,14.029652079914486,1.5763226721612302,17.372028983187818,0.21666666666666667
159,0,20,14.218702383840537,1.6319992165777697,18.383970628940418,0.31666666666666665
159,1,20,14.189590833586278,1.5862007658531165,18.383970628940418,0.3
159,2,20,14.384707966161924,1.3421889481831586,16.794290385259327,0.38333333333333336
159,3,20,14.500629225675095,1.3537259788269067,16.96164911151413,0.4
159,4,20,14.406865529432133,1.4190550454516124,17.847656031112557,0.36666666666666664
159,5,20,14.357834520672663,1.3301709643240975,17.847656031112557,0.3333333333333333
159,6,20,14.436964190524794,1.302730756499227,17.90678085176407,0.3
159,7,20,14.41582061609709,1.4160726834333972,17.90678085176407,0.2833333333333333
159,8,20,14.3570750287979,1.574810821966504,17.77643009698242,0.31666666666666665
159,9,20,14.464227880972816,1.673621816813172,17.77643009698242,0.36666666666666664
159,10,20,14.502267548367072,1.4175002560498158,17.752002603488158,0.3333333333333333
159,11,20,14.318226726679002,1.373693525562083,17.342302422307537,0.3333333333333333
159,12,20,14.464787081563252,1.4191028856945085,17.845133307083046,0.36666666666666664
159,13,20,14.556288803575363,1.2337425692122492,17.845133307083046,0.3
159,14,20,14.419668807022568,1.3189248638679978,18.547561480299557,0.26666666666666666
159,15,20,14.368809881396327,1.5169093105741203,18.547561480299557,0.3
159,16,20,14.471741758204395,1.564105963024728,18.24255396007363,0.3333333333333333
159,17,20,14.499161024310132,1.479326034513385,17.916583151993624,0.31666666666666665
159,18,20,14.331402022230943,1.3341473163347557,17.318150123108055,0.3
159,19,20,14.351341307916474,1.2774005625360345,17.36977387800553,0.3
159,20,20,14.342284025336395,1.2766231103172174,17.36977387800553,0.2833333333333333
159,21,20,14.56193706553797,1.5150367425772793,18.03119940150622,0.35
159,22,20,14.504809015990384,1.597730222428093,18.03119940150622,0.35
159,23,20,14.47396013525047,1.5504858210449222,17.589656478561395,0.4
159,24,20,14.737557860189218,1.5699568896989922,17.589656478561395,0.4666666666666667
159,25,20,14.597265424848052,1.4041884446264077,17.528599383369986,0.4166666666666667
159,26,20,14.580231857646455,1.2989548105443642,17.09250298548381,0.4
159,27,20,14.428581256483055,1.2878550705927578,17.21889125825686,0.35
159,28,20,14.318412917023958,1.3833360556659549,17.21889125825686,0.3333333333333333
159,29,20,14.303405329435424,1.3018714178779804,16.823932098418904,0.26666666666666666
159,30,20,14.337973552577392,1.249250794347572,16.823932098418904,0.3
159,31,20,14.362630001601369,1.1905380068901912,16.741508609478934,0.2833333333333333
159,32,20,14.361580941671894,1.2486460526909322,18.423038701481882,0.2
159,33,20,14.397574940754792,1.545163469490288,18.423038701481882,0.3333333333333333
159,34,20,14.486744827358642,1.5950545091917563,18.713545095313,0.43333333333333335
159,35,20,14.532551328545006,1.4918266466629342,18.713545095313,0.36666666666666664
159,36,20,14.276714359914388,1.408038056690696,17.85145770286476,0.3
159,37,20,14.394610984516897,1.3031393269704488,17.258351659262765,0.3333333333333333
159,38,20,14.601224666139439,1.2003123730507264,17.258351659262765,0.38333333333333336
159,39,20,14.52178040832541,1.349664714803984,18.2507566748941,0.4
159,40,20,14.407040869355713,1.4188481681132024,18.2507566748941,0.31666666666666665
159,41,20,14.393470829211665,1.4827818192465483,17.551663281182893,0.35
159,42,20,14.56598662080957,1.6084099845467874,17.413189355524356,0.45
159,43,20,14.524163687201368,1.3759218179719663,17.413189355524356,0.3333333333333333
159,44,20,14.32416203802386,1.1420023159401222,16.698507106526833,0.23333333333333334
159,45,20,14.32298870012004,1.2504647843748014,17.43577902489993,0.2833333333333333
159,46,20,14.345875344655756,1.4236982218917353,17.623689253995646,0.31666666666666665
160,0,19,14.83011717160082,1.494265416499351,19.373513899051183,0.45
160,1,19,14.825662216233233,1.5823731873514282,17.717173715019424,0.5166666666666667
160,2,19,14.533333307478305,1.7162084149227863,17.717173715019424,0.43333333333333335
160,3,19,14.3718645090785,1.5463879195801817,16.968316330560405,0.4
160,4,19,14.470960793410525,1.4065271769482164,16.968316330560405,0.4
160,5,19,14.7028521103864,1.6863018424005742,18.009697236331224,0.43333333333333335
160,6,19,14.894457079401288,1.756336725768706,18.009697236331224,0.5166666666666667
160,7,19,14.816152829926777,1.6365922408331406,18.207352547707586,0.5
160,8,19,14.58968740315926,1.5015600635633783,18.207352547707586,0.38333333333333336
160,9,19,14.53529590440209,1.3841308794272824,17.653256686778327,0.35
160,10,19,14.593380148250548,1.3034894592576949,17.391765601166643,0.3333333333333333
160,11,19,14.589206409745774,1.4495636414127533,19.126667679833062,0.3
160,12,19,14.524676159408013,1.6730084055535894,19.126667679833062,0.31666666666666665
160,13,19,14.365503610022683,1.4681144997165512,18.731330384577113,0.3
160,14,19,14.824770870970715,1.44493055944354,18.471129209786355,0.38333333333333336
160,15,19,14.78801412147351,1.6425514149123819,18.471129209786355,0.43333333333333335
160,16,19,14.759825468265023,1.637030528119275,17.788643483503005,0.5166666666666667
160,17,19,14.985013635010676,1.6051399500750627,18.097661644902523,0.5166666666666667
160,18,19,14.646600787291224,1.3604424625259037,18.097661644902523,0.38333333333333336
160,19,19,14.591664759696558,1.0760461595357083,16.652220820774918,0.36666666666666664
160,20,19,14.82658947902306,1.4754359193757207,19.701324138793346,0.4
160,21,19,14.815539823490768,1.5655098229848345,19.701324138793346,0.45
160,22,19,14.750986504103354,1.202561366174147,17.277422485815272,0.45
160,23,19,14.706789841456027,1.4051445845567303,17.623704766192994,0.36666666666666664
160,24,19,14.68220782132901,1.5832221574950187,17.681227772511377,0.35
160,25,19,14.688347589663552,1.5947371123261485,17.795237211601208,0.3333333333333333
160,26,19,14.543920272349984,1.5302962521536578,17.795237211601208,0.2833333333333333
160,27,19,14.463657804586429,1.4231468340759352,17.77599483380241,0.2833333333333333
160,28,19,14.631747261304985,1.532895751351759,18.91424902479365,0.38333333333333336
160,29,19,14.818347322804783,1.7517007782484653,18.91424902479365,0.5
160,30,19,14.632464453926932,1.7617270213562748,18.860748864635404,0.48333333333333334
160,31,19,14.766215926115912,1.4478347712562536,19.217413109571005,0.4166666666666667
160,32,19,14.99209018189265,1.4020234563681762,19.217413109571005,0.45
160,33,19,14.73131246098754,1.5058333531079564,18.649924119807334,0.45
160,34,19,14.630854149534017,1.3930706635063623,17.958482502500573,0.4166666666666667
160,35,19,14.636755487058643,1.4068489563416064,17.958482502500573,0.4166666666666667
160,36,19,14.812402692154214,1.5721599746930075,18.888725666499912,0.43333333333333335
160,37,19,14.955957937355501,1.60971349509245,18.888725666499912,0.48333333333333334
160,38,19,14.661524520227529,1.637168138450454,18.85886668962516,0.4666666666666667
160,39,19,14.760857316165351,1.7622068505459592,18.85886668962516,0.45
160,40,19,14.939182544355083,1.7511007114128612,18.635048964850185,0.43333333333333335
160,41,19,14.658805050312095,1.6291254092546676,18.57770664385814,0.36666666666666664
160,42,19,14.502463502999788,1.5000166426623265,17.373560594271332,0.4
160,43,19,14.529923944788287,1.5384402029297781,18.11745146789737,0.4166666666666667
160,44,19,14.607717536919065,1.5839560225509257,18.11745146789737,0.38333333333333336
160,45,19,14.69202350797389,1.5860982757695594,18.649094475905123,0.35
160,46,19,14.467763766168344,1.5244279924372344,18.649094475905123,0.25
161,0,18,14.723794061030507,1.548543156985993,17.820969587096666,0.4
161,1,18,14.732389015501546,1.7337448546191103,17.820969587096666,0.4166666666666667
161,2,18,14.760040446523751,1.6757856048346693,18.168859465465292,0.4166666666666667
161,3,18,14.909438333540011,1.7450894054338206,18.763072400665184,0.4166666666666667
161,4,18,14.820366535958897,1.9305169271621654,18.763072400665184,0.4666666666666667
161,5,18,14.826188861672469,1.7093906255819427,17.513283409869647,0.5333333333333333
161,6,18,15.018615537597642,1.5271352256758954,18.439392002777662,0.48333333333333334
161,7,18,15.1574513169703,1.4352063218461377,18.66364427144975,0.48333333333333334
161,8,18,15.050782314377853,1.3836052611908551,18.66364427144975,0.4666666666666667
161,9,18,14.928018176685066,1.6252829918585538,18.023285944367085,0.4666666666666667
161,10,18,14.805691326384004,1.6945435849991612,18.023285944367085,0.4166666666666667
161,11,18,14.612965022116617,1.6380262815241924,17.876554714919923,0.45
161,12,18,14.703068054590737,1.53215765516802,18.75653789124568,0.5
161,13,18,14.920887922137625,1.3967887244476767,18.75653789124568,0.4666666666666667
161,14,18,14.928866509732782,1.5113495792127727,18.190170433664527,0.43333333333333335
161,15,18,14.911753569021625,1.5994018176624711,18.560538262819595,0.4166666666666667
161,16,18,14.75912878727924,1.7310757603652789,18.866522187749243,0.45
161,17,18,14.737882964415824,1.792594079653617,19.159699279628356,0.4666666666666667
161,18,18,14.833378773093951,1.7809942878781087,19.159699279628356,0.45
161,19,18,14.552557318294564,1.7690126805066229,19.132600182574507,0.38333333333333336
161,20,18,14.57905219158794,1.713738874828197,18.164196287563545,0.4
161,21,18,14.95777429652695,1.6794306522105633,18.164196287563545,0.5
161,22,18,14.83361098632395,1.6549072091240455,17.836944904067245,0.45
161,23,18,14.660419560091727,1.5483741769012187,18.445107334204536,0.36666666666666664
161,24,18,14.698433548680681,1.48331979284153,18.445107334204536,0.4
161,25,18,14.653925157995332,1.4483633899711505,17.67625785101709,0.4166666666666667
161,26,18,14.81652337502485,1.4580494934942116,17.67625785101709,0.45
161,27,18,15.032398598163876,1.4946980157069474,17.733346717090676,0.48333333333333334
161,28,18,14.918618622934384,1.5156432021404387,17.733346717090676,0.4666666666666667
161,29,18,14.667312749272405,1.7284059140352364,19.60361190834068,0.4
161,30,18,14.657524754157754,1.6029524710010739,19.60361190834068,0.45
161,31,18,14.698432385088303,1.4447192433591254,18.0694298087609,0.43333333333333335
161,32,18,15.072166754088709,1.6280059646835163,18.518309179230503,0.45
161,33,18,15.098310101275068,1.5346019891311966,18.518309179230503,0.48333333333333334
161,34,18,14.993331364302893,1.6112116261004714,18.274369748158332,0.5
161,35,18,15.013677574414011,1.788489622601704,18.274369748158332,0.5333333333333333
161,36,18,14.69086981853359,1.8047967891209378,18.166671614113525,0.4
161,37,18,14.548042962971653,1.5790307634454228,18.166671614113525,0.35
161,38,18,14.596799067104332,1.4195217546190362,18.41388307125183,0.36666666666666664
161,39,18,14.74738384488844,1.3121358556820026,18.41388307125183,0.4
161,40,18,14.805895203045914,1.448245156680123,17.741969267959107,0.45
161,41,18,14.733180200343309,1.7657922563495134,18.407765317534214,0.4
161,42,18,14.63585293405214,1.7424904101329752,18.407765317534214,0.38333333333333336
161,43,18,14.346505676162275,1.758010940955943,18.284940130837786,0.35
161,44,18,14.355254821735077,1.6159953100630313,17.32956445592091,0.3333333333333333
161,45,18,14.877873187948069,1.4637347646681595,18.605029948733556,0.48333333333333334
161,46,18,14.936748056382397,1.6038937547057113,18.605029948733556,0.4666666666666667
162,0,17,14.88827249294609,1.61356705286623,18.417171574981513,0.4666666666666667
162,1,17,14.945781839211621,1.4768704216630797,18.331421836982127,0.43333333333333335
162,2,17,15.259276632137748,1.481991766532126,17.848806896910197,0.4666666666666667
162,3,17,15.615897225421895,1.7079841009184722,18.59147297175886,0.6166666666666667
162,4,17,15.266442177410704,1.6304454332086973,18.59147297175886,0.5166666666666667
162,5,17,14.888656493342001,1.4724240324958326,18.338112930690546,0.4
162,6,17,14.816682400531306,1.6387082547339462,18.97539430407695,0.38333333333333336
162,7,17,14.948120648893193,1.6238854954831285,18.97539430407695,0.45
162,8,17,15.054126306429382,1.418742369517464,18.68649257507799,0.4666666666666667
162,9,17,15.084957925140257,1.6112428776198162,18.153427179856116,0.5333333333333333
162,10,17,15.2243358234867,1.8253150533837104,19.203868158971503,0.6
162,11,17,14.878762041959387,1.765174644217286,19.203868158971503,0.5
162,12,17,14.591225407441721,1.3808840503469784,17.103277362602896,0.4
162,13,17,14.712576992152302,1.283658304290863,18.082042233828513,0.4
162,14,17,14.999079560586932,1.6384499613187522,18.100198139812466,0.5
162,15,17,15.31657605267297,1.8026234125950378,20.27670380649346,0.55
162,16,17,15.415429644664352,1.7384834707444052,20.27670380649346,0.55
162,17,17,15.064754530008742,1.708612767685551,18.85824306722754,0.45
162,18,17,14.759968866904215,1.6526577817964954,18.444857051322774,0.38333333333333336
162,19,17,14.904633724816257,1.5618568752892952,18.444857051322774,0.45
162,20,17,14.847075627714023,1.5780482719728748,18.191467217690956,0.43333333333333335
162,21,17,14.657326927327459,1.7079789395762048,20.38300438591619,0.3333333333333333
162,22,17,14.731188736665882,1.812943716823109,20.38300438591619,0.38333333333333336
162,23,17,15.02325170580705,1.657994830599019,18.88022837653258,0.45
162,24,17,15.197692666806246,1.3860580460976477,18.192006643724184,0.48333333333333334
162,25,17,14.920301215994112,1.5520010962045203,18.192006643724184,0.48333333333333334
162,26,17,14.803850852951761,1.7865632711994468,19.288627571580065,0.4166666666666667
162,27,17,15.102525283139254,1.7108011126468303,19.288627571580065,0.48333333333333334
162,28,17,15.18292869062108,1.591553968725836,18.169600763993362,0.5666666666666667
162,29,17,14.937597030324854,1.602905042044287,17.40119997209393,0.5
162,30,17,15.08113484958429,1.5950055468453925,19.06470012301095,0.4666666666666667
162,31,17,15.283810725673877,1.5748677886367817,19.071107580102467,0.48333333333333334
162,32,17,15.156637189546124,1.4882932210913835,19.071107580102467,0.5166666666666667
162,33,17,15.1571771526588,1.3817302422243332,18.745184945565175,0.5166666666666667
162,34,17,14.921558399490237,1.4699893599309575,18.59107631093662,0.43333333333333335
162,35,17,14.650953045399529,1.511493626813348,18.540656948871895,0.43333333333333335
162,36,17,14.803171284894416,1.5289562075071128,18.329034622245587,0.48333333333333334
162,37,17,14.895257440461673,1.6137032306703898,19.924220570300594,0.45
162,38,17,14.910667413249332,1.626598784806592,19.924220570300594,0.45
162,39,17,14.932588696302572,1.6576416273213472,18.556753860870558,0.45
162,40,17,14.905705394691934,1.7315956712315412,18.12099570720204,0.45
162,41,17,15.012101561410176,1.799796349774155,18.009878699822043,0.5333333333333333
162,42,17,15.221031884575535,1.8262141699919485,18.97443753319037,0.5666666666666667
162,43,17,14.874865815492436,1.672824598930911,19.194476801194273,0.4166666666666667
162,44,17,14.791118397187146,1.5206479336818606,19.194476801194273,0.38333333333333336
162,45,17,15.122669937420241,1.5574438454530821,18.717186640091366,0.5166666666666667
162,46,17,15.101181574234916,1.4915647919035104,19.006698478221182,0.55
163,0,16,14.815388798468229,1.5701158523742083,17.919104013233945,0.5
163,1,16,15.009533629079407,1.5642457415176378,18.637628688713175,0.4166666666666667
163,2,16,14.998638818331031,1.4684649200999942,18.637628688713175,0.38333333333333336
163,3,16,15.031097513767863,1.5968045297496025,18.56242781155601,0.48333333333333334
163,4,16,15.224812689801603,1.6935286047588636,19.66936099439455,0.55
163,5,16,15.38101947371308,1.511037643509351,19.66936099439455,0.6
163,6,16,15.108851875284786,1.3802059665816733,18.073878451556844,0.5
163,7,16,15.238397277736738,1.5759558229874029,18.773346415151014,0.5166666666666667
163,8,16,15.398373608588136,1.6320999133284042,19.384298425778837,0.5833333333333334
163,9,16,15.014870307285804,1.6106595917924973,19.384298425778837,0.48333333333333334
163,10,16,14.802590209564597,1.7112311639406423,18.60685012803059,0.45
163,11,16,14.900370998345336,1.6471705781831525,19.986199734575102,0.45
163,12,16,15.011357616240778,1.5328733114917161,19.986199734575102,0.43333333333333335
163,13,16,14.958024216210653,1.5500370469725258,19.50901882592971,0.4666666666666667
163,14,16,14.694137887899519,1.4352175619179495,18.229534201701107,0.36666666666666664
163,15,16,15.0086929794962,1.6882659184592967,19.79962719553717,0.43333333333333335
163,16,16,15.508775473303093,1.7611722695277894,19.79962719553717,0.6166666666666667
163,17,16,15.493046813589922,1.5228629450943616,18.205811979899565,0.6166666666666667
163,18,16,15.169448535012387,1.6018926462460192,18.688889952356117,0.5833333333333334
163,19,16,15.084239366699773,1.7294610269849144,19.519150731759765,0.55
163,20,16,15.123037793721336,1.5306047147881476,19.519150731759765,0.5333333333333333
163,21,16,15.00203246039539,1.4815706105706044,19.429738142252358,0.5
163,22,16,15.189838773493419,1.3492883723731817,19.429738142252358,0.5333333333333333
163,23,16,14.999350728555987,1.1651344791502007,18.1781733412754,0.48333333333333334
163,24,16,14.813785010317977,1.3760723144411036,18.52014693224269,0.4
163,25,16,15.10581191588287,1.649610747602836,19.188972149741005,0.4666666666666667
163,26,16,14.942904174929872,1.5867259119930797,19.188972149741005,0.43333333333333335
163,27,16,14.945306281995633,1.459198208122625,17.642703991090045,0.45
163,28,16,15.177147659112352,1.4993456710694,19.064708283266494,0.5
163,29,16,14.944720642399378,1.5725022279359728,19.064708283266494,0.4166666666666667
163,30,16,14.954383624874547,1.8951358200404338,20.82232691338026,0.36666666666666664
163,31,16,15.233991347736449,1.781396842697175,20.82232691338026,0.4666666666666667
163,32,16,15.255416211457485,1.4189160946899984,18.960124952607842,0.5333333333333333
163,33,16,14.964231491593385,1.5332126877223042,18.14277095881218,0.43333333333333335
163,34,16,14.984535787064635,1.6060271743750374,18.14277095881218,0.4666666666666667
163,35,16,15.33028308047109,1.7803106394760986,18.729319943515904,0.5666666666666667
163,36,16,15.18024184464662,1.8206970501174338,18.729319943515904,0.5
163,37,16,15.066176202019385,1.450835955455092,17.886642647019187,0.48333333333333334
163,38,16,15.054456480396206,1.5774593641164611,18.39683294073315,0.5166666666666667
163,39,16,15.1442539569244,1.9703547966898978,20.294849832060287,0.5333333333333333
163,40,16,15.146032514061366,1.8922679425946127,20.294849832060287,0.5
163,41,16,14.821073235486905,1.5258793155783021,19.418146646385836,0.43333333333333335
163,42,16,15.117488860236218,1.360538432063171,17.84041339252755,0.55
163,43,16,15.215820300214938,1.5212274404022559,18.222204030237076,0.5666666666666667
163,44,16,15.010801323102163,1.5677106775582383,18.765962517888422,0.4666666666666667
163,45,16,15.388967839176189,1.440042356136101,18.765962517888422,0.5666666666666667
163,46,16,15.457522508123537,1.4447714646488066,18.162217364275328,0.6166666666666667
164,0,15,15.271768760189259,1.7206411483892494,18.980834203061743,0.5833333333333334
164,1,15,15.47421936789385,1.8960368337996658,18.980834203061743,0.55
164,2,15,15.452057357392675,1.747637043176987,18.482170720285268,0.5666666666666667
164,3,15,15.15336974709764,1.5641334715729103,18.15806156987198,0.5
164,4,15,15.22422492567823,1.692153061644513,19.54149203851979,0.5
164,5,15,14.988505787434205,1.9043789600619767,19.54149203851979,0.5166666666666667
164,6,15,14.679510168842798,1.608379650128847,17.49874082033161,0.4666666666666667
164,7,15,14.9949719159555,1.6181319357060737,18.806058333549657,0.48333333333333334
164,8,15,15.067597126743074,1.7612796231288448,19.327939172694208,0.5
164,9,15,14.908685682216598,1.6983784074825845,19.327939172694208,0.5
164,10,15,14.979649190496236,1.6297128918832735,19.204581660691584,0.48333333333333334
164,11,15,15.13320546683137,1.5249667864882646,19.204581660691584,0.48333333333333334
164,12,15,14.980469150432011,1.6040862458189957,18.415811027077524,0.48333333333333334
164,13,15,15.233066423435453,1.610600311826108,18.478480144552947,0.6
164,14,15,15.107217806378149,1.6699161293647171,18.655985392997156,0.5
164,15,15,15.035375549768537,1.7398485181439007,19.708190874594095,0.43333333333333335
164,16,15,15.013784945408718,1.7641057004304133,19.708190874594095,0.48333333333333334
164,17,15,15.151463957604578,1.8286112349382069,18.490302308297988,0.5166666666666667
164,18,15,15.754932288873446,1.6617811677319707,18.89846961751595,0.6166666666666667
164,19,15,15.56039605947587,1.635146585476628,19.014612706313432,0.6
164,20,15,15.25185587952422,1.63329194357383,19.014612706313432,0.55
164,21,15,15.156341467885074,1.486449468567002,17.55508285333483,0.5166666666666667
164,22,15,15.457652046348478,1.5332326710033175,20.45801174510623,0.5833333333333334
164,23,15,15.404304999006909,1.720117621597691,20.45801174510623,0.6
164,24,15,15.302842705514335,1.5990358478042652,18.013478688122643,0.6333333333333333
164,25,15,15.381527901395534,1.5996770221256567,18.890142120183754,0.5666666666666667
164,26,15,15.323525054918353,1.5472818754816,18.890142120183754,0.55
164,27,15,15.341039350113299,1.5911018340840217,18.20850667050176,0.6166666666666667
164,28,15,15.08227226579502,1.8191309844866852,18.88647792282397,0.55
164,29,15,15.082152893788884,1.8595842665968196,20.16715553856504,0.43333333333333335
164,30,15,15.055172257246719,1.9482877981135247,20.16715553856504,0.4
164,31,15,14.929157188507778,1.7378910496026359,19.40231551097316,0.4666666666666667
164,32,15,15.20066772175866,1.4620777754482448,18.286315942402833,0.5166666666666667
164,33,15,15.167381175243596,1.6189314808351298,18.62508857575726,0.5
164,34,15,14.99083221230773,1.5690863781452076,18.62508857575726,0.4666666666666667
164,35,15,15.13283665304561,1.4504751512751426,17.42823257765016,0.5333333333333333
164,36,15,14.98206463173325,1.5942826144678526,17.54462625319991,0.5166666666666667
164,37,15,15.303448172934413,1.782712180621956,19.663571924591526,0.6
164,38,15,15.344544805297428,1.780020877363608,19.663571924591526,0.6
164,39,15,14.963479047101032,1.532722850467095,17.816943097900662,0.5166666666666667
164,40,15,14.923419515785083,1.4074191475014042,18.02456972114212,0.5166666666666667
164,41,15,15.401242397480784,1.692825093724514,19.749186136050547,0.6333333333333333
164,42,15,15.549576536555367,1.8751828592594522,19.749186136050547,0.6666666666666666
164,43,15,15.108334648616166,1.8371758517108812,18.89463230791771,0.5333333333333333
164,44,15,15.341948305014714,1.7658769194590642,18.987486535183425,0.5666666666666667
164,45,15,15.379498674270762,1.7903611307600933,19.41688057152586,0.5333333333333333
164,46,15,15.042448616517898,1.5319856953889677,19.41688057152586,0.4666666666666667
165,0,14,15.474697331068908,1.4609198616798966,19.207727262820377,0.6166666666666667
165,1,14,15.280766253971336,1.811165202437128,19.207727262820377,0.5333333333333333
165,2,14,15.167099802869155,1.6191878707518184,18.757485875193296,0.48333333333333334
165,3,14,15.219232777036986,1.4392495874403137,19.87315027939489,0.5
165,4,14,15.517221346163657,1.7915557276695755,19.87315027939489,0.6
165,5,14,15.69253588498013,1.7943234262419412,19.158140221857696,0.6333333333333333
165,6,14,15.532421208940006,1.9326628357186322,19.3751723357926,0.6166666666666667
165,7,14,15.38278015672472,1.8947362769274183,19.3751723357926,0.6166666666666667
165,8,14,15.636297117613301,1.8728146529208212,18.81490100876536,0.6333333333333333
165,9,14,15.783791087516306,1.8742791297077543,18.818016270441355,0.6666666666666666
165,10,14,15.645562268824197,1.5782301729758812,19.007803260649077,0.6833333333333333
165,11,14,15.602878453630241,1.5459076513670726,19.274560037934673,0.65
165,12,14,15.411094758245646,1.7215233072964689,19.274560037934673,0.5666666666666667
165,13,14,15.19042002012157,1.7303292310874756,18.581969289746482,0.5166666666666667
165,14,14,15.33395027064577,1.9073142430200374,20.05105905879854,0.55
165,15,14,15.595760055594257,1.9072101564814472,20.05105905879854,0.6166666666666667
165,16,14,15.645223246796498,1.8510054281497732,20.211862848935688,0.6333333333333333
165,17,14,15.612938301548297,1.8891192231223106,20.211862848935688,0.6166666666666667
165,18,14,15.286492512454073,1.7079951586590836,18.559569068426867,0.5666666666666667
165,19,14,15.30004076386122,1.6883920881447199,18.208437493975747,0.5833333333333334
165,20,14,15.586920030642704,1.8209114407992197,19.9738508356186,0.6166666666666667
165,21,14,15.549304757423126,1.7835622432401594,19.9738508356186,0.6333333333333333
165,22,14,15.305831013298787,1.7704977780389484,18.59160504145119,0.6166666666666667
165,23,14,15.378064423352795,1.7508076284784055,18.520567987998344,0.5833333333333334
165,24,14,15.48872186660207,1.7612346127881244,18.560059714186757,0.5666666666666667
165,25,14,15.320592551463907,1.8284557609478431,18.98418594236368,0.5333333333333333
165,26,14,15.356497586528748,1.9049422163875585,20.100794778041376,0.55
165,27,14,15.627060733672636,1.9592761827960339,20.100794778041376,0.6333333333333333
165,28,14,15.901681629832435,1.9428728020134434,20.023763029246556,0.6833333333333333
165,29,14,15.792302163086543,1.8473973395840613,20.023763029246556,0.6833333333333333
165,30,14,15.679927012176572,1.660294682593322,20.53629086290458,0.6333333333333333
165,31,14,15.335907461186906,1.727979973591438,20.53629086290458,0.5
165,32,14,14.77812653259363,1.7067570808948926,17.787290478720198,0.4
165,33,14,15.256970277838443,1.9283128998279098,20.67629528858242,0.5666666666666667
165,34,14,15.349221725280326,2.2488715870837805,20.871329155620256,0.55
165,35,14,15.327083881703816,2.1689933092453964,20.871329155620256,0.5166666666666667
165,36,14,15.529665928153863,1.955627720420982,19.48142326931866,0.55
165,37,14,15.495939904615483,1.886339024417819,19.88881757852019,0.5333333333333333
165,38,14,15.687266164580892,1.7749212991125158,20.016561519963048,0.6166666666666667
165,39,14,15.74546875723064,1.8057691179135065,20.016561519963048,0.6333333333333333
165,40,14,15.68304444535784,1.8340789572824456,19.20819030368683,0.6666666666666666
165,41,14,15.583537109426564,1.9893940000695622,20.566718413304162,0.6333333333333333
165,42,14,15.158832109308863,1.9358907031980874,20.566718413304162,0.5166666666666667
165,43,14,15.09320466256775,1.9073090117962592,19.57656444485322,0.4666666666666667
165,44,14,15.46015349498358,1.7917763910647875,19.57656444485322,0.5333333333333333
165,45,14,15.309804167982236,1.5248932589833413,19.561114314311272,0.5
165,46,14,15.30695280587315,1.4461873588127443,18.394167257792905,0.5
166,0,13,15.916004700898876,1.7182944035191423,20.138845351143534,0.6666666666666666
166,1,13,15.664532908066986,1.7666268406396466,20.138845351143534,0.6166666666666667
166,2,13,15.60194456200952,1.9499864786558614,19.622074603442073,0.6833333333333333
166,3,13,15.653494172070616,2.1583959864551487,19.622074603442073,0.7166666666666667
166,4,13,15.30656227839384,1.8495550732958437,19.56751039696632,0.65
166,5,13,15.454092134846794,1.6720316146490408,19.502880284221572,0.6333333333333333
166,6,13,15.611846850898166,1.7302688384427771,19.502880284221572,0.6
166,7,13,15.686152420132352,1.7893748115075945,19.02007779705898,0.6333333333333333
166,8,13,15.776427458511753,1.702275991101466,18.40403127751733,0.6666666666666666
166,9,13,15.322372583631351,1.7579522236868432,19.436737721285525,0.5333333333333333
166,10,13,15.280210072060408,1.9273416492102842,19.62126301883624,0.55
166,11,13,15.641695725662737,1.6522118789686153,19.62126301883624,0.6333333333333333
166,12,13,15.617752435314568,1.2487097620345293,18.254597406454337,0.5833333333333334
166,13,13,15.48554662671907,1.6275046142762815,19.191123784386605,0.5833333333333334
166,14,13,15.170842584838553,1.7680477358228086,19.191123784386605,0.55
166,15,13,15.470000599549266,1.695343709557482,20.127987877152883,0.6166666666666667
166,16,13,15.93459546353211,1.6114005451548212,20.127987877152883,0.7166666666666667
166,17,13,15.6255824724927,1.6063198715136269,18.56324718818957,0.65
166,18,13,15.535664698070589,1.6503312645492656,18.56324718818957,0.6666666666666666
166,19,13,15.583682737635039,1.5744059740622627,18.397338456994248,0.6166666666666667
166,20,13,15.633388491138819,1.69147876203308,18.62164246478782,0.5833333333333334
166,21,13,15.551127138727681,1.6767880648464781,18.919095152503534,0.6
166,22,13,15.64079978216139,1.7847405686522089,20.61441925265384,0.6166666666666667
166,23,13,15.551121560982105,1.9046511585849089,20.61441925265384,0.6333333333333333
166,24,13,15.403514578396473,1.7471279473046009,18.800260572276517,0.6333333333333333
166,25,13,15.31729347481909,1.8324816694763921,18.800260572276517,0.6333333333333333
166,26,13,15.173363462037145,1.9019102704588635,20.038288577920323,0.5666666666666667
166,27,13,15.291407859490098,1.6913556453124476,20.038288577920323,0.5666666666666667
166,28,13,15.749322285616119,1.7441732410931565,20.27624175363171,0.6
166,29,13,16.137690599410803,1.765625169712586,20.27624175363171,0.7
166,30,13,15.64627999685995,1.722983798793365,18.707465837161134,0.6666666666666666
166,31,13,15.370323884461653,1.6605798672803986,18.308715395715296,0.6
166,32,13,15.738803556402916,1.477820549735859,18.200304806918403,0.6833333333333333
166,33,13,15.734686052092451,1.9064367636576218,19.47152208465998,0.6333333333333333
166,34,13,15.504882130806482,1.915008540715825,19.47152208465998,0.5833333333333334
166,35,13,15.341117219556871,1.4837293108777247,18.854840563355115,0.5666666666666667
166,36,13,15.663967771592764,1.881886746823656,19.669829941121527,0.6
166,37,13,15.939320956282138,1.942416243519312,19.669829941121527,0.6833333333333333
166,38,13,15.671402114165106,1.8698788568893974,21.170428945055313,0.65
166,39,13,15.425079626323676,1.743741511631368,21.170428945055313,0.6166666666666667
166,40,13,15.25807094248727,1.7750593086520399,18.98554690041792,0.5666666666666667
166,41,13,15.499542236659373,2.1287631109403415,19.155197670685546,0.5333333333333333
166,42,13,15.737362153988704,1.9758139524506724,19.155197670685546,0.5833333333333334
166,43,13,15.412755908386213,2.017175706737542,18.988063097554175,0.5333333333333333
166,44,13,15.215069785492773,1.874597865984734,18.988063097554175,0.45
166,45,13,15.69734110077423,1.4975132155069866,19.679454993587967,0.6166666666666667
166,46,13,15.765740199275369,1.6125121384302405,19.679454993587967,0.6666666666666666
167,0,12,15.688633143111213,1.6401572560793403,19.026945652843377,0.6166666666666667
167,1,12,15.399292205251001,1.7103885679259634,19.951835999335085,0.5166666666666667
167,2,12,15.961103981528401,2.0161045863098277,21.020096600319988,0.6666666666666666
167,3,12,16.053845175085325,1.910439842882884,21.020096600319988,0.75
167,4,12,15.657462733818274,1.7017255138348422,19.734755014313073,0.6833333333333333
167,5,12,15.656366795935284,1.9197217241754163,20.141241166699977,0.6166666666666667
167,6,12,15.738801113893695,1.9702109517504884,20.490640438631868,0.65
167,7,12,15.795145503283083,2.016030630569305,20.93408097724208,0.65
167,8,12,15.802105394266139,1.974141023166493,21.569708688572014,0.6166666666666667
167,9,12,15.65231005656562,2.047001911037306,21.569708688572014,0.5666666666666667
167,10,12,15.639121133020213,1.9568059190367133,19.186464732312153,0.5666666666666667
167,11,12,15.89854795421384,2.135370637159982,20.830580627419863,0.6666666666666666
167,12,12,15.929975234370783,2.031143567660548,20.830580627419863,0.7333333333333333
167,13,12,15.482309928301087,1.4295391568694389,17.917732729869982,0.6166666666666667
167,14,12,15.196049791096145,1.4369327732878414,19.456488458780537,0.48333333333333334
167,15,12,15.298787966344786,1.6960604027784596,19.58074578879719,0.5333333333333333
167,16,12,15.450866166920266,1.7555330012830568,19.58074578879719,0.5833333333333334
167,17,12,15.757052273832395,1.6806373477936845,20.49696449838374,0.6166666666666667
167,18,12,15.806494549762244,1.9142973577521691,21.196671285553457,0.6333333333333333
167,19,12,15.989321762071466,1.9047157388945362,21.196671285553457,0.6666666666666666
167,20,12,16.062688727893665,1.8868546814686957,20.3659883979542,0.6666666666666666
167,21,12,15.58087656254285,1.8309590539633285,20.3659883979542,0.6
167,22,12,15.585261481886167,1.6108336368244522,18.402008999939493,0.5833333333333334
167,23,12,15.828176884810794,1.739992364973668,19.840684829350202,0.6333333333333333
167,24,12,15.7920127914159,1.8507929540561319,19.840684829350202,0.65
167,25,12,15.970953893215286,1.938814925504828,20.400608082086126,0.6666666666666666
167,26,12,16.05418953475891,1.8201148014925987,20.400608082086126,0.7333333333333333
167,27,12,15.66328944536112,1.5392671970550995,20.325491560205467,0.75
167,28,12,15.525108473219623,1.6373787249228648,20.796480232603166,0.6833333333333333
167,29,12,15.891791663807687,1.9672513122278903,20.796480232603166,0.7
167,30,12,15.882644118169647,1.882529866433759,20.608849559719832,0.7
167,31,12,15.352828361888298,1.8714794316868393,20.608849559719832,0.5833333333333334
167,32,12,15.391067916455357,1.880491981292515,18.83260752272674,0.55
167,33,12,15.657998307251734,1.6203365030411334,18.451863269245788,0.6
167,34,12,15.443412633592251,1.485852390539917,18.451863269245788,0.6166666666666667
167,35,12,15.357349085473679,1.4812170479383515,19.312682854918872,0.5333333333333333
167,36,12,15.588410844304207,1.6049364826116865,19.312682854918872,0.55
167,37,12,15.52449297730142,1.6187505671350049,18.882247005471484,0.55
167,38,12,15.802392049630175,2.080440775249952,19.674838706985593,0.6166666666666667
167,39,12,16.236815962885174,2.1387853472018845,19.674838706985593,0.7333333333333333
167,40,12,16.093343225038755,1.6952542887433488,19.573847390247142,0.7
167,41,12,15.8072140225567,1.6682652861942493,18.749322139842047,0.65
167,42,12,15.675934808790476,1.5532935934409728,18.749322139842047,0.6833333333333333
167,43,12,15.732708091713913,1.4703072041444112,18.704169565547538,0.7
167,44,12,15.801593425233799,1.865420716117544,20.09389741081531,0.6666666666666666
167,45,12,15.991642312008542,1.8801377322703874,20.09389741081531,0.7
167,46,12,15.895281458077347,1.874151224106793,20.078714593984188,0.6666666666666666
168,0,11,15.339799877869295,1.8116359214822593,18.90086996058223,0.6
168,1,11,15.551682037250165,1.8208693188420881,19.21376649817971,0.6166666666666667
168,2,11,15.576042476436175,1.6001167896301525,19.21376649817971,0.6166666666666667
168,3,11,15.29596830037338,1.6345096493706859,19.39947810883346,0.5166666666666667
168,4,11,15.849390935715798,1.6733905961659477,19.686391305976574,0.6333333333333333
168,5,11,16.01954328031647,1.6662481767951374,19.686391305976574,0.7166666666666667
168,6,11,15.849113957311559,1.6916175660717323,19.136258413491902,0.6166666666666667
168,7,11,15.82640843558426,1.7857292585531064,19.9660575468352,0.6166666666666667
168,8,11,16.021734935578444,2.071228228281636,20.817512575330223,0.65
168,9,11,16.158523383472502,1.7936126501295182,20.817512575330223,0.6833333333333333
168,10,11,16.055651908033763,1.5905428544079538,19.149624114600737,0.7333333333333333
168,11,11,16.156343477012836,1.870877407886911,20.19972288913446,0.75
168,12,11,15.98576846335199,1.8803229996232882,20.19972288913446,0.6833333333333333
168,13,11,15.575549051636623,1.8088286898340629,19.97715524888114,0.6
168,14,11,15.56061798749413,1.9896761957342202,21.64635093750463,0.6
168,15,11,15.839482459832583,1.9893575129281555,21.64635093750463,0.65
168,16,11,15.737209308792513,1.8258214410579894,20.21745894667375,0.6166666666666667
168,17,11,15.228616325964095,1.8730523627317772,19.075259836875077,0.5166666666666667
168,18,11,15.51369935035016,1.8844376317796636,19.81906006866161,0.5833333333333334
168,19,11,15.72721994198202,1.691434730849789,19.81906006866161,0.6333333333333333
168,20,11,15.460784988612014,1.6416226885811591,19.46427995653167,0.6
168,21,11,15.643484179957637,1.7341242988898316,19.19909631453555,0.65
168,22,11,15.527314650838406,1.948603830457033,19.19909631453555,0.5833333333333334
168,23,11,15.671743888435063,1.9542148873350107,18.603426455077738,0.6166666666666667
168,24,11,15.944802625208794,2.072069815686951,20.316270299517228,0.6666666666666666
168,25,11,16.045789057976993,2.3797745699231343,20.55903105382962,0.6
168,26,11,16.08043890799086,2.2593649104180002,20.55903105382962,0.6166666666666667
168,27,11,15.986088330897129,1.9238613783610519,20.314173385398345,0.6833333333333333
168,28,11,16.17332882684935,1.809462247299365,21.059827292515905,0.7666666666666667
168,29,11,15.870318419727816,1.974763648609287,21.059827292515905,0.65
168,30,11,15.862296737658992,1.9681823446460858,20.82469232941084,0.6
168,31,11,16.202849003488733,1.8818706979768312,20.82469232941084,0.7
168,32,11,15.951443337999704,1.879770891378704,19.786774314669486,0.6666666666666666
168,33,11,15.722012227909623,2.040261675396762,20.342015176718895,0.6
168,34,11,15.75314193280869,2.027029072032743,20.342015176718895,0.6166666666666667
168,35,11,15.814859311285142,1.772342469137387,19.446110961497624,0.6666666666666666
168,36,11,15.789871454992406,1.8147176765163113,19.370450768613583,0.6666666666666666
168,37,11,15.716987665193688,1.8286291677978002,20.263643096639207,0.6333333333333333
168,38,11,15.764441854348654,1.9713001343896441,20.263643096639207,0.65
168,39,11,15.762040485633769,2.0594861428603797,20.213623945500107,0.6333333333333333
168,40,11,15.459384535129665,1.7854208849173523,19.98109821080987,0.5333333333333333
168,41,11,15.76663601554204,1.843482310342334,20.184131061943962,0.5833333333333334
168,42,11,16.228998704606152,2.007042670296334,20.184131061943962,0.6833333333333333
168,43,11,16.283499130372658,1.926622144504368,19.51103747576396,0.75
168,44,11,16.24016976647488,1.883895353022838,21.053350283942994,0.7333333333333333
168,45,11,16.23408370406346,1.854793489900286,21.053350283942994,0.7333333333333333
168,46,11,16.175893535068486,1.827288754189831,19.475941759476594,0.7333333333333333
169,0,10,16.117428227576887,1.8931653447740113,21.286662106357326,0.7333333333333333
169,1,10,16.101134015727872,1.7405764294871895,20.264329574728432,0.7166666666666667
169,2,10,16.220632445064435,1.8296673260951253,20.264329574728432,0.75
169,3,10,16.055618265452754,1.9277490650338407,18.87631757963816,0.6666666666666666
169,4,10,15.954986000632333,1.8167593462270981,18.909239637322603,0.6166666666666667
169,5,10,16.03095672201253,1.7776355763137417,19.937097077687817,0.65
169,6,10,15.962304273828991,1.6236994819722657,19.937097077687817,0.6666666666666666
169,7,10,15.67988934550148,1.5930639818413963,20.16219997762491,0.5666666666666667
169,8,10,15.5085329700833,1.8006648663678877,20.16219997762491,0.48333333333333334
169,9,10,15.565262898367582,1.9760992350199107,20.76367609811625,0.55
169,10,10,15.856662835971536,2.106101957597621,20.76367609811625,0.6166666666666667
169,11,10,15.737078290248908,2.1302487554209453,20.24272028120833,0.5833333333333334
169,12,10,15.662757902656432,2.1783648761229846,20.930694627906206,0.6
169,13,10,15.547695837409693,1.9515352577598477,20.930694627906206,0.55
169,14,10,16.04462260216854,2.203066581124112,21.948391609160126,0.5833333333333334
169,15,10,16.501658177420648,2.164030525426052,21.948391609160126,0.7166666666666667
169,16,10,16.0640365494662,1.7883295118953255,20.237085925699475,0.7
169,17,10,15.901866262280162,1.8162025853589716,20.237085925699475,0.6833333333333333
169,18,10,15.994771361488851,1.8529255408127276,19.378436145913778,0.6833333333333333
169,19,10,15.936779538525908,1.6627173224109115,19.51011774683163,0.65
169,20,10,15.748083510256432,1.7320179349390068,19.692982088339562,0.5833333333333334
169,21,10,15.778294678478925,1.7866161977726092,19.692982088339562,0.5833333333333334
169,22,10,15.757722950041678,1.8408316178162842,19.52938293689744,0.6
169,23,10,15.912307008456896,1.843839029810164,19.385365536152488,0.6666666666666666
169,24,10,15.633095370427604,1.646422006412584,19.09216540542062,0.7166666666666667
169,25,10,15.439229301158104,1.685449410107749,18.510641140807014,0.6666666666666666
169,26,10,15.674451279526266,1.7630152352117114,19.635885207675926,0.65
169,27,10,15.656869359386397,2.0101320626780916,21.311183626955,0.6166666666666667
169,28,10,15.926258103537132,1.9984056021459033,21.311183626955,0.6333333333333333
169,29,10,15.930441273871104,1.6820837419419201,19.59587603582777,0.65
169,30,10,15.827531177845106,1.926094230164064,20.050969753555883,0.6333333333333333
169,31,10,15.91182939894863,2.0878985739541815,20.050969753555883,0.6666666666666666
169,32,10,15.849977893769243,2.295683959195409,20.50544172687914,0.6333333333333333
169,33,10,16.176878220117267,2.333270028190058,20.50544172687914,0.65
169,34,10,16.180127701460897,1.858238850333276,20.31927556218963,0.6833333333333333
169,35,10,15.57572278686003,1.6867183726349135,18.97555787482551,0.6333333333333333
169,36,10,15.617476272456427,1.606532227469573,18.97555787482551,0.6833333333333333
169,37,10,15.892956689719847,1.7732349789589668,20.624143524440584,0.7166666666666667
169,38,10,15.853239760460232,1.8672936312212645,20.624143524440584,0.65
169,39,10,15.80931542069147,1.8050844408495224,20.768249108001857,0.6166666666666667
169,40,10,15.823042089139632,2.129431431083974,22.102814331665336,0.6
169,41,10,15.968492355237103,2.307794400271939,22.102814331665336,0.65
169,42,10,16.181344691650185,1.9346364231337203,19.773656528829296,0.7333333333333333
169,43,10,16.03280700660242,1.7131401763348997,21.686876541487738,0.7166666666666667
169,44,10,15.750853419595808,1.8376024214450923,21.686876541487738,0.6666666666666666
169,45,10,15.919203962693002,1.8943557504047364,20.183070328838102,0.7
169,46,10,16.109709652072357,2.0622176181104743,20.183070328838102,0.6833333333333333
170,0,9,15.83373848018802,2.2971905580427707,20.197622770534213,0.6166666666666667
170,1,9,16.157532700640502,2.0424186144753214,20.05414308052937,0.6833333333333333
170,2,9,16.002899288278428,1.8665512917825784,20.05414308052937,0.7166666666666667
170,3,9,15.759246906127,1.9422302827630225,19.828884458699868,0.6666666666666666
170,4,9,16.041873432449457,2.2268313857980884,19.992277705570906,0.6666666666666666
170,5,9,16.120630734651343,2.162952501052327,19.992277705570906,0.6666666666666666
170,6,9,16.307974528567232,2.147697949119629,21.827660006997068,0.65
170,7,9,16.535922918281603,2.1072428621151915,21.827660006997068,0.7166666666666667
170,8,9,16.46011333703796,2.279264174049288,21.957576024496912,0.7
170,9,9,16.392674859002064,2.4517732628023774,21.957576024496912,0.65
170,10,9,15.997830831020831,2.169651881397452,20.29914634151733,0.6333333333333333
170,11,9,15.806418710414253,1.9220470002882777,21.059413774901333,0.6333333333333333
170,12,9,16.219494464433875,1.8247629354012183,21.059413774901333,0.7166666666666667
170,13,9,16.31705409546031,1.9322500836281864,20.76159855315055,0.7
170,14,9,15.975915225397161,2.0319402433639433,19.916079014976756,0.6333333333333333
170,15,9,15.779535245799064,2.159740450281234,20.08873354736738,0.6
170,16,9,15.879332467972574,2.2154509924249637,20.395579341544504,0.6
170,17,9,15.825847469445234,2.184041920052347,20.544834189457042,0.5666666666666667
170,18,9,16.096310544740412,2.2004655550429826,20.544834189457042,0.6333333333333333
170,19,9,16.333508680950168,1.967950756385265,20.384088073884783,0.7166666666666667
170,20,9,16.099469506122574,2.0339227148113017,20.345004114463187,0.65
170,21,9,15.85548272306734,2.1902900306140975,20.637727002134085,0.6166666666666667
170,22,9,16.074736539333745,2.0756232813705418,20.637727002134085,0.6666666666666666
170,23,9,16.519167785812378,1.7397119848683795,20.26776414691296,0.7333333333333333
170,24,9,16.45596402029838,1.9195668022404146,20.26776414691296,0.7166666666666667
170,25,9,16.017353075859244,1.9887200139045929,20.213527972568368,0.6666666666666666
170,26,9,15.574727793667096,2.0034785384556124,20.148184850066883,0.5333333333333333
170,27,9,15.658803477537575,1.9969251581838139,20.148184850066883,0.55
170,28,9,15.849648723581947,1.9292749468733579,21.01179575175916,0.6333333333333333
170,29,9,16.226781831375472,2.099713343043086,21.01179575175916,0.7
170,30,9,16.26671790119425,1.8552839624157376,20.324601118352028,0.7333333333333333
170,31,9,16.23811764488809,1.8168110730744076,21.49803078881242,0.7
170,32,9,16.515938497258894,1.7777645631155263,21.49803078881242,0.7833333333333333
170,33,9,16.628480767513803,1.662921095229599,20.44120658738165,0.85
170,34,9,16.429697829509674,2.014284314301537,20.227831915078184,0.7666666666666667
170,35,9,16.096949990500924,2.1256079502193033,20.625345237975075,0.6666666666666666
170,36,9,16.197069446104138,1.8276327772216432,20.625345237975075,0.7333333333333333
170,37,9,16.223995070795755,1.6521732439140433,19.743301289322734,0.75
170,38,9,16.218031119135695,1.9429903337262673,19.588932459248024,0.7
170,39,9,15.97722976350969,2.264924244484444,19.588932459248024,0.6333333333333333
170,40,9,15.866260863879289,2.063243265574199,19.322943523479324,0.6166666666666667
170,41,9,16.28126024632528,1.7312464424923277,19.355948570625415,0.7166666666666667
170,42,9,16.118466683906227,1.8164632084257364,19.355948570625415,0.7333333333333333
170,43,9,15.686876334928785,1.7079053118435001,18.73816475407294,0.6833333333333333
170,44,9,15.800181664065654,2.0219984946119363,21.18217772482744,0.6666666666666666
170,45,9,16.014371841244916,2.094080620242313,21.18217772482744,0.6666666666666666
170,46,9,16.050609129987695,1.7545624866407559,19.266511234247734,0.6833333333333333
171,0,8,16.56074958314972,1.9680524066053202,21.677846022051035,0.7833333333333333
171,1,8,16.481564466838826,1.8797655568990974,19.832005432614913,0.75
171,2,8,16.62550672836585,2.0922136302001655,21.934061970770777,0.7166666666666667
171,3,8,16.81049658765374,2.106752094630337,22.683239758928778,0.8166666666666667
171,4,8,16.428965845388642,2.0940712337720235,22.683239758928778,0.75
171,5,8,16.26843322863857,2.093873930083252,20.525966162736204,0.7166666666666667
171,6,8,16.49506077030986,1.9510563892367188,21.191423058047278,0.8
171,7,8,16.271499030849338,2.01116708197233,21.191423058047278,0.7333333333333333
171,8,8,15.95234249855262,2.159847127622793,19.599264649984402,0.65
171,9,8,16.079805857420673,1.9487467645094665,19.589401863874127,0.6666666666666666
171,10,8,16.278248188558994,1.8125493195555038,21.059298528802866,0.7166666666666667
171,11,8,16.390473893420832,2.133309333136305,22.557605887335093,0.75
171,12,8,16.46944501708311,2.275314417077788,22.557605887335093,0.7833333333333333
171,13,8,16.435982480194546,2.2892806934940357,22.34684545296856,0.7333333333333333
171,14,8,15.991983519716113,2.268908770231018,22.34684545296856,0.5833333333333334
171,15,8,15.832316692350174,2.1200116430299594,20.511031199790168,0.5833333333333334
171,16,8,16.34695186424345,2.2600034491479146,21.567940642012612,0.6666666666666666
171,17,8,16.48106411798707,2.0899681272023534,21.567940642012612,0.7
171,18,8,16.482218054265882,1.8685277339057436,21.13561230876713,0.7166666666666667
171,19,8,16.269927530714313,1.9704727572287226,21.13561230876713,0.7
171,20,8,16.160500405850502,1.9633388877628688,20.71566748913888,0.7166666666666667
171,21,8,16.46924638913173,2.174529260792126,21.005001404087004,0.6833333333333333
171,22,8,16.24627877098982,2.312687551250984,21.005001404087004,0.65
171,23,8,16.055739993401822,2.077490706034046,19.589108290361246,0.6333333333333333
171,24,8,16.140144686225398,1.8025626034063151,20.001901392691234,0.6166666666666667
171,25,8,16.167760838409503,1.8305532496857704,21.37099492799366,0.65
171,26,8,15.943395608789869,2.0963488728680857,21.37099492799366,0.6166666666666667
171,27,8,16.012842848987837,2.0005357457223574,21.288226122127952,0.6666666666666666
171,28,8,16.6430124640073,1.8971768191212344,21.536732703656895,0.7666666666666667
171,29,8,16.63242221962165,1.9785569179531721,21.536732703656895,0.7666666666666667
171,30,8,16.324174041180612,1.946144438827005,20.970996482238416,0.7
171,31,8,16.43156612255277,2.0579599731340688,22.587203257836855,0.7
171,32,8,16.485216680249792,2.134222291795719,22.587203257836855,0.75
171,33,8,16.29486014224498,2.213516013836086,20.20032662347748,0.7333333333333333
171,34,8,16.42636267058759,2.184079698735098,22.143619426065595,0.75
171,35,8,16.441860430891804,1.9741798655335574,22.143619426065595,0.7666666666666667
171,36,8,16.144340809609545,1.8160316326771355,20.29008437632322,0.7166666666666667
171,37,8,16.26551474454932,1.9217142882000995,20.03985453978239,0.7
171,38,8,16.338415779444546,1.9756970797156272,19.87760117956634,0.75
171,39,8,15.886099451743174,1.815611023782936,19.619201209620297,0.7166666666666667
171,40,8,15.923923697877468,1.7795542466843493,18.92166552951976,0.7
171,41,8,16.389374613198196,1.6023219092725618,18.92166552951976,0.7833333333333333
171,42,8,16.130903319779726,1.5731132830360615,19.12793868953129,0.75
171,43,8,15.863093468563932,1.7184457970078535,19.12793868953129,0.6666666666666666
171,44,8,16.081200236586987,1.9479014309721228,20.199453051536914,0.6666666666666666
171,45,8,16.145306722281884,1.9167819645922861,20.199453051536914,0.7166666666666667
171,46,8,15.87307606046293,1.9299332225633163,19.935817210169965,0.7166666666666667
172,0,7,16.72507638777959,1.9765191807960567,21.52273879924635,0.8
172,1,7,16.551975811091115,1.7476910271099237,21.166053961499053,0.85
172,2,7,16.624969557960167,2.1093374009521217,21.166053961499053,0.8
172,3,7,16.369511004334964,2.0609972801093206,20.698138351527682,0.7
172,4,7,16.306044251311608,1.9278447500933018,19.76468639535474,0.7166666666666667
172,5,7,16.151792078931454,2.1049332678237618,19.76468639535474,0.7166666666666667
172,6,7,16.088541859930032,2.347336631011455,21.336362614943553,0.6666666666666666
172,7,7,16.3398576473784,2.4191626971355618,21.336362614943553,0.7
172,8,7,16.691581915118732,2.360766784954885,21.09329071527383,0.7666666666666667
172,9,7,16.87498148048153,2.3621125888184693,21.441019997088468,0.8
172,10,7,16.50311141439008,2.2650431440444327,21.441019997088468,0.75
172,11,7,16.487032152992036,1.9840593569630298,22.251588556685025,0.75
172,12,7,16.550044743599095,2.0461216736662737,22.251588556685025,0.7666666666666667
172,13,7,16.337070703712044,2.145688797045745,20.63616850198223,0.7166666666666667
172,14,7,16.11769323296037,2.3054850856256905,20.336408335298337,0.7
172,15,7,16.417876513860882,2.3982830564009636,20.815262548499405,0.7
172,16,7,16.389773352476755,2.4398622072637615,20.88296020805872,0.65
172,17,7,16.508570514437626,2.541754942826912,22.52564857242055,0.7166666666666667
172,18,7,16.5598605327267,2.2816316478058214,22.52564857242055,0.75
172,19,7,16.131635905867185,1.9864874066721254,21.918416640156227,0.7
172,20,7,16.257343200549425,1.8391111504818167,21.918416640156227,0.75
172,21,7,16.281885857022086,1.911610217915707,21.624991905091612,0.7333333333333333
172,22,7,16.24329414714498,1.9436047435505848,21.624991905091612,0.6833333333333333
172,23,7,16.041963228366814,1.8914784157855244,19.96671951364347,0.6166666666666667
172,24,7,16.064637900385893,1.911404500086828,19.96671951364347,0.6166666666666667
172,25,7,16.54433018529815,1.8887820944150215,20.08129529715853,0.7666666666666667
172,26,7,16.50036730099101,2.1681548276047744,22.17025126632699,0.75
172,27,7,16.481947924548653,2.1809727165837436,22.17025126632699,0.7166666666666667
172,28,7,16.679542337550288,1.873852975911979,21.566080905076866,0.7666666666666667
172,29,7,16.536614262780997,2.1194568049088227,21.556504154599708,0.7166666666666667
172,30,7,16.155827517834364,2.284767875576694,21.556504154599708,0.6666666666666666
172,31,7,16.533586671820373,2.1897064131256263,22.28624916708865,0.7666666666666667
172,32,7,16.663475298474296,1.8645370494520157,22.28624916708865,0.7833333333333333
172,33,7,16.35775052929965,1.803097923619842,20.36101682812503,0.7166666666666667
172,34,7,16.744243075547956,1.8929913769361169,20.462093052672206,0.8
172,35,7,16.606845024463585,1.9053493375086816,20.462093052672206,0.7833333333333333
172,36,7,16.260383254637475,1.7200355462400907,20.266007152171404,0.75
172,37,7,16.326456004088595,1.8387071983769143,19.4148727883194,0.75
172,38,7,16.282888337097244,2.143065461044868,21.23588639968363,0.6833333333333333
172,39,7,16.32205968683121,2.321466551899517,22.349515810991107,0.6333333333333333
172,40,7,16.540190542587943,2.2099993934055995,22.349515810991107,0.75
172,41,7,16.257788487843175,1.8035018504084381,20.472379129332317,0.7666666666666667
172,42,7,16.265016216968867,1.964196005544463,21.310568754252497,0.6666666666666666
172,43,7,16.27388110676701,1.973622303199115,21.310568754252497,0.7
172,44,7,16.482347569557824,1.8231091415816816,20.26504293872204,0.7833333333333333
172,45,7,16.555753837368243,1.9440686188891205,20.526214713370393,0.7666666666666667
172,46,7,16.198608913949652,1.9779267682996364,20.526214713370393,0.7166666666666667
173,0,6,16.53355067848649,2.014253373780294,19.972107680873027,0.75
173,1,6,16.64520363355945,1.9651348735578014,19.88460231568167,0.75
173,2,6,16.719339019854534,2.0684937117279265,22.513530987878294,0.7666666666666667
173,3,6,16.29166537811243,2.302540690628869,22.513530987878294,0.7166666666666667
173,4,6,16.42389256164008,2.146870256508242,21.989878292441954,0.7833333333333333
173,5,6,17.009329963336388,1.932215083056117,20.521545703894738,0.85
173,6,6,17.153556966884423,2.0889300671017788,21.093394254631086,0.85
173,7,6,16.83763848575661,2.278758286134426,22.970960343237284,0.8166666666666667
173,8,6,16.362151006442982,2.3138310553526016,22.970960343237284,0.7
173,9,6,16.431476908763454,2.1337018702080726,20.51384914646224,0.6833333333333333
173,10,6,16.512212083916143,2.037889143331521,20.51384914646224,0.75
173,11,6,16.431479561822474,2.0472762122739234,20.305878455946512,0.7166666666666667
173,12,6,16.66266263935693,2.15343873793093,21.152919556369053,0.7
173,13,6,16.662917762522056,2.3229757376737723,21.15592709190356,0.7166666666666667
173,14,6,16.407241773995604,2.365788444587354,21.15592709190356,0.6833333333333333
173,15,6,16.68375455458455,2.043224604977074,20.982424513671297,0.75
173,16,6,16.6605828781093,1.9000188876669362,21.02602235446265,0.7666666666666667
173,17,6,16.472363039249206,2.077274210626371,21.02602235446265,0.7333333333333333
173,18,6,16.50046400206194,2.1796099594484044,20.8449728200382,0.7
173,19,6,16.72550915678117,2.1813768028967444,20.4685908233221,0.7333333333333333
173,20,6,16.592419787433947,2.189942464249558,20.34430943715715,0.7333333333333333
173,21,6,16.482259172783046,2.258373649044302,21.4426053893602,0.7333333333333333
173,22,6,16.738426924338505,1.9648503671575694,21.4426053893602,0.7666666666666667
173,23,6,17.035828959774534,1.737831151782661,20.552051281116196,0.8
173,24,6,16.969413036170412,1.667433571829015,20.552051281116196,0.8833333333333333
173,25,6,16.781461685819497,1.986511579011237,21.264804976419896,0.8333333333333334
173,26,6,16.966624426110705,2.475023391109905,22.747549417200208,0.7333333333333333
173,27,6,16.884714833984052,2.265082070830333,22.747549417200208,0.75
173,28,6,16.77879644140946,2.1556133409914984,21.238661194779276,0.8
173,29,6,16.77574597578871,2.2740308071410102,22.277562497017207,0.8
173,30,6,16.792986884903925,2.3767581605985457,22.584834609552818,0.8
173,31,6,16.625777076385727,2.289431276379977,22.584834609552818,0.7666666666666667
173,32,6,16.634896502427456,1.9233204997440019,20.727330838550323,0.7666666666666667
173,33,6,16.559422229166717,1.975813190225352,20.727330838550323,0.7666666666666667
173,34,6,16.16411527609066,1.7226526813618048,19.975011384215527,0.7333333333333333
173,35,6,16.293068880915367,1.7511905404832775,21.93449029351755,0.75
173,36,6,16.582250850965853,1.871334131310294,21.93449029351755,0.7833333333333333
173,37,6,16.73563052762019,1.935577214755247,20.880933919881855,0.8
173,38,6,16.876194331034586,2.167818010685875,21.693396386597943,0.75
173,39,6,16.818786542254852,1.9899279899783295,21.693396386597943,0.75
173,40,6,16.79123940972019,1.997793303991147,21.011754736477396,0.7833333333333333
173,41,6,16.87842889916952,2.1936275293429244,21.989671373712316,0.8
173,42,6,16.86866431860193,2.1394914975221004,22.10697993536363,0.7666666666666667
173,43,6,16.78946174246094,2.242244838190926,22.31345608055056,0.7166666666666667
173,44,6,16.794555525590297,2.358868864664822,22.31345608055056,0.75
173,45,6,16.65476701139163,2.1484480610322336,20.949357460697254,0.7666666666666667
173,46,6,16.25303204917285,2.0190359318554987,21.367894040183742,0.6833333333333333
174,0,5,16.96617015925056,2.2200760825868984,21.944687612647265,0.8
174,1,5,17.032831196255408,2.1899082309363314,21.908878042132677,0.8166666666666667
174,2,5,16.88191825281764,2.5335457342627237,22.118950296893722,0.75
174,3,5,16.807887783483196,2.2451159310165933,22.118950296893722,0.8
174,4,5,17.226361004985765,1.838403708070831,20.71842168358978,0.9166666666666666
174,5,5,17.10849469277922,2.0006737185638785,20.49534959443576,0.8166666666666667
174,6,5,16.714765655307193,2.0514502012094917,20.423312497220447,0.75
174,7,5,16.897564378796744,2.2776710977587014,21.997951587016424,0.7833333333333333
174,8,5,16.74344071076538,2.324413604202742,21.997951587016424,0.75
174,9,5,16.32437731909044,2.3974248004538357,21.361549984253816,0.7166666666666667
174,10,5,16.340622242761658,2.395125660333512,21.361549984253816,0.7166666666666667
174,11,5,16.59342081633384,2.0753448497939817,21.357987171953322,0.7833333333333333
174,12,5,17.076838919198508,1.9126186875449438,21.279951052663613,0.9
174,13,5,16.95443624475694,1.9887778102152838,22.47473695822121,0.8666666666666667
174,14,5,16.853039984010053,2.1333146785899157,22.47473695822121,0.8166666666666667
174,15,5,17.01564908470622,2.038620912968598,21.03022660683846,0.8666666666666667
174,16,5,16.98450709814164,2.1171209560179736,21.07786169743886,0.85
174,17,5,16.62229063657994,2.1410617717537277,21.07786169743886,0.7166666666666667
174,18,5,16.987026405479252,2.10676777525977,20.42899793376506,0.75
174,19,5,16.985931773417416,2.179348956965127,20.42899793376506,0.7833333333333333
174,20,5,16.76393663112128,2.2565774158318663,23.70698176221924,0.7833333333333333
174,21,5,17.18331043827976,2.145472564459078,23.70698176221924,0.8333333333333334
174,22,5,17.057961686987777,1.9854232738995072,21.134909040037304,0.8
174,23,5,16.717153122581678,2.141389232091499,21.021372011105374,0.8
174,24,5,16.76530126197336,2.0480558220838327,22.009737019614665,0.8666666666666667
174,25,5,17.092988323076963,2.045776295104786,23.14141102267031,0.8833333333333333
174,26,5,16.894460523371524,2.1162328712728327,23.14141102267031,0.8166666666666667
174,27,5,16.71237845985073,2.0938387676145176,21.88873760900895,0.7666666666666667
174,28,5,16.53865411885025,2.176253744364443,21.88873760900895,0.7166666666666667
174,29,5,16.136531359091038,2.1952365329930412,19.891902488575937,0.7
174,30,5,16.62038173027368,2.228538346968047,20.411667891429595,0.7833333333333333
174,31,5,17.02572530648425,2.3447333654620297,26.208095166030198,0.7833333333333333
174,32,5,16.695991879770737,2.4376597037153083,26.208095166030198,0.7666666666666667
174,33,5,16.651481893517456,2.0192824790342403,21.66976053095661,0.7833333333333333
174,34,5,16.534712267745466,1.923113557506643,20.053963209540747,0.7333333333333333
174,35,5,16.65090536950849,2.0760504035363465,20.37713286813443,0.7833333333333333
174,36,5,16.947533580281064,2.4352954157825697,23.0048488486743,0.7333333333333333
174,37,5,16.90177159648096,2.6795315992080986,24.01512513047161,0.6833333333333333
174,38,5,16.820050658728768,2.458237048937998,24.01512513047161,0.75
174,39,5,16.86229656447053,2.204323019631245,20.611869749310358,0.7833333333333333
174,40,5,17.11004574092388,2.1928159022342077,20.747036146247172,0.8
174,41,5,17.03642036683333,2.089348026934241,20.747036146247172,0.75
174,42,5,16.673759781371857,2.120195960590751,21.848730813222534,0.7
174,43,5,16.47838404179932,2.2645755468890676,21.848730813222534,0.6666666666666666
174,44,5,16.76072203305073,2.180912651246533,21.03460660557469,0.7333333333333333
174,45,5,16.79081432993372,2.1251343781046828,21.03460660557469,0.7833333333333333
174,46,5,16.42662526666876,2.149613897146791,20.658032372477933,0.75
175,0,4,16.965801728448152,1.776421279780776,22.084292213379666,0.85
175,1,4,17.169480207547267,2.621635128476027,26.116354810659985,0.8166666666666667
175,2,4,17.192770828961454,2.6304473292076826,26.116354810659985,0.8333333333333334
175,3,4,17.013155961663568,1.894223595657615,20.872147450108294,0.8333333333333334
175,4,4,17.08937570347596,2.087597714588852,20.924043471700205,0.8333333333333334
175,5,4,16.888164503129797,2.4588311900449753,20.924043471700205,0.7666666666666667
175,6,4,16.821077738321645,2.396601818809961,22.254216759578455,0.7166666666666667
175,7,4,17.173762334938214,2.077792774830227,22.254216759578455,0.8333333333333334
175,8,4,17.228715545755716,2.2125250381596797,23.036141841792404,0.8333333333333334
175,9,4,17.131983409953797,2.1987868049456076,23.451933072810363,0.8
175,10,4,17.390845028612368,2.528463172858917,23.77459116723102,0.8
175,11,4,16.7666085232203,2.6189699061913685,23.77459116723102,0.6833333333333333
175,12,4,16.34416914934288,2.145988008546351,22.12636243814653,0.6666666666666666
175,13,4,16.86703637211059,2.308629752968679,22.12636243814653,0.75
175,14,4,16.90317907868967,2.0644308640625852,20.95767963110054,0.7666666666666667
175,15,4,16.890191227189444,1.8794290149572377,23.33360816417074,0.8166666666666667
175,16,4,16.77558012323847,2.1275499041649275,23.33360816417074,0.7833333333333333
175,17,4,16.839356350801705,2.1602735568931557,21.155145604226163,0.7833333333333333
175,18,4,16.877147629959016,1.886711006453242,21.155145604226163,0.8333333333333334
175,19,4,16.611744899216195,1.8825189703193947,21.02687771118871,0.7333333333333333
175,20,4,16.84990663554142,2.5103138036231107,23.35926432257878,0.6833333333333333
175,21,4,17.199655256698843,2.6385525327383634,23.35926432257878,0.7333333333333333
175,22,4,16.856920768150818,2.6445138241629924,22.99726788153327,0.7
175,23,4,16.566394454059648,2.5761938433892326,22.99726788153327,0.7
175,24,4,16.718640871157117,2.1847536209908847,21.999876904778468,0.7833333333333333
175,25,4,16.839389900362722,1.9418947258081745,21.999876904778468,0.8333333333333334
175,26,4,16.931701756025475,2.0410775154724323,21.349684112809918,0.8
175,27,4,17.016805605454405,2.0207928828890895,21.349684112809918,0.8166666666666667
175,28,4,16.793200654351498,2.0535376239175105,22.503419385220937,0.8166666666666667
175,29,4,16.609771463234313,2.239957979867848,22.503419385220937,0.8
175,30,4,16.700190961585747,2.1827954872080015,20.626486517077755,0.7833333333333333
175,31,4,16.985388819943413,2.171721868889755,22.455238492898566,0.7666666666666667
175,32,4,17.09727961970744,2.081042403859371,22.455238492898566,0.8166666666666667
175,33,4,16.640060046649385,2.02511146043429,21.207241762136345,0.75
175,34,4,16.49962699868268,2.301264573221156,22.530583730714145,0.7166666666666667
175,35,4,16.73064922359375,2.589738831525151,23.32857337937902,0.7333333333333333
175,36,4,16.500126720692588,2.3663967673338115,23.32857337937902,0.7
175,37,4,16.7424757759548,2.143248763195559,20.889416316363423,0.7666666666666667
175,38,4,17.046827617298817,2.039207483743819,20.889416316363423,0.8166666666666667
175,39,4,17.01431942748464,1.9770053120006623,21.659731093574393,0.8333333333333334
175,40,4,16.803764811962193,2.2585773533013356,21.659731093574393,0.8166666666666667
175,41,4,16.607163070885615,2.4315894548179466,22.602311244535393,0.7
175,42,4,16.787396965867135,2.392642304230028,22.602311244535393,0.7
175,43,4,16.853442744595547,2.279268283106168,22.21858069310206,0.8
175,44,4,17.177934554520473,2.1951538243385293,22.21858069310206,0.8333333333333334
175,45,4,17.267243687489,2.2128229836991156,22.173681186734928,0.7833333333333333
175,46,4,17.17654393627246,2.0924124795631203,21.319668970224466,0.8333333333333334
176,0,3,16.972856255255266,1.955760897229853,21.424285666082834,0.8666666666666667
176,1,3,17.358391306466242,1.960367717946005,21.424285666082834,0.9
176,2,3,17.102238134007457,1.9761716804256269,22.46160219606382,0.8666666666666667
176,3,3,16.80344852888596,2.1742851552176554,22.46160219606382,0.7833333333333333
176,4,3,16.87764511140078,2.1088743466517537,22.022387064664613,0.8166666666666667
176,5,3,17.16415853485689,2.2377056528299675,22.232578954503488,0.8666666666666667
176,6,3,17.24276303834454,2.4126369971616293,22.58197074957799,0.8166666666666667
176,7,3,16.99670783685282,2.5589595345265033,23.727543055713035,0.7166666666666667
176,8,3,17.346552212014455,2.4837593251912358,23.727543055713035,0.7833333333333333
176,9,3,17.388127338561315,2.069094728458384,21.171276740673946,0.85
176,10,3,16.924386543485603,1.9722195639998583,22.25664335236891,0.8
176,11,3,16.871692134843205,1.9073502392751063,22.25664335236891,0.8333333333333334
176,12,3,16.769629810961355,2.055338045237473,21.298420013734784,0.8
176,13,3,17.26780716001236,2.3324437561792584,22.2330460878464,0.8
176,14,3,17.56821555501894,2.3332533525292853,22.479682245176196,0.8
176,15,3,16.768475834745686,2.611283650047989,22.479682245176196,0.7
176,16,3,16.314220340922198,2.627958021960448,21.380155279005145,0.65
176,17,3,16.704294239260406,2.433247884614295,22.042695867976885,0.7166666666666667
176,18,3,17.539313022478424,2.449062111347972,22.42451973368377,0.8333333333333334
176,19,3,17.969492594963008,2.839450463263884,23.607696525858653,0.8166666666666667
176,20,3,17.616590311651546,2.825910331865729,23.607696525858653,0.8
176,21,3,16.989091388898107,2.478895241653373,22.059854899711777,0.75
176,22,3,17.074647230737504,2.3580035965302835,21.312435616674975,0.7333333333333333
176,23,3,16.949808674407922,2.5264487884715185,21.49888197554823,0.75
176,24,3,17.064311681647194,2.6402712003663322,21.814354404159808,0.7833333333333333
176,25,3,17.394155518553923,2.2543571868190027,21.814354404159808,0.8333333333333334
176,26,3,17.129899578404064,2.012131803153553,21.4955383761228,0.85
176,27,3,17.06115509592693,2.088166923943191,21.308938652224043,0.85
176,28,3,16.81337203730193,2.230587410550934,20.9464959278192,0.75
176,29,3,16.776670742469033,2.1083027628057938,21.237715533703973,0.75
176,30,3,17.196166532249944,2.29235569647473,22.09577397240528,0.8
176,31,3,17.150780244782787,2.7092321204919108,22.77078214387339,0.7666666666666667
176,32,3,17.049780183110173,2.6692034048094766,22.77078214387339,0.7833333333333333
176,33,3,17.2314770731918,2.339217296815907,22.271828565668965,0.8166666666666667
176,34,3,17.41710205852887,2.1619116967947423,22.271828565668965,0.8333333333333334
176,35,3,17.18320746168871,2.2082578789463283,22.01901213632194,0.8
176,36,3,16.874601966865313,2.07964183566081,22.01901213632194,0.7666666666666667
176,37,3,17.048977680506006,2.1880919288555094,21.574799108710398,0.8
176,38,3,16.682389811332808,2.30721587735948,21.574799108710398,0.7833333333333333
176,39,3,16.761732046461848,2.238161346325146,22.942272695698186,0.7666666666666667
176,40,3,17.02155001173489,2.0030378989638775,22.942272695698186,0.8333333333333334
176,41,3,16.915119817486467,1.9046895831061343,21.191578478699604,0.85
176,42,3,16.911947748202273,2.239281367890643,21.70709179244729,0.7833333333333333
176,43,3,16.94291434080781,2.565210744075994,21.70709179244729,0.7666666666666667
176,44,3,16.99111210984499,2.4878332417004128,21.704081709993805,0.7666666666666667
176,45,3,17.155839732484733,2.3474006597732466,22.694824091858848,0.7833333333333333
176,46,3,17.024112578857768,2.3349824359373907,22.694824091858848,0.7166666666666667
177,0,2,17.349380257017664,2.298012690031799,22.544411550134036,0.8166666666666667
177,1,2,17.465869038397273,2.0285883170817827,21.506937713506296,0.8833333333333333
177,2,2,16.756402302118786,2.56231415175611,22.090291230389276,0.8166666666666667
177,3,2,16.8055782174239,2.8491354534016797,22.090291230389276,0.7666666666666667
177,4,2,17.25483720396565,2.2988096922996224,22.08255896495319,0.8166666666666667
177,5,2,17.12617049924227,1.9167385785075197,23.318803535864973,0.85
177,6,2,17.00945544876232,2.1236007193519613,23.318803535864973,0.85
177,7,2,16.98728443231301,2.5029207907320434,21.7513339045937,0.8
177,8,2,17.501731652409166,2.3667196140349187,22.900319428060868,0.8666666666666667
177,9,2,17.762886497836796,2.236421465346921,22.900319428060868,0.9
177,10,2,17.29155412860498,2.4551016304241022,22.09855932642056,0.8166666666666667
177,11,2,17.28185201934572,2.152587042829849,22.071399376224367,0.8666666666666667
177,12,2,17.530424784098752,2.3149561443650932,23.82156445050855,0.8333333333333334
177,13,2,17.03849211132864,2.5299418525581725,23.82156445050855,0.7666666666666667
177,14,2,16.660379937263958,2.2095230719444965,21.32564864352446,0.8
177,15,2,16.6852579745681,2.0998807221676885,21.630580130100263,0.7333333333333333
177,16,2,16.819922002909607,2.183819232983574,21.630580130100263,0.7
177,17,2,16.83236980857155,2.250309536837997,21.27043157367604,0.75
177,18,2,16.757976882445696,2.2937378320012947,20.724584977614448,0.7833333333333333
177,19,2,16.773595951429616,2.1803896253354136,20.724584977614448,0.8
177,20,2,17.052807818838716,2.1816539479731625,21.084394545969054,0.8
177,21,2,17.69184030085711,2.6466494023972538,22.6592078973123,0.8166666666666667
177,22,2,17.548016680078586,2.5564435727745947,22.6592078973123,0.8
177,23,2,17.10674649370742,2.0206300267413706,20.540389667268553,0.8
177,24,2,17.10440429797691,1.9804604932741254,22.265070031963933,0.8666666666666667
177,25,2,17.037033822013772,2.1475251835465263,22.265070031963933,0.8333333333333334
177,26,2,17.038941721742635,2.251931995126743,21.96508418206934,0.8
177,27,2,17.328308261937394,2.3096631208729757,21.96508418206934,0.8166666666666667
177,28,2,17.294949116774877,2.6817050326995346,24.497613414922665,0.8166666666666667
177,29,2,17.349287966597327,2.6128107487019054,24.497613414922665,0.85
177,30,2,17.591135719335472,2.1754006644766575,21.615120679984926,0.8666666666666667
177,31,2,17.54985650618082,2.0576008810074153,21.615120679984926,0.8833333333333333
177,32,2,17.454154360996817,2.1952934268057027,21.500046384032657,0.8666666666666667
177,33,2,17.475694290281208,2.3466018368552692,22.41232758837168,0.85
177,34,2,17.394794382831115,2.23936935060844,22.41232758837168,0.8333333333333334
177,35,2,17.24542337489391,2.3071951905478487,21.394651231379292,0.8166666666666667
177,36,2,17.654227031815868,2.4667336912094338,22.621461169784304,0.8166666666666667
177,37,2,17.629255126215124,2.4063621692734865,22.621461169784304,0.8
177,38,2,17.13623807766108,2.1568260730317648,21.267929075477316,0.7666666666666667
177,39,2,17.228924528610328,1.9177588037379478,21.267929075477316,0.8
177,40,2,17.11441368632705,2.42845878623458,21.87125777789196,0.8
177,41,2,16.9281920344888,2.592009900506949,22.790874592782476,0.7666666666666667
177,42,2,16.971779363858378,2.197877237101853,22.790874592782476,0.8
177,43,2,16.980174988333342,2.31608937283575,23.325781268501387,0.8166666666666667
177,44,2,16.874073572727205,2.379579222056622,23.325781268501387,0.7833333333333333
177,45,2,17.473967963680312,2.2235521230117543,22.631817421357898,0.8666666666666667
177,46,2,18.270190032052415,2.152017217591482,22.631817421357898,0.9166666666666666
178,0,1,17.447866517421303,2.5385239389823204,23.42825077944918,0.8333333333333334
178,1,1,17.41815667257448,2.383584653170657,23.227763844279536,0.8333333333333334
178,2,1,17.072274656371185,2.4731083852677958,23.227763844279536,0.7333333333333333
178,3,1,16.883605081125054,2.5248535260315883,22.025705186144478,0.6833333333333333
178,4,1,17.12757911066666,2.4336880549513715,21.339263717245753,0.7833333333333333
178,5,1,17.471534692825244,2.2873073432006477,21.117658208778657,0.8666666666666667
178,6,1,17.615367537016713,2.2435879606256206,22.081426020856185,0.85
178,7,1,17.551645639967404,2.423088001410597,22.623846455318542,0.8333333333333334
178,8,1,17.063054619741504,2.628120648595789,22.623846455318542,0.7666666666666667
178,9,1,17.178728589656522,2.74341224318061,24.46642269991098,0.7833333333333333
178,10,1,17.30536315893027,2.4787431002126756,24.46642269991098,0.85
178,11,1,16.999229128704673,2.0590246214700576,21.645259482165834,0.8333333333333334
178,12,1,17.437926349124744,2.2996404868669176,22.217099828197725,0.8333333333333334
178,13,1,17.373375007477602,2.1768590001118455,22.217099828197725,0.8666666666666667
178,14,1,17.019020240118465,2.2729799405866475,22.81505393807126,0.7833333333333333
178,15,1,17.543674555336956,2.5191052819806727,22.81505393807126,0.7833333333333333
178,16,1,17.78634533015675,2.3991710841690654,22.25034621622059,0.85
178,17,1,17.700776596686328,2.2205584817650954,22.436027996434966,0.9
178,18,1,17.904428767726017,2.240983987709271,22.436027996434966,0.9333333333333333
178,19,1,17.693895746947494,2.4470818992481784,22.628091180949284,0.85
178,20,1,17.14817733280372,2.4001613097876042,22.628091180949284,0.8
178,21,1,17.225869381944552,2.6031976741670064,23.247549068121213,0.7666666666666667
178,22,1,17.304484617110138,2.4935913783215704,23.247549068121213,0.7666666666666667
178,23,1,17.108055152125875,2.3125351820820566,21.698822134572936,0.8166666666666667
178,24,1,17.640805897772225,2.3985586933357212,24.443337518887198,0.8833333333333333
178,25,1,18.113690631332087,2.487735120355008,24.443337518887198,0.8666666666666667
178,26,1,17.44934050091015,2.440243749106889,22.825579783020643,0.8333333333333334
178,27,1,17.124254028933457,1.9507259293946946,20.81222501238894,0.8666666666666667
178,28,1,17.226899221427797,2.311246797892105,21.244727812584877,0.8
178,29,1,17.47053626074225,2.50178795558343,22.30495711426761,0.8
178,30,1,17.50220694379953,2.6656116554466887,23.45713944480126,0.75
178,31,1,17.143161291199,2.9325884271985916,23.45713944480126,0.6833333333333333
178,32,1,17.048017813590793,2.813436283367357,23.05960899922583,0.7333333333333333
178,33,1,16.83307717405983,2.744374790282473,23.739996144642472,0.7166666666666667
178,34,1,17.204517283712867,2.638454004352543,23.739996144642472,0.7833333333333333
178,35,1,17.737787754445446,2.4902631660479893,23.472913883953993,0.8666666666666667
178,36,1,17.613578412455794,2.427040788847749,23.472913883953993,0.8333333333333334
178,37,1,17.533660254761468,2.5972816616197716,22.61684093370979,0.8166666666666667
178,38,1,17.402134239632623,2.4683185114346897,22.61684093370979,0.8333333333333334
178,39,1,17.20324331343078,1.9080372413994178,22.15854196350594,0.8833333333333333
178,40,1,17.65126155079274,2.4453390730021423,22.675556781394285,0.8666666666666667
178,41,1,17.323957405691125,2.7887526889287915,22.675556781394285,0.7666666666666667
178,42,1,17.002935750243747,2.5075364008101606,23.67900608102694,0.7666666666666667
178,43,1,17.213466215596647,2.532845083750523,23.67900608102694,0.7666666666666667
178,44,1,17.162454399650816,2.397704712290225,22.52948336652902,0.8
178,45,1,17.316645084124154,2.285848049593314,21.76189031058596,0.8166666666666667
178,46,1,17.739017500247122,2.4079479550544987,21.76189031058596,0.85
179,0,0,17.842967921155868,2.8549101345173677,23.006684722879672,0.85
179,1,0,17.84715791039466,2.4484954661841356,23.094570771404328,0.9
179,2,0,17.97315465922467,2.437346309317981,24.544449014194257,0.9
179,3,0,17.734871810998257,2.7397938372828947,24.544449014194257,0.8333333333333334
179,4,0,17.52587146796327,2.498428579186829,23.049844365329495,0.8333333333333334
179,5,0,17.514872922688646,2.1361846728189433,22.305817883845027,0.8666666666666667
179,6,0,17.459683449926523,2.3740862625853634,21.246364332789835,0.85
179,7,0,17.38562770391833,2.424310566935624,21.246364332789835,0.8333333333333334
179,8,0,17.493939947783645,2.4600599277863804,21.94524464823275,0.8166666666666667
179,9,0,17.740384066223346,2.6626706484525204,21.94524464823275,0.8166666666666667
179,10,0,17.321820451254005,2.7215699086003666,22.22537802304716,0.8333333333333334
179,11,0,17.412847506375567,2.5501871197321937,22.850066792235143,0.9
179,12,0,17.58013319139763,2.4569176988802193,25.34661474021559,0.8666666666666667
179,13,0,17.16797212647076,2.752141238680582,25.34661474021559,0.7333333333333333
179,14,0,17.511289338977154,2.970007359428909,23.87230086518624,0.7333333333333333
179,15,0,17.58572124831699,2.433349997034644,23.87230086518624,0.85
179,16,0,17.68271044577581,1.8841317424626784,22.515250363248548,0.95
179,17,0,17.7643317568373,2.2876529615951386,22.515250363248548,0.8666666666666667
179,18,0,17.718884518064833,2.3082529306936745,21.759851821198502,0.8666666666666667
179,19,0,17.75377220420938,2.0562856409354806,23.04440695012684,0.9166666666666666
179,20,0,17.4860920822281,2.6691166597103533,23.954236423304483,0.8
179,21,0,17.833824618179296,2.742314625186257,23.954236423304483,0.8333333333333334
179,22,0,17.789839362014433,2.30884556947999,23.092008838430104,0.8833333333333333
179,23,0,17.598946423018585,2.20681296822044,22.815817095717783,0.8666666666666667
179,24,0,17.29583394643831,2.0884377994081955,22.405981470755897,0.8333333333333334
179,25,0,17.420577807825794,2.0323210947706754,21.668234863479853,0.85
179,26,0,18.2225507077133,2.2833950628755995,24.24904855985034,0.8666666666666667
179,27,0,18.422437760949908,2.32807742563023,24.24904855985034,0.8666666666666667
179,28,0,18.255033286665302,2.465082471106505,24.51702062561326,0.8666666666666667
179,29,0,17.502775931883843,2.4845520068678373,24.51702062561326,0.8666666666666667
179,30,0,17.078528785992003,2.1184168530876812,21.099999345993623,0.8666666666666667
179,31,0,16.962626358367448,2.3841998368967827,22.75456888960748,0.7333333333333333
179,32,0,16.75384539024979,2.549682544480356,22.75456888960748,0.7333333333333333
179,33,0,16.93845158391261,2.560156267066327,21.525623343808036,0.8166666666666667
179,34,0,17.256231524648136,2.6852308764680983,22.62115187272196,0.8
179,35,0,17.25870151776492,2.949606294169618,23.63707907587749,0.7333333333333333
179,36,0,17.129123206034617,2.8188358422813127,23.63707907587749,0.7333333333333333
179,37,0,17.260645046205177,2.7376501576216623,22.36862296456773,0.7833333333333333
179,38,0,17.69930026831514,2.910442512093038,24.473125018321852,0.8
179,39,0,17.427048628150317,2.6453580723742705,24.473125018321852,0.7833333333333333
179,40,0,17.024213515984446,2.2777890762061497,22.058517388970746,0.7833333333333333
179,41,0,17.294069872271958,2.2983652482630887,22.058517388970746,0.8166666666666667
179,42,0,17.30726513754065,2.3403256620881656,21.813581144671545,0.7666666666666667
179,43,0,17.659934833754313,2.562985208972281,23.18669003255802,0.8
179,44,0,17.78737965242512,2.6772287922949114,23.18669003255802,0.85
179,45,0,17.873698080588937,2.6748797310850643,22.767398917475468,0.8666666666666667
179,46,0,18.42970207863389,2.630417710007098,23.442738664682576,0.9
